user_id,match_id,timestamp,event_name,kills,placement,damage,survival_time,weapon,rank,iap_revenue,country,platform,device,session_duration,days_since_install,version
BR_30020,M000211,2024-12-11T16:58:00Z,loot,0,0,0,0,AR-15,Master,0.0,BR,android,SamsungS23,554,0,3.0.1
BR_30029,M000266,2024-12-11T22:30:00Z,revive,0,0,0,0,,Gold,0.0,UK,android,SamsungS24,2496,0,3.0.0
BR_30079,M000681,2024-12-12T11:10:00Z,kill,0,0,98,0,SMG,Gold,0.0,KR,android,ROG Phone,3311,0,3.1.0
BR_30079,M000253,2024-12-12T11:23:00Z,loot,0,0,0,0,SMG,Gold,0.0,KR,android,ROG Phone,2619,0,3.0.1
BR_30079,M000520,2024-12-12T14:10:00Z,kill,3,0,499,0,Melee,Gold,0.0,KR,android,ROG Phone,462,0,3.0.0
BR_30020,M000557,2024-12-12T14:39:00Z,kill,1,0,132,0,SMG,Master,0.0,BR,android,SamsungS23,910,1,3.0.0
BR_30079,M000591,2024-12-12T18:27:00Z,death,0,0,0,0,,Gold,0.0,KR,android,ROG Phone,3295,0,3.0.0
BR_30084,M000574,2024-12-12T20:51:00Z,kill,1,0,225,0,Pistol,Gold,0.0,UK,console,Switch,1345,0,3.1.0
BR_30008,M000246,2024-12-12T21:12:00Z,match_start,0,0,0,0,,Gold,0.0,DE,android,SamsungS24,2719,0,3.1.0
BR_30079,M000568,2024-12-12T23:48:00Z,match_end,3,54,391,687,,Gold,0.0,KR,android,ROG Phone,3030,0,3.0.0
BR_30036,M000561,2024-12-13T10:27:00Z,kill,1,0,155,0,SMG,Bronze,0.0,BR,pc,RTX4090,750,0,3.0.0
BR_30074,M000764,2024-12-13T11:36:00Z,death,0,0,0,0,,Gold,0.0,FR,ios,iPhone15,2670,0,3.0.0
BR_30074,M000021,2024-12-13T12:56:00Z,match_start,0,0,0,0,,Gold,0.0,FR,ios,iPhone15,1004,0,3.0.0
BR_30036,M000287,2024-12-13T13:19:00Z,loot,0,0,0,0,Shotgun,Bronze,0.0,BR,pc,RTX4090,1694,0,3.0.0
BR_30020,M000435,2024-12-13T13:19:00Z,match_start,0,0,0,0,,Master,0.0,BR,android,SamsungS23,1818,2,3.1.0
BR_30074,M000311,2024-12-13T14:48:00Z,death,0,0,0,0,,Gold,0.0,FR,ios,iPhone15,521,0,3.0.1
BR_30036,M000511,2024-12-13T16:04:00Z,match_start,0,0,0,0,,Bronze,0.0,BR,pc,RTX4090,651,0,3.0.1
BR_30074,M000439,2024-12-13T16:14:00Z,death,0,0,0,0,,Gold,0.0,FR,ios,iPhone15,3141,0,3.0.1
BR_30036,M000208,2024-12-13T16:24:00Z,loot,0,0,0,0,AK-47,Bronze,0.0,BR,pc,RTX4090,3178,0,3.0.1
BR_30074,M000206,2024-12-13T16:36:00Z,loot,0,0,0,0,SMG,Gold,0.0,FR,ios,iPhone15,1094,0,3.0.0
BR_30074,M000390,2024-12-13T18:06:00Z,kill,1,0,290,0,Sniper,Gold,0.0,FR,ios,iPhone15,3186,0,3.0.1
BR_30084,M000061,2024-12-13T18:57:00Z,kill,3,0,372,0,AK-47,Gold,0.0,UK,console,Switch,1586,1,3.1.0
BR_30074,M000007,2024-12-13T19:09:00Z,match_start,0,0,0,0,,Gold,0.0,FR,ios,iPhone15,3473,0,3.0.1
BR_30029,M000512,2024-12-13T19:44:00Z,death,0,0,0,0,,Gold,0.0,UK,android,SamsungS24,2878,2,3.0.0
BR_30020,M000698,2024-12-13T20:30:00Z,kill,0,0,195,0,Shotgun,Master,0.0,BR,android,SamsungS23,639,2,3.1.0
BR_30036,M000703,2024-12-13T20:47:00Z,loot,0,0,0,0,Melee,Bronze,0.0,BR,pc,RTX4090,500,0,3.0.1
BR_30074,M000497,2024-12-13T21:10:00Z,kill,1,0,245,0,Sniper,Gold,0.0,FR,ios,iPhone15,2101,0,3.0.0
BR_30036,M000432,2024-12-13T21:59:00Z,loot,0,0,0,0,AR-15,Bronze,0.0,BR,pc,RTX4090,823,0,3.0.1
BR_30074,M000280,2024-12-13T22:42:00Z,match_start,0,0,0,0,,Gold,0.0,FR,ios,iPhone15,2214,0,3.0.0
BR_30004,M000792,2024-12-14T10:03:00Z,death,0,0,0,0,,Diamond,0.0,FR,android,SamsungS24,1206,0,3.0.0
BR_30058,M000582,2024-12-14T10:28:00Z,match_end,1,64,194,715,,Silver,0.0,MX,console,PS5,1522,3,3.1.0
BR_30065,M000702,2024-12-14T10:54:00Z,kill,0,0,151,0,Pistol,Gold,0.0,CA,android,SamsungS23,2872,0,3.1.0
BR_30020,M000332,2024-12-14T11:16:00Z,match_start,0,0,0,0,,Master,0.0,BR,android,SamsungS23,1193,3,3.1.0
BR_30065,M000321,2024-12-14T12:40:00Z,kill,2,0,384,0,AK-47,Gold,0.0,CA,android,SamsungS23,1287,0,3.1.0
BR_30036,M000413,2024-12-14T13:37:00Z,kill,2,0,202,0,M4A1,Bronze,0.0,BR,pc,RTX4090,3537,1,3.0.0
BR_30065,M000476,2024-12-14T16:13:00Z,death,0,0,0,0,,Gold,0.0,CA,android,SamsungS23,2890,0,3.1.0
BR_30036,M000615,2024-12-14T17:31:00Z,match_end,0,95,5,207,,Bronze,0.0,BR,pc,RTX4090,651,1,3.1.0
BR_30065,M000666,2024-12-14T17:53:00Z,kill,0,0,35,0,Melee,Gold,0.0,CA,android,SamsungS23,651,0,3.0.0
BR_30054,M000354,2024-12-14T18:11:00Z,kill,4,0,444,0,Shotgun,Silver,0.0,CA,ios,iPhone15Pro,2572,2,3.0.1
BR_30065,M000164,2024-12-14T19:13:00Z,match_start,0,0,0,0,,Gold,0.0,CA,android,SamsungS23,921,0,3.0.0
BR_30059,M000376,2024-12-14T20:36:00Z,loot,0,0,0,0,AK-47,Silver,0.0,BR,ios,iPad Pro,902,0,3.1.0
BR_30065,M000771,2024-12-14T20:50:00Z,kill,2,0,430,0,AK-47,Gold,0.0,CA,android,SamsungS23,2930,0,3.1.0
BR_30036,M000308,2024-12-14T21:45:00Z,loot,0,0,0,0,Sniper,Bronze,0.0,BR,pc,RTX4090,2375,1,3.0.0
BR_30065,M000757,2024-12-14T21:57:00Z,purchase,0,0,0,0,,Gold,0.0,CA,android,SamsungS23,1025,0,3.0.0
BR_30084,M000614,2024-12-15T14:19:00Z,kill,1,0,160,0,Shotgun,Gold,0.0,UK,console,Switch,1789,3,3.0.0
BR_30063,M000109,2024-12-15T14:31:00Z,match_start,0,0,0,0,,Bronze,0.0,DE,pc,RTX4090,1197,0,3.1.0
BR_30054,M000248,2024-12-15T15:40:00Z,loot,0,0,0,0,SMG,Silver,0.0,CA,ios,iPhone15Pro,1477,3,3.1.0
BR_30065,M000289,2024-12-15T20:23:00Z,kill,1,0,323,0,AR-15,Gold,0.0,CA,android,SamsungS23,2207,1,3.0.0
BR_30023,M000490,2024-12-16T10:53:00Z,death,0,0,0,0,,Platinum,0.0,BR,ios,iPhone15,3103,0,3.1.0
BR_30029,M000116,2024-12-16T12:07:00Z,match_end,0,96,172,258,,Gold,0.0,UK,android,SamsungS24,2416,5,3.0.1
BR_30023,M000110,2024-12-16T12:31:00Z,death,0,0,0,0,,Platinum,0.0,BR,ios,iPhone15,3456,0,3.0.1
BR_30072,M000460,2024-12-16T14:44:00Z,death,0,0,0,0,,Bronze,0.0,PL,android,SamsungS23,2607,2,3.1.0
BR_30063,M000140,2024-12-16T15:32:00Z,loot,0,0,0,0,AR-15,Bronze,0.0,DE,pc,RTX4090,1712,1,3.0.0
BR_30023,M000545,2024-12-16T18:47:00Z,loot,0,0,0,0,AK-47,Platinum,0.0,BR,ios,iPhone15,1205,0,3.1.0
BR_30023,M000604,2024-12-16T21:37:00Z,match_start,0,0,0,0,,Platinum,0.0,BR,ios,iPhone15,777,0,3.0.0
BR_30075,M000740,2024-12-16T21:44:00Z,match_end,3,60,365,590,,Platinum,0.0,KR,pc,RTX4090,364,0,3.1.0
BR_30072,M000510,2024-12-16T22:15:00Z,match_start,0,0,0,0,,Bronze,0.0,PL,android,SamsungS23,1422,2,3.0.1
BR_30084,M000421,2024-12-16T22:46:00Z,death,0,0,0,0,,Gold,0.0,UK,console,Switch,1101,4,3.0.1
BR_30023,M000741,2024-12-16T23:09:00Z,death,0,0,0,0,,Platinum,0.0,BR,ios,iPhone15,3054,0,3.0.0
BR_30023,M000641,2024-12-17T10:25:00Z,match_start,0,0,0,0,,Platinum,0.0,BR,ios,iPhone15,2673,1,3.0.1
BR_30063,M000538,2024-12-17T12:21:00Z,loot,0,0,0,0,AK-47,Bronze,0.0,DE,pc,RTX4090,3127,2,3.1.0
BR_30084,M000789,2024-12-17T13:59:00Z,kill,6,0,666,0,Shotgun,Gold,0.0,UK,console,Switch,2307,5,3.1.0
BR_30020,M000516,2024-12-17T14:21:00Z,purchase,0,0,0,0,,Master,14.99,BR,android,SamsungS23,1243,6,3.0.0
BR_30023,M000097,2024-12-17T14:41:00Z,kill,3,0,626,0,AK-47,Platinum,0.0,BR,ios,iPhone15,365,1,3.1.0
BR_30075,M000173,2024-12-17T16:28:00Z,death,0,0,0,0,,Platinum,0.0,KR,pc,RTX4090,1794,1,3.0.0
BR_30075,M000283,2024-12-17T17:22:00Z,match_start,0,0,0,0,,Platinum,0.0,KR,pc,RTX4090,2800,1,3.1.0
BR_30029,M000777,2024-12-17T17:43:00Z,kill,1,0,124,0,AK-47,Gold,0.0,UK,android,SamsungS24,3407,6,3.0.1
BR_30063,M000276,2024-12-17T17:54:00Z,kill,0,0,184,0,Melee,Bronze,0.0,DE,pc,RTX4090,822,2,3.0.0
BR_30084,M000696,2024-12-17T19:03:00Z,death,0,0,0,0,,Gold,0.0,UK,console,Switch,2743,5,3.0.1
BR_30072,M000123,2024-12-17T19:11:00Z,death,0,0,0,0,,Bronze,0.0,PL,android,SamsungS23,3370,3,3.1.0
BR_30075,M000548,2024-12-17T19:44:00Z,loot,0,0,0,0,AR-15,Platinum,0.0,KR,pc,RTX4090,322,1,3.0.0
BR_30020,M000577,2024-12-17T20:01:00Z,death,0,0,0,0,,Master,0.0,BR,android,SamsungS23,2663,6,3.0.0
BR_30039,M000407,2024-12-17T20:10:00Z,match_end,3,68,270,611,,Platinum,0.0,UK,pc,RX7900,1089,0,3.1.0
BR_30063,M000653,2024-12-17T23:12:00Z,loot,0,0,0,0,Shotgun,Bronze,0.0,DE,pc,RTX4090,1859,2,3.0.0
BR_30023,M000613,2024-12-17T23:52:00Z,kill,3,0,447,0,Melee,Platinum,0.0,BR,ios,iPhone15,2907,1,3.1.0
BR_30005,M000225,2024-12-18T10:12:00Z,match_end,4,57,551,647,,Bronze,0.0,MX,ios,iPhone15Pro,2569,0,3.0.1
BR_30007,M000112,2024-12-18T10:15:00Z,kill,8,0,1110,0,Pistol,Diamond,0.0,KR,console,Switch,1968,0,3.0.0
BR_30084,M000737,2024-12-18T10:56:00Z,death,0,0,0,0,,Gold,0.0,UK,console,Switch,3017,6,3.0.1
BR_30075,M000363,2024-12-18T10:59:00Z,match_start,0,0,0,0,,Platinum,0.0,KR,pc,RTX4090,2968,2,3.0.1
BR_30005,M000485,2024-12-18T11:10:00Z,match_start,0,0,0,0,,Bronze,0.0,MX,ios,iPhone15Pro,3297,0,3.0.0
BR_30084,M000334,2024-12-18T11:27:00Z,loot,0,0,0,0,Sniper,Gold,0.0,UK,console,Switch,3167,6,3.0.1
BR_30063,M000586,2024-12-18T11:28:00Z,kill,3,0,411,0,Shotgun,Bronze,0.0,DE,pc,RTX4090,592,3,3.0.0
BR_30005,M000251,2024-12-18T11:54:00Z,death,0,0,0,0,,Bronze,0.0,MX,ios,iPhone15Pro,2948,0,3.0.0
BR_30072,M000637,2024-12-18T12:25:00Z,loot,0,0,0,0,Pistol,Bronze,0.0,PL,android,SamsungS23,851,4,3.0.1
BR_30007,M000336,2024-12-18T13:27:00Z,loot,0,0,0,0,M4A1,Diamond,0.0,KR,console,Switch,1062,0,3.0.0
BR_30029,M000185,2024-12-18T13:36:00Z,purchase,0,0,0,0,,Gold,0.0,UK,android,SamsungS24,576,7,3.0.0
BR_30005,M000322,2024-12-18T13:58:00Z,match_end,3,76,305,475,,Bronze,0.0,MX,ios,iPhone15Pro,766,0,3.1.0
BR_30029,M000736,2024-12-18T14:46:00Z,kill,1,0,201,0,Shotgun,Gold,0.0,UK,android,SamsungS24,2225,7,3.0.0
BR_30029,M000327,2024-12-18T14:53:00Z,purchase,0,0,0,0,,Gold,0.0,UK,android,SamsungS24,2704,7,3.0.0
BR_30008,M000306,2024-12-18T15:06:00Z,loot,0,0,0,0,SMG,Gold,0.0,DE,android,SamsungS24,791,6,3.0.1
BR_30039,M000487,2024-12-18T15:33:00Z,kill,0,0,25,0,Sniper,Platinum,0.0,UK,pc,RX7900,612,1,3.0.1
BR_30005,M000772,2024-12-18T15:35:00Z,purchase,0,0,0,0,,Bronze,0.0,MX,ios,iPhone15Pro,2911,0,3.1.0
BR_30005,M000151,2024-12-18T15:42:00Z,purchase,0,0,0,0,,Bronze,0.0,MX,ios,iPhone15Pro,1780,0,3.1.0
BR_30005,M000323,2024-12-18T15:44:00Z,kill,1,0,111,0,SMG,Bronze,0.0,MX,ios,iPhone15Pro,589,0,3.1.0
BR_30005,M000715,2024-12-18T16:04:00Z,match_end,2,85,361,366,,Bronze,0.0,MX,ios,iPhone15Pro,2048,0,3.0.1
BR_30005,M000623,2024-12-18T16:09:00Z,kill,1,0,232,0,Shotgun,Bronze,0.0,MX,ios,iPhone15Pro,3201,0,3.1.0
BR_30005,M000665,2024-12-18T16:22:00Z,match_start,0,0,0,0,,Bronze,0.0,MX,ios,iPhone15Pro,2677,0,3.0.1
BR_30007,M000335,2024-12-18T16:49:00Z,match_start,0,0,0,0,,Diamond,0.0,KR,console,Switch,566,0,3.0.1
BR_30007,M000382,2024-12-18T17:38:00Z,match_end,3,64,595,488,,Diamond,0.0,KR,console,Switch,3085,0,3.0.1
BR_30005,M000459,2024-12-18T18:08:00Z,kill,1,0,99,0,Shotgun,Bronze,0.0,MX,ios,iPhone15Pro,1049,0,3.0.0
BR_30007,M000533,2024-12-18T18:44:00Z,kill,5,0,781,0,Sniper,Diamond,0.0,KR,console,Switch,2023,0,3.1.0
BR_30007,M000572,2024-12-18T18:54:00Z,kill,0,0,158,0,AK-47,Diamond,0.0,KR,console,Switch,3403,0,3.1.0
BR_30084,M000178,2024-12-18T19:14:00Z,match_start,0,0,0,0,,Gold,0.0,UK,console,Switch,2127,6,3.1.0
BR_30005,M000725,2024-12-18T19:23:00Z,purchase,0,0,0,0,,Bronze,0.0,MX,ios,iPhone15Pro,1733,0,3.0.0
BR_30084,M000026,2024-12-18T19:43:00Z,kill,0,0,137,0,SMG,Gold,0.0,UK,console,Switch,2856,6,3.0.0
BR_30059,M000417,2024-12-18T19:43:00Z,death,0,0,0,0,,Silver,0.0,BR,ios,iPad Pro,845,4,3.1.0
BR_30007,M000449,2024-12-18T19:54:00Z,death,0,0,0,0,,Diamond,0.0,KR,console,Switch,1288,0,3.0.0
BR_30007,M000730,2024-12-18T20:20:00Z,loot,0,0,0,0,Shotgun,Diamond,0.0,KR,console,Switch,2381,0,3.0.0
BR_30004,M000758,2024-12-18T20:28:00Z,match_end,0,52,131,769,,Diamond,0.0,FR,android,SamsungS24,454,4,3.0.1
BR_30005,M000375,2024-12-18T21:40:00Z,match_start,0,0,0,0,,Bronze,0.0,MX,ios,iPhone15Pro,2335,0,3.0.1
BR_30075,M000035,2024-12-18T21:51:00Z,loot,0,0,0,0,Melee,Platinum,0.0,KR,pc,RTX4090,1534,2,3.0.0
BR_30084,M000756,2024-12-18T22:16:00Z,kill,5,0,762,0,Melee,Gold,0.0,UK,console,Switch,1143,6,3.0.0
BR_30005,M000292,2024-12-18T22:20:00Z,death,0,0,0,0,,Bronze,0.0,MX,ios,iPhone15Pro,775,0,3.0.0
BR_30075,M000396,2024-12-18T23:24:00Z,kill,0,0,135,0,AK-47,Platinum,0.0,KR,pc,RTX4090,2099,2,3.1.0
BR_30072,M000524,2024-12-19T10:15:00Z,death,0,0,0,0,,Bronze,0.0,PL,android,SamsungS23,2353,5,3.1.0
BR_30012,M000526,2024-12-19T10:22:00Z,match_start,0,0,0,0,,Gold,0.0,KR,android,SamsungS24,1156,0,3.0.0
BR_30032,M000710,2024-12-19T10:32:00Z,kill,1,0,140,0,Melee,Master,0.0,US,android,SamsungS24,1082,0,3.0.1
BR_30075,M000424,2024-12-19T10:51:00Z,death,0,0,0,0,,Platinum,0.0,KR,pc,RTX4090,1440,3,3.0.0
BR_30039,M000479,2024-12-19T10:51:00Z,kill,2,0,272,0,Shotgun,Platinum,0.0,UK,pc,RX7900,2716,2,3.1.0
BR_30072,M000670,2024-12-19T11:19:00Z,kill,2,0,306,0,SMG,Bronze,0.0,PL,android,SamsungS23,1670,5,3.0.0
BR_30005,M000478,2024-12-19T12:37:00Z,kill,4,0,540,0,Shotgun,Bronze,0.0,MX,ios,iPhone15Pro,3053,1,3.0.0
BR_30047,M000305,2024-12-19T14:07:00Z,kill,4,0,426,0,Sniper,Diamond,0.0,MX,android,SamsungS24,1503,7,3.0.1
BR_30039,M000625,2024-12-19T15:13:00Z,match_start,0,0,0,0,,Platinum,0.0,UK,pc,RX7900,3008,2,3.1.0
BR_30039,M000004,2024-12-19T16:25:00Z,match_end,1,71,209,351,,Platinum,0.0,UK,pc,RX7900,2178,2,3.1.0
BR_30012,M000344,2024-12-19T16:49:00Z,kill,0,0,46,0,Melee,Gold,0.0,KR,android,SamsungS24,2200,0,3.0.1
BR_30012,M000519,2024-12-19T16:53:00Z,match_end,4,41,720,980,,Gold,0.0,KR,android,SamsungS24,2354,0,3.1.0
BR_30012,M000233,2024-12-19T18:01:00Z,kill,3,0,424,0,AK-47,Gold,0.0,KR,android,SamsungS24,1582,0,3.1.0
BR_30004,M000242,2024-12-19T18:09:00Z,kill,4,0,684,0,M4A1,Diamond,0.0,FR,android,SamsungS24,390,5,3.1.0
BR_30012,M000307,2024-12-19T18:28:00Z,match_end,6,60,867,778,,Gold,0.0,KR,android,SamsungS24,1244,0,3.1.0
BR_30005,M000558,2024-12-19T19:26:00Z,kill,3,0,458,0,SMG,Bronze,0.0,MX,ios,iPhone15Pro,2932,1,3.1.0
BR_30084,M000259,2024-12-19T19:31:00Z,death,0,0,0,0,,Gold,0.0,UK,console,Switch,1323,7,3.0.0
BR_30084,M000711,2024-12-19T19:33:00Z,death,0,0,0,0,,Gold,0.0,UK,console,Switch,1389,7,3.0.1
BR_30007,M000229,2024-12-19T19:40:00Z,kill,5,0,628,0,Pistol,Diamond,0.0,KR,console,Switch,1401,1,3.1.0
BR_30012,M000122,2024-12-19T20:04:00Z,kill,4,0,695,0,Pistol,Gold,0.0,KR,android,SamsungS24,751,0,3.0.1
BR_30032,M000646,2024-12-19T20:30:00Z,death,0,0,0,0,,Master,0.0,US,android,SamsungS24,2173,0,3.0.1
BR_30012,M000712,2024-12-19T21:44:00Z,match_end,1,39,214,981,,Gold,0.0,KR,android,SamsungS24,622,0,3.0.1
BR_30039,M000001,2024-12-19T21:50:00Z,kill,2,0,191,0,Pistol,Platinum,0.0,UK,pc,RX7900,1669,2,3.0.0
BR_30012,M000635,2024-12-19T21:55:00Z,purchase,0,0,0,0,,Gold,0.0,KR,android,SamsungS24,2338,0,3.0.0
BR_30012,M000349,2024-12-19T21:59:00Z,death,0,0,0,0,,Gold,0.0,KR,android,SamsungS24,1640,0,3.0.1
BR_30012,M000166,2024-12-19T22:55:00Z,purchase,0,0,0,0,,Gold,0.0,KR,android,SamsungS24,1769,0,3.1.0
BR_30012,M000351,2024-12-19T23:21:00Z,purchase,0,0,0,0,,Gold,0.0,KR,android,SamsungS24,745,0,3.0.1
BR_30007,M000135,2024-12-19T23:47:00Z,death,0,0,0,0,,Diamond,0.0,KR,console,Switch,552,1,3.1.0
BR_30037,M000051,2024-12-20T10:16:00Z,match_end,1,98,131,55,,Platinum,0.0,TR,android,ROG Phone,2260,1,3.0.0
BR_30003,M000315,2024-12-20T10:30:00Z,kill,2,0,266,0,Sniper,Gold,0.0,BR,android,SamsungS24,1216,0,3.1.0
BR_30041,M000205,2024-12-20T10:40:00Z,match_start,0,0,0,0,,Platinum,0.0,UK,android,SamsungS23,2135,0,3.0.1
BR_30072,M000755,2024-12-20T11:02:00Z,match_start,0,0,0,0,,Bronze,0.0,PL,android,SamsungS23,2074,6,3.0.1
BR_30003,M000431,2024-12-20T11:51:00Z,match_end,3,81,525,406,,Gold,0.0,BR,android,SamsungS24,1127,0,3.0.1
BR_30042,M000527,2024-12-20T12:03:00Z,kill,1,0,260,0,AK-47,Silver,0.0,UK,android,ROG Phone,1795,0,3.1.0
BR_30003,M000664,2024-12-20T12:05:00Z,kill,1,0,230,0,AK-47,Gold,0.0,BR,android,SamsungS24,1550,0,3.1.0
BR_30041,M000162,2024-12-20T12:43:00Z,death,0,0,0,0,,Platinum,0.0,UK,android,SamsungS23,671,0,3.0.0
BR_30003,M000358,2024-12-20T12:46:00Z,kill,3,0,463,0,Shotgun,Gold,0.0,BR,android,SamsungS24,3010,0,3.1.0
BR_30072,M000719,2024-12-20T13:22:00Z,kill,2,0,389,0,Sniper,Bronze,0.0,PL,android,SamsungS23,1106,6,3.1.0
BR_30041,M000022,2024-12-20T14:29:00Z,match_start,0,0,0,0,,Platinum,0.0,UK,android,SamsungS23,1932,0,3.0.0
BR_30003,M000705,2024-12-20T14:46:00Z,death,0,0,0,0,,Gold,0.0,BR,android,SamsungS24,525,0,3.0.0
BR_30075,M000049,2024-12-20T15:14:00Z,loot,0,0,0,0,AR-15,Platinum,0.0,KR,pc,RTX4090,2027,4,3.1.0
BR_30075,M000645,2024-12-20T16:38:00Z,kill,7,0,1014,0,Sniper,Platinum,0.0,KR,pc,RTX4090,581,4,3.0.1
BR_30003,M000120,2024-12-20T17:31:00Z,match_start,0,0,0,0,,Gold,0.0,BR,android,SamsungS24,375,0,3.1.0
BR_30059,M000074,2024-12-20T18:18:00Z,kill,0,0,140,0,AR-15,Silver,0.0,BR,ios,iPad Pro,2641,6,3.0.1
BR_30037,M000083,2024-12-20T18:36:00Z,loot,0,0,0,0,M4A1,Platinum,0.0,TR,android,ROG Phone,1122,1,3.0.0
BR_30003,M000387,2024-12-20T19:06:00Z,death,0,0,0,0,,Gold,0.0,BR,android,SamsungS24,452,0,3.1.0
BR_30041,M000129,2024-12-20T20:14:00Z,death,0,0,0,0,,Platinum,0.0,UK,android,SamsungS23,2634,0,3.0.1
BR_30008,M000202,2024-12-20T21:33:00Z,kill,4,0,463,0,SMG,Gold,0.0,DE,android,SamsungS24,303,8,3.1.0
BR_30008,M000044,2024-12-20T22:18:00Z,kill,3,0,320,0,Sniper,Gold,0.0,DE,android,SamsungS24,2686,8,3.0.1
BR_30054,M000675,2024-12-20T22:46:00Z,match_end,0,54,112,832,,Silver,0.0,CA,ios,iPhone15Pro,2142,8,3.0.0
BR_30041,M000430,2024-12-20T23:15:00Z,death,0,0,0,0,,Platinum,0.0,UK,android,SamsungS23,3192,0,3.1.0
BR_30041,M000310,2024-12-20T23:59:00Z,death,0,0,0,0,,Platinum,0.0,UK,android,SamsungS23,2446,0,3.1.0
BR_30039,M000200,2024-12-21T10:26:00Z,match_start,0,0,0,0,,Platinum,0.0,UK,pc,RX7900,2949,4,3.0.0
BR_30051,M000201,2024-12-21T10:51:00Z,kill,8,0,1154,0,M4A1,Master,0.0,CA,console,XboxSeriesX,557,0,3.1.0
BR_30051,M000788,2024-12-21T11:23:00Z,match_end,11,38,1337,1025,,Master,0.0,CA,console,XboxSeriesX,1366,0,3.1.0
BR_30022,M000148,2024-12-21T11:33:00Z,match_end,3,75,409,476,,Gold,0.0,BR,pc,RTX3080,2381,0,3.1.0
BR_30072,M000309,2024-12-21T11:33:00Z,loot,0,0,0,0,Melee,Bronze,0.0,PL,android,SamsungS23,3531,7,3.0.0
BR_30014,M000599,2024-12-21T11:42:00Z,death,0,0,0,0,,Master,0.0,DE,android,SamsungS23,1705,0,3.1.0
BR_30051,M000556,2024-12-21T11:52:00Z,kill,7,0,977,0,AK-47,Master,0.0,CA,console,XboxSeriesX,1667,0,3.0.1
BR_30072,M000401,2024-12-21T12:30:00Z,death,0,0,0,0,,Bronze,0.0,PL,android,SamsungS23,2753,7,3.1.0
BR_30014,M000567,2024-12-21T12:51:00Z,kill,3,0,529,0,AK-47,Master,0.0,DE,android,SamsungS23,3206,0,3.1.0
BR_30051,M000680,2024-12-21T12:54:00Z,kill,9,0,1406,0,Pistol,Master,0.0,CA,console,XboxSeriesX,2412,0,3.1.0
BR_30051,M000381,2024-12-21T13:23:00Z,death,0,0,0,0,,Master,0.0,CA,console,XboxSeriesX,653,0,3.1.0
BR_30022,M000364,2024-12-21T13:25:00Z,kill,2,0,229,0,Sniper,Gold,0.0,BR,pc,RTX3080,2114,0,3.0.1
BR_30039,M000446,2024-12-21T13:26:00Z,revive,0,0,0,0,,Platinum,0.0,UK,pc,RX7900,715,4,3.0.1
BR_30014,M000094,2024-12-21T13:57:00Z,death,0,0,0,0,,Master,0.0,DE,android,SamsungS23,2295,0,3.1.0
BR_30039,M000729,2024-12-21T14:27:00Z,death,0,0,0,0,,Platinum,0.0,UK,pc,RX7900,2061,4,3.1.0
BR_30004,M000099,2024-12-21T14:36:00Z,loot,0,0,0,0,M4A1,Diamond,0.0,FR,android,SamsungS24,597,7,3.0.1
BR_30051,M000188,2024-12-21T14:44:00Z,match_start,0,0,0,0,,Master,0.0,CA,console,XboxSeriesX,815,0,3.1.0
BR_30003,M000482,2024-12-21T14:48:00Z,revive,0,0,0,0,,Gold,0.0,BR,android,SamsungS24,1370,1,3.0.1
BR_30051,M000038,2024-12-21T17:38:00Z,kill,11,0,1551,0,Melee,Master,0.0,CA,console,XboxSeriesX,1619,0,3.1.0
BR_30014,M000147,2024-12-21T17:39:00Z,kill,7,0,953,0,Pistol,Master,0.0,DE,android,SamsungS23,2299,0,3.1.0
BR_30014,M000095,2024-12-21T17:53:00Z,loot,0,0,0,0,Pistol,Master,0.0,DE,android,SamsungS23,2297,0,3.1.0
BR_30014,M000013,2024-12-21T17:59:00Z,kill,8,0,866,0,SMG,Master,0.0,DE,android,SamsungS23,2426,0,3.0.0
BR_30037,M000790,2024-12-21T17:59:00Z,revive,0,0,0,0,,Platinum,0.0,TR,android,ROG Phone,451,2,3.0.1
BR_30014,M000317,2024-12-21T18:05:00Z,loot,0,0,0,0,AK-47,Master,0.0,DE,android,SamsungS23,1430,0,3.0.0
BR_30014,M000008,2024-12-21T18:55:00Z,loot,0,0,0,0,Melee,Master,0.0,DE,android,SamsungS23,1535,0,3.1.0
BR_30014,M000261,2024-12-21T19:01:00Z,kill,8,0,1192,0,M4A1,Master,0.0,DE,android,SamsungS23,777,0,3.1.0
BR_30072,M000560,2024-12-21T19:09:00Z,match_start,0,0,0,0,,Bronze,0.0,PL,android,SamsungS23,1411,7,3.0.0
BR_30051,M000754,2024-12-21T19:14:00Z,death,0,0,0,0,,Master,0.0,CA,console,XboxSeriesX,2329,0,3.0.0
BR_30014,M000291,2024-12-21T19:26:00Z,death,0,0,0,0,,Master,0.0,DE,android,SamsungS23,3536,0,3.0.0
BR_30004,M000483,2024-12-21T19:26:00Z,loot,0,0,0,0,AR-15,Diamond,0.0,FR,android,SamsungS24,3558,7,3.0.1
BR_30051,M000065,2024-12-21T19:47:00Z,match_end,5,17,786,1145,,Master,0.0,CA,console,XboxSeriesX,1075,0,3.0.1
BR_30014,M000573,2024-12-21T20:38:00Z,death,0,0,0,0,,Master,0.0,DE,android,SamsungS23,2441,0,3.0.0
BR_30075,M000046,2024-12-21T21:02:00Z,purchase,0,0,0,0,,Platinum,9.99,KR,pc,RTX4090,933,5,3.0.1
BR_30003,M000191,2024-12-21T21:08:00Z,kill,0,0,162,0,SMG,Gold,0.0,BR,android,SamsungS24,3497,1,3.1.0
BR_30014,M000209,2024-12-21T21:21:00Z,kill,3,0,570,0,SMG,Master,0.0,DE,android,SamsungS23,2428,0,3.1.0
BR_30014,M000196,2024-12-21T21:54:00Z,loot,0,0,0,0,Sniper,Master,0.0,DE,android,SamsungS23,3553,0,3.0.1
BR_30075,M000453,2024-12-21T22:17:00Z,revive,0,0,0,0,,Platinum,0.0,KR,pc,RTX4090,1222,5,3.0.1
BR_30051,M000648,2024-12-21T22:48:00Z,kill,1,0,209,0,M4A1,Master,0.0,CA,console,XboxSeriesX,681,0,3.1.0
BR_30014,M000118,2024-12-21T23:12:00Z,kill,5,0,601,0,Shotgun,Master,0.0,DE,android,SamsungS23,3371,0,3.0.1
BR_30054,M000746,2024-12-21T23:48:00Z,kill,6,0,811,0,M4A1,Silver,0.0,CA,ios,iPhone15Pro,2664,9,3.0.1
BR_30056,M000297,2024-12-22T10:11:00Z,kill,7,0,1036,0,Pistol,Diamond,0.0,JP,android,SamsungS24,2867,0,3.0.0
BR_30037,M000068,2024-12-22T10:34:00Z,match_end,0,73,94,399,,Platinum,0.0,TR,android,ROG Phone,361,3,3.0.1
BR_30054,M000412,2024-12-22T10:34:00Z,match_end,1,73,288,364,,Silver,0.0,CA,ios,iPhone15Pro,3463,10,3.1.0
BR_30037,M000366,2024-12-22T10:38:00Z,kill,2,0,411,0,AR-15,Platinum,0.0,TR,android,ROG Phone,474,3,3.0.1
BR_30056,M000250,2024-12-22T10:46:00Z,death,0,0,0,0,,Diamond,0.0,JP,android,SamsungS24,1073,0,3.0.0
BR_30037,M000149,2024-12-22T10:53:00Z,kill,1,0,159,0,SMG,Platinum,0.0,TR,android,ROG Phone,840,3,3.0.1
BR_30016,M000252,2024-12-22T11:10:00Z,death,0,0,0,0,,Diamond,0.0,UK,ios,iPhone15,1823,0,3.0.1
BR_30032,M000498,2024-12-22T11:20:00Z,match_start,0,0,0,0,,Master,0.0,US,android,SamsungS24,783,3,3.0.1
BR_30046,M000448,2024-12-22T11:33:00Z,death,0,0,0,0,,Platinum,0.0,FR,android,SamsungS24,1919,0,3.1.0
BR_30016,M000507,2024-12-22T11:48:00Z,kill,3,0,367,0,SMG,Diamond,0.0,UK,ios,iPhone15,1922,0,3.1.0
BR_30056,M000639,2024-12-22T11:50:00Z,revive,0,0,0,0,,Diamond,0.0,JP,android,SamsungS24,2747,0,3.1.0
BR_30016,M000406,2024-12-22T11:51:00Z,match_end,1,31,277,1026,,Diamond,0.0,UK,ios,iPhone15,1001,0,3.0.1
BR_30058,M000470,2024-12-22T12:21:00Z,death,0,0,0,0,,Silver,0.0,MX,console,PS5,3028,11,3.0.0
BR_30046,M000583,2024-12-22T13:00:00Z,match_end,7,63,1159,682,,Platinum,0.0,FR,android,SamsungS24,2600,0,3.0.0
BR_30046,M000052,2024-12-22T13:01:00Z,match_end,5,29,751,1064,,Platinum,0.0,FR,android,SamsungS24,3366,0,3.0.0
BR_30032,M000783,2024-12-22T13:15:00Z,loot,0,0,0,0,SMG,Master,0.0,US,android,SamsungS24,356,3,3.1.0
BR_30056,M000747,2024-12-22T13:21:00Z,revive,0,0,0,0,,Diamond,0.0,JP,android,SamsungS24,3070,0,3.1.0
BR_30056,M000279,2024-12-22T13:24:00Z,kill,2,0,290,0,AR-15,Diamond,0.0,JP,android,SamsungS24,312,0,3.0.0
BR_30056,M000657,2024-12-22T13:24:00Z,kill,6,0,903,0,AR-15,Diamond,0.0,JP,android,SamsungS24,1873,0,3.1.0
BR_30024,M000393,2024-12-22T13:31:00Z,loot,0,0,0,0,SMG,Silver,0.0,UK,android,SamsungS23,3336,0,3.1.0
BR_30031,M000215,2024-12-22T13:50:00Z,loot,0,0,0,0,AR-15,Platinum,0.0,US,ios,iPad Pro,1821,0,3.0.1
BR_30046,M000050,2024-12-22T13:53:00Z,loot,0,0,0,0,SMG,Platinum,0.0,FR,android,SamsungS24,3336,0,3.1.0
BR_30046,M000040,2024-12-22T13:54:00Z,match_start,0,0,0,0,,Platinum,0.0,FR,android,SamsungS24,2752,0,3.1.0
BR_30016,M000070,2024-12-22T13:58:00Z,match_end,3,53,459,606,,Diamond,0.0,UK,ios,iPhone15,2699,0,3.1.0
BR_30016,M000769,2024-12-22T14:27:00Z,match_start,0,0,0,0,,Diamond,0.0,UK,ios,iPhone15,1032,0,3.0.1
BR_30015,M000138,2024-12-22T14:53:00Z,death,0,0,0,0,,Diamond,0.0,TR,console,PS5,899,0,3.1.0
BR_30056,M000402,2024-12-22T14:58:00Z,kill,3,0,429,0,Pistol,Diamond,0.0,JP,android,SamsungS24,3284,0,3.1.0
BR_30016,M000189,2024-12-22T15:17:00Z,match_end,5,54,530,598,,Diamond,0.0,UK,ios,iPhone15,908,0,3.0.0
BR_30056,M000267,2024-12-22T15:24:00Z,death,0,0,0,0,,Diamond,0.0,JP,android,SamsungS24,2311,0,3.0.1
BR_30039,M000275,2024-12-22T15:30:00Z,match_start,0,0,0,0,,Platinum,0.0,UK,pc,RX7900,1668,5,3.0.0
BR_30056,M000630,2024-12-22T16:00:00Z,death,0,0,0,0,,Diamond,0.0,JP,android,SamsungS24,2696,0,3.0.1
BR_30039,M000134,2024-12-22T16:32:00Z,death,0,0,0,0,,Platinum,0.0,UK,pc,RX7900,458,5,3.0.0
BR_30046,M000689,2024-12-22T18:25:00Z,death,0,0,0,0,,Platinum,0.0,FR,android,SamsungS24,2689,0,3.0.0
BR_30056,M000514,2024-12-22T19:18:00Z,kill,2,0,429,0,M4A1,Diamond,0.0,JP,android,SamsungS24,3153,0,3.0.1
BR_30051,M000621,2024-12-22T19:23:00Z,kill,9,0,847,0,AK-47,Master,0.0,CA,console,XboxSeriesX,330,1,3.0.1
BR_30022,M000359,2024-12-22T19:24:00Z,loot,0,0,0,0,M4A1,Gold,0.0,BR,pc,RTX3080,1604,1,3.1.0
BR_30032,M000797,2024-12-22T19:33:00Z,match_start,0,0,0,0,,Master,0.0,US,android,SamsungS24,1067,3,3.0.1
BR_30016,M000752,2024-12-22T19:39:00Z,kill,3,0,438,0,M4A1,Diamond,0.0,UK,ios,iPhone15,1909,0,3.1.0
BR_30046,M000062,2024-12-22T19:42:00Z,loot,0,0,0,0,Melee,Platinum,0.0,FR,android,SamsungS24,461,0,3.0.1
BR_30056,M000515,2024-12-22T20:25:00Z,revive,0,0,0,0,,Diamond,0.0,JP,android,SamsungS24,2570,0,3.0.1
BR_30004,M000018,2024-12-22T21:10:00Z,death,0,0,0,0,,Diamond,0.0,FR,android,SamsungS24,1600,8,3.0.0
BR_30028,M000286,2024-12-22T21:23:00Z,revive,0,0,0,0,,Bronze,0.0,UK,pc,RX7900,2966,0,3.0.1
BR_30016,M000418,2024-12-22T21:31:00Z,loot,0,0,0,0,AK-47,Diamond,0.0,UK,ios,iPhone15,1457,0,3.0.0
BR_30056,M000379,2024-12-22T21:32:00Z,kill,5,0,697,0,AK-47,Diamond,0.0,JP,android,SamsungS24,3432,0,3.0.0
BR_30042,M000314,2024-12-22T21:40:00Z,death,0,0,0,0,,Silver,0.0,UK,android,ROG Phone,1321,2,3.0.0
BR_30056,M000184,2024-12-22T21:58:00Z,match_start,0,0,0,0,,Diamond,0.0,JP,android,SamsungS24,3254,0,3.1.0
BR_30016,M000707,2024-12-22T22:04:00Z,match_end,4,35,639,1013,,Diamond,0.0,UK,ios,iPhone15,530,0,3.0.1
BR_30046,M000400,2024-12-22T22:11:00Z,death,0,0,0,0,,Platinum,0.0,FR,android,SamsungS24,1025,0,3.0.0
BR_30056,M000207,2024-12-22T22:25:00Z,kill,5,0,560,0,AK-47,Diamond,0.0,JP,android,SamsungS24,2784,0,3.1.0
BR_30046,M000414,2024-12-22T22:36:00Z,death,0,0,0,0,,Platinum,0.0,FR,android,SamsungS24,3004,0,3.0.0
BR_30032,M000420,2024-12-22T23:09:00Z,match_start,0,0,0,0,,Master,0.0,US,android,SamsungS24,3235,3,3.0.0
BR_30046,M000037,2024-12-22T23:34:00Z,loot,0,0,0,0,M4A1,Platinum,0.0,FR,android,SamsungS24,3014,0,3.0.0
BR_30039,M000451,2024-12-22T23:54:00Z,kill,0,0,87,0,AR-15,Platinum,0.0,UK,pc,RX7900,1691,5,3.1.0
BR_30016,M000785,2024-12-22T23:54:00Z,death,0,0,0,0,,Diamond,0.0,UK,ios,iPhone15,982,0,3.1.0
BR_30037,M000505,2024-12-23T10:01:00Z,death,0,0,0,0,,Platinum,0.0,TR,android,ROG Phone,2573,4,3.1.0
BR_30044,M000506,2024-12-23T10:02:00Z,kill,0,0,163,0,SMG,Bronze,0.0,DE,pc,RTX3080,2495,0,3.0.0
BR_30075,M000277,2024-12-23T10:52:00Z,match_end,0,60,148,565,,Platinum,0.0,KR,pc,RTX4090,1035,7,3.0.1
BR_30044,M000152,2024-12-23T11:01:00Z,kill,1,0,260,0,Sniper,Bronze,0.0,DE,pc,RTX3080,1920,0,3.0.1
BR_30019,M000677,2024-12-23T12:03:00Z,match_start,0,0,0,0,,Gold,0.0,BR,console,PS5,788,0,3.0.1
BR_30044,M000285,2024-12-23T12:29:00Z,match_start,0,0,0,0,,Bronze,0.0,DE,pc,RTX3080,731,0,3.0.1
BR_30056,M000111,2024-12-23T13:04:00Z,match_end,6,44,876,888,,Diamond,0.0,JP,android,SamsungS24,1699,1,3.0.0
BR_30024,M000324,2024-12-23T13:46:00Z,death,0,0,0,0,,Silver,0.0,UK,android,SamsungS23,3348,1,3.0.0
BR_30044,M000782,2024-12-23T13:56:00Z,purchase,0,0,0,0,,Bronze,0.0,DE,pc,RTX3080,683,0,3.0.1
BR_30046,M000081,2024-12-23T14:22:00Z,revive,0,0,0,0,,Platinum,0.0,FR,android,SamsungS24,3184,1,3.0.1
BR_30032,M000395,2024-12-23T14:50:00Z,death,0,0,0,0,,Master,0.0,US,android,SamsungS24,2628,4,3.0.1
BR_30044,M000649,2024-12-23T15:28:00Z,kill,0,0,16,0,AK-47,Bronze,0.0,DE,pc,RTX3080,1952,0,3.0.0
BR_30075,M000025,2024-12-23T15:40:00Z,kill,3,0,386,0,Melee,Platinum,0.0,KR,pc,RTX4090,1081,7,3.1.0
BR_30028,M000629,2024-12-23T16:48:00Z,revive,0,0,0,0,,Bronze,0.0,UK,pc,RX7900,2326,1,3.0.0
BR_30032,M000458,2024-12-23T19:48:00Z,match_start,0,0,0,0,,Master,0.0,US,android,SamsungS24,2956,4,3.0.0
BR_30031,M000463,2024-12-23T20:41:00Z,kill,2,0,189,0,Sniper,Platinum,0.0,US,ios,iPad Pro,3225,1,3.0.0
BR_30044,M000190,2024-12-23T21:18:00Z,death,0,0,0,0,,Bronze,0.0,DE,pc,RTX3080,380,0,3.1.0
BR_30015,M000486,2024-12-23T21:44:00Z,death,0,0,0,0,,Diamond,0.0,TR,console,PS5,3079,1,3.0.0
BR_30015,M000440,2024-12-23T22:34:00Z,match_start,0,0,0,0,,Diamond,0.0,TR,console,PS5,2978,1,3.0.1
BR_30015,M000029,2024-12-23T23:13:00Z,kill,2,0,477,0,M4A1,Diamond,0.0,TR,console,PS5,444,1,3.0.0
BR_30070,M000399,2024-12-24T10:06:00Z,purchase,0,0,0,0,,Platinum,0.0,US,pc,RX7900,3349,0,3.1.0
BR_30031,M000159,2024-12-24T10:42:00Z,loot,0,0,0,0,Pistol,Platinum,0.0,US,ios,iPad Pro,640,2,3.1.0
BR_30080,M000687,2024-12-24T10:44:00Z,match_end,2,58,343,710,,Silver,0.0,JP,android,SamsungS23,1729,0,3.0.1
BR_30070,M000278,2024-12-24T11:04:00Z,kill,3,0,473,0,Melee,Platinum,0.0,US,pc,RX7900,891,0,3.0.1
BR_30047,M000180,2024-12-24T11:12:00Z,death,0,0,0,0,,Diamond,0.0,MX,android,SamsungS24,1505,12,3.0.0
BR_30067,M000273,2024-12-24T11:15:00Z,kill,2,0,277,0,AK-47,Gold,0.0,UK,console,PS5,2098,0,3.1.0
BR_30070,M000619,2024-12-24T11:35:00Z,death,0,0,0,0,,Platinum,0.0,US,pc,RX7900,3430,0,3.0.1
BR_30067,M000170,2024-12-24T11:56:00Z,match_end,4,31,571,890,,Gold,0.0,UK,console,PS5,3115,0,3.1.0
BR_30070,M000532,2024-12-24T12:13:00Z,kill,5,0,733,0,AK-47,Platinum,0.0,US,pc,RX7900,662,0,3.0.1
BR_30067,M000444,2024-12-24T12:14:00Z,purchase,0,0,0,0,,Gold,9.99,UK,console,PS5,1321,0,3.0.1
BR_30044,M000553,2024-12-24T12:21:00Z,kill,0,0,2,0,Sniper,Bronze,0.0,DE,pc,RTX3080,2066,1,3.0.0
BR_30069,M000778,2024-12-24T12:59:00Z,match_end,0,73,80,496,,Bronze,0.0,BR,pc,RTX3080,1768,0,3.0.1
BR_30080,M000389,2024-12-24T13:05:00Z,kill,1,0,125,0,AK-47,Silver,0.0,JP,android,SamsungS23,1273,0,3.1.0
BR_30080,M000303,2024-12-24T13:11:00Z,kill,0,0,100,0,Melee,Silver,0.0,JP,android,SamsungS23,3549,0,3.0.1
BR_30071,M000010,2024-12-24T13:29:00Z,match_start,0,0,0,0,,Platinum,0.0,KR,android,RedMagic,820,0,3.0.0
BR_30028,M000581,2024-12-24T13:40:00Z,kill,2,0,444,0,Melee,Bronze,0.0,UK,pc,RX7900,321,2,3.0.1
BR_30080,M000656,2024-12-24T13:56:00Z,kill,3,0,347,0,Shotgun,Silver,0.0,JP,android,SamsungS23,2631,0,3.0.0
BR_30019,M000236,2024-12-24T14:14:00Z,match_start,0,0,0,0,,Gold,0.0,BR,console,PS5,957,1,3.1.0
BR_30032,M000438,2024-12-24T14:14:00Z,match_start,0,0,0,0,,Master,0.0,US,android,SamsungS24,2561,5,3.0.1
BR_30069,M000405,2024-12-24T14:18:00Z,match_end,4,51,469,734,,Bronze,0.0,BR,pc,RTX3080,2797,0,3.0.0
BR_30067,M000523,2024-12-24T14:44:00Z,match_end,6,27,748,1153,,Gold,0.0,UK,console,PS5,1448,0,3.1.0
BR_30069,M000679,2024-12-24T14:48:00Z,kill,4,0,586,0,Sniper,Bronze,0.0,BR,pc,RTX3080,2933,0,3.1.0
BR_30080,M000223,2024-12-24T15:12:00Z,loot,0,0,0,0,Sniper,Silver,0.0,JP,android,SamsungS23,2503,0,3.1.0
BR_30044,M000219,2024-12-24T15:41:00Z,match_start,0,0,0,0,,Bronze,0.0,DE,pc,RTX3080,1376,1,3.0.0
BR_30080,M000676,2024-12-24T15:41:00Z,match_start,0,0,0,0,,Silver,0.0,JP,android,SamsungS23,2292,0,3.1.0
BR_30070,M000608,2024-12-24T15:53:00Z,kill,1,0,222,0,Sniper,Platinum,0.0,US,pc,RX7900,3175,0,3.0.0
BR_30069,M000691,2024-12-24T15:54:00Z,kill,4,0,690,0,AK-47,Bronze,0.0,BR,pc,RTX3080,2955,0,3.0.0
BR_30070,M000108,2024-12-24T16:02:00Z,match_end,4,66,595,546,,Platinum,0.0,US,pc,RX7900,933,0,3.1.0
BR_30067,M000316,2024-12-24T16:02:00Z,kill,0,0,192,0,Shotgun,Gold,0.0,UK,console,PS5,500,0,3.0.0
BR_30067,M000603,2024-12-24T16:15:00Z,death,0,0,0,0,,Gold,0.0,UK,console,PS5,304,0,3.0.1
BR_30071,M000735,2024-12-24T16:19:00Z,loot,0,0,0,0,Pistol,Platinum,0.0,KR,android,RedMagic,1557,0,3.1.0
BR_30024,M000163,2024-12-24T16:35:00Z,death,0,0,0,0,,Silver,0.0,UK,android,SamsungS23,3470,2,3.0.1
BR_30042,M000499,2024-12-24T16:42:00Z,death,0,0,0,0,,Silver,0.0,UK,android,ROG Phone,3142,4,3.0.0
BR_30069,M000220,2024-12-24T16:59:00Z,death,0,0,0,0,,Bronze,0.0,BR,pc,RTX3080,1676,0,3.1.0
BR_30028,M000312,2024-12-24T17:16:00Z,match_end,0,57,150,629,,Bronze,0.0,UK,pc,RX7900,1740,2,3.1.0
BR_30071,M000697,2024-12-24T17:21:00Z,kill,1,0,145,0,AK-47,Platinum,0.0,KR,android,RedMagic,3354,0,3.0.0
BR_30071,M000667,2024-12-24T17:26:00Z,match_end,1,84,252,256,,Platinum,0.0,KR,android,RedMagic,886,0,3.0.0
BR_30080,M000442,2024-12-24T17:39:00Z,kill,0,0,9,0,Melee,Silver,0.0,JP,android,SamsungS23,3542,0,3.0.0
BR_30080,M000067,2024-12-24T17:44:00Z,kill,0,0,145,0,M4A1,Silver,0.0,JP,android,SamsungS23,1090,0,3.1.0
BR_30022,M000235,2024-12-24T18:01:00Z,death,0,0,0,0,,Gold,0.0,BR,pc,RTX3080,754,3,3.1.0
BR_30067,M000704,2024-12-24T18:24:00Z,kill,4,0,554,0,SMG,Gold,0.0,UK,console,PS5,1753,0,3.0.0
BR_30080,M000102,2024-12-24T18:32:00Z,kill,1,0,128,0,AR-15,Silver,0.0,JP,android,SamsungS23,2444,0,3.0.0
BR_30037,M000125,2024-12-24T18:48:00Z,purchase,0,0,0,0,,Platinum,0.0,TR,android,ROG Phone,1917,5,3.0.0
BR_30070,M000791,2024-12-24T18:51:00Z,death,0,0,0,0,,Platinum,0.0,US,pc,RX7900,2423,0,3.1.0
BR_30070,M000391,2024-12-24T18:58:00Z,death,0,0,0,0,,Platinum,0.0,US,pc,RX7900,383,0,3.0.1
BR_30067,M000241,2024-12-24T19:12:00Z,match_start,0,0,0,0,,Gold,0.0,UK,console,PS5,2792,0,3.0.1
BR_30081,M000296,2024-12-24T19:17:00Z,death,0,0,0,0,,Master,0.0,TR,pc,RTX4090,355,0,3.0.1
BR_30069,M000461,2024-12-24T19:23:00Z,death,0,0,0,0,,Bronze,0.0,BR,pc,RTX3080,2473,0,3.1.0
BR_30080,M000655,2024-12-24T19:37:00Z,kill,0,0,151,0,AR-15,Silver,0.0,JP,android,SamsungS23,2830,0,3.0.1
BR_30069,M000721,2024-12-24T19:37:00Z,kill,1,0,186,0,Sniper,Bronze,0.0,BR,pc,RTX3080,2804,0,3.0.1
BR_30080,M000045,2024-12-24T20:04:00Z,match_end,3,66,383,687,,Silver,0.0,JP,android,SamsungS23,3389,0,3.1.0
BR_30069,M000690,2024-12-24T20:10:00Z,loot,0,0,0,0,Sniper,Bronze,0.0,BR,pc,RTX3080,1794,0,3.0.1
BR_30070,M000367,2024-12-24T20:31:00Z,kill,0,0,30,0,AR-15,Platinum,0.0,US,pc,RX7900,3152,0,3.0.1
BR_30015,M000172,2024-12-24T20:32:00Z,match_end,1,57,230,583,,Diamond,0.0,TR,console,PS5,1291,2,3.1.0
BR_30028,M000288,2024-12-24T20:33:00Z,death,0,0,0,0,,Bronze,0.0,UK,pc,RX7900,2137,2,3.0.0
BR_30070,M000651,2024-12-24T20:37:00Z,match_start,0,0,0,0,,Platinum,0.0,US,pc,RX7900,1715,0,3.1.0
BR_30015,M000124,2024-12-24T21:13:00Z,match_start,0,0,0,0,,Diamond,0.0,TR,console,PS5,3589,2,3.0.0
BR_30067,M000596,2024-12-24T21:47:00Z,revive,0,0,0,0,,Gold,0.0,UK,console,PS5,2735,0,3.1.0
BR_30071,M000373,2024-12-24T22:10:00Z,match_start,0,0,0,0,,Platinum,0.0,KR,android,RedMagic,2002,0,3.0.0
BR_30067,M000383,2024-12-24T22:12:00Z,match_start,0,0,0,0,,Gold,0.0,UK,console,PS5,1377,0,3.0.1
BR_30031,M000662,2024-12-24T22:38:00Z,kill,3,0,414,0,Melee,Platinum,0.0,US,ios,iPad Pro,1562,2,3.0.1
BR_30069,M000002,2024-12-24T22:49:00Z,kill,0,0,123,0,M4A1,Bronze,0.0,BR,pc,RTX3080,1801,0,3.0.1
BR_30067,M000654,2024-12-24T22:49:00Z,kill,2,0,300,0,AK-47,Gold,0.0,UK,console,PS5,3076,0,3.0.1
BR_30067,M000176,2024-12-24T23:00:00Z,kill,7,0,1006,0,M4A1,Gold,0.0,UK,console,PS5,976,0,3.1.0
BR_30070,M000626,2024-12-24T23:01:00Z,death,0,0,0,0,,Platinum,0.0,US,pc,RX7900,2153,0,3.1.0
BR_30067,M000165,2024-12-24T23:11:00Z,purchase,0,0,0,0,,Gold,4.99,UK,console,PS5,3301,0,3.1.0
BR_30001,M000793,2024-12-24T23:25:00Z,match_start,0,0,0,0,,Gold,0.0,BR,ios,iPhone15,563,0,3.0.1
BR_30070,M000647,2024-12-24T23:41:00Z,purchase,0,0,0,0,,Platinum,0.0,US,pc,RX7900,612,0,3.1.0
BR_30044,M000540,2024-12-24T23:52:00Z,kill,0,0,134,0,Melee,Bronze,0.0,DE,pc,RTX3080,1841,1,3.0.0
BR_30080,M000620,2024-12-25T10:09:00Z,death,0,0,0,0,,Silver,0.0,JP,android,SamsungS23,543,1,3.0.0
BR_30024,M000345,2024-12-25T10:35:00Z,kill,0,0,168,0,SMG,Silver,0.0,UK,android,SamsungS23,984,3,3.0.0
BR_30069,M000079,2024-12-25T11:31:00Z,match_start,0,0,0,0,,Bronze,0.0,BR,pc,RTX3080,3586,1,3.0.0
BR_30071,M000578,2024-12-25T12:03:00Z,loot,0,0,0,0,AK-47,Platinum,0.0,KR,android,RedMagic,3335,1,3.0.0
BR_30024,M000299,2024-12-25T12:17:00Z,match_start,0,0,0,0,,Silver,0.0,UK,android,SamsungS23,2320,3,3.0.0
BR_30001,M000048,2024-12-25T12:28:00Z,match_end,1,86,245,171,,Gold,0.0,BR,ios,iPhone15,1822,1,3.0.1
BR_30052,M000256,2024-12-25T12:33:00Z,kill,4,0,539,0,M4A1,Gold,0.0,DE,ios,iPad Pro,1344,1,3.0.1
BR_30031,M000224,2024-12-25T12:48:00Z,match_end,3,74,280,326,,Platinum,0.0,US,ios,iPad Pro,697,3,3.1.0
BR_30069,M000214,2024-12-25T12:55:00Z,loot,0,0,0,0,Melee,Bronze,0.0,BR,pc,RTX3080,860,1,3.0.1
BR_30019,M000536,2024-12-25T13:29:00Z,match_start,0,0,0,0,,Gold,0.0,BR,console,PS5,3473,2,3.1.0
BR_30081,M000158,2024-12-25T13:57:00Z,kill,3,0,516,0,Shotgun,Master,0.0,TR,pc,RTX4090,1530,1,3.1.0
BR_30052,M000091,2024-12-25T14:46:00Z,revive,0,0,0,0,,Gold,0.0,DE,ios,iPad Pro,2129,1,3.0.0
BR_30081,M000263,2024-12-25T14:51:00Z,death,0,0,0,0,,Master,0.0,TR,pc,RTX4090,1077,1,3.1.0
BR_30071,M000114,2024-12-25T15:23:00Z,kill,0,0,144,0,AK-47,Platinum,0.0,KR,android,RedMagic,3307,1,3.1.0
BR_30030,M000333,2024-12-25T18:28:00Z,kill,1,0,216,0,AK-47,Bronze,0.0,KR,ios,iPhone15Pro,795,0,3.0.0
BR_30069,M000624,2024-12-25T20:37:00Z,match_end,0,86,199,415,,Bronze,0.0,BR,pc,RTX3080,2566,1,3.0.1
BR_30067,M000098,2024-12-25T20:41:00Z,loot,0,0,0,0,Shotgun,Gold,0.0,UK,console,PS5,804,1,3.0.1
BR_30069,M000126,2024-12-25T21:01:00Z,match_start,0,0,0,0,,Bronze,0.0,BR,pc,RTX3080,2477,1,3.1.0
BR_30008,M000330,2024-12-25T21:25:00Z,death,0,0,0,0,,Gold,0.0,DE,android,SamsungS24,3179,13,3.1.0
BR_30069,M000562,2024-12-25T22:36:00Z,match_start,0,0,0,0,,Bronze,0.0,BR,pc,RTX3080,2089,1,3.1.0
BR_30028,M000024,2024-12-25T22:52:00Z,death,0,0,0,0,,Bronze,0.0,UK,pc,RX7900,2364,3,3.1.0
BR_30080,M000274,2024-12-25T23:19:00Z,match_end,0,81,138,361,,Silver,0.0,JP,android,SamsungS23,2211,1,3.1.0
BR_30024,M000718,2024-12-25T23:28:00Z,purchase,0,0,0,0,,Silver,0.0,UK,android,SamsungS23,3082,3,3.0.0
BR_30031,M000494,2024-12-26T10:21:00Z,kill,5,0,562,0,Sniper,Platinum,0.0,US,ios,iPad Pro,3395,4,3.1.0
BR_30025,M000531,2024-12-26T10:52:00Z,match_start,0,0,0,0,,Gold,0.0,US,android,RedMagic,3033,0,3.0.0
BR_30018,M000142,2024-12-26T11:23:00Z,loot,0,0,0,0,Sniper,Platinum,0.0,US,ios,iPhone15Pro,3294,0,3.0.1
BR_30032,M000800,2024-12-26T11:40:00Z,match_end,7,43,1192,820,,Master,0.0,US,android,SamsungS24,3268,7,3.0.0
BR_30025,M000465,2024-12-26T11:59:00Z,match_start,0,0,0,0,,Gold,0.0,US,android,RedMagic,1807,0,3.0.1
BR_30073,M000105,2024-12-26T12:01:00Z,match_start,0,0,0,0,,Silver,0.0,US,android,RedMagic,2105,0,3.1.0
BR_30025,M000033,2024-12-26T12:58:00Z,loot,0,0,0,0,M4A1,Gold,0.0,US,android,RedMagic,2142,0,3.1.0
BR_30073,M000427,2024-12-26T13:26:00Z,kill,0,0,117,0,AR-15,Silver,0.0,US,android,RedMagic,3153,0,3.1.0
BR_30018,M000398,2024-12-26T14:10:00Z,kill,0,0,142,0,Sniper,Platinum,0.0,US,ios,iPhone15Pro,958,0,3.0.0
BR_30001,M000694,2024-12-26T14:34:00Z,death,0,0,0,0,,Gold,0.0,BR,ios,iPhone15,3560,2,3.0.0
BR_30025,M000104,2024-12-26T14:54:00Z,match_end,2,66,399,502,,Gold,0.0,US,android,RedMagic,728,0,3.1.0
BR_30025,M000759,2024-12-26T15:47:00Z,loot,0,0,0,0,AK-47,Gold,0.0,US,android,RedMagic,2442,0,3.0.0
BR_30022,M000473,2024-12-26T16:21:00Z,loot,0,0,0,0,Pistol,Gold,0.0,BR,pc,RTX3080,579,5,3.0.0
BR_30073,M000080,2024-12-26T17:03:00Z,match_end,6,45,647,916,,Silver,0.0,US,android,RedMagic,1117,0,3.0.1
BR_30025,M000271,2024-12-26T18:08:00Z,revive,0,0,0,0,,Gold,0.0,US,android,RedMagic,2711,0,3.0.0
BR_30031,M000145,2024-12-26T19:09:00Z,kill,1,0,229,0,Melee,Platinum,0.0,US,ios,iPad Pro,2657,4,3.0.0
BR_30018,M000443,2024-12-26T19:46:00Z,death,0,0,0,0,,Platinum,0.0,US,ios,iPhone15Pro,3033,0,3.0.0
BR_30052,M000005,2024-12-26T19:57:00Z,kill,5,0,655,0,Pistol,Gold,0.0,DE,ios,iPad Pro,1506,2,3.0.0
BR_30015,M000096,2024-12-26T20:02:00Z,match_end,2,42,230,783,,Diamond,0.0,TR,console,PS5,2743,4,3.0.0
BR_30018,M000616,2024-12-26T20:10:00Z,loot,0,0,0,0,Melee,Platinum,0.0,US,ios,iPhone15Pro,2893,0,3.1.0
BR_30031,M000231,2024-12-26T20:11:00Z,kill,3,0,372,0,Melee,Platinum,0.0,US,ios,iPad Pro,3341,4,3.0.0
BR_30018,M000198,2024-12-26T20:24:00Z,match_start,0,0,0,0,,Platinum,0.0,US,ios,iPhone15Pro,1012,0,3.0.0
BR_30025,M000457,2024-12-26T20:24:00Z,loot,0,0,0,0,AR-15,Gold,0.0,US,android,RedMagic,3525,0,3.0.0
BR_30019,M000264,2024-12-26T20:37:00Z,match_start,0,0,0,0,,Gold,0.0,BR,console,PS5,1864,3,3.0.0
BR_30024,M000775,2024-12-26T20:42:00Z,loot,0,0,0,0,AR-15,Silver,0.0,UK,android,SamsungS23,2433,4,3.1.0
BR_30073,M000530,2024-12-26T20:48:00Z,match_start,0,0,0,0,,Silver,0.0,US,android,RedMagic,3592,0,3.0.0
BR_30076,M000047,2024-12-26T20:52:00Z,match_start,0,0,0,0,,Gold,0.0,BR,pc,RTX3080,679,3,3.0.1
BR_30073,M000423,2024-12-26T20:55:00Z,kill,0,0,138,0,AR-15,Silver,0.0,US,android,RedMagic,2374,0,3.0.0
BR_30030,M000454,2024-12-26T21:47:00Z,death,0,0,0,0,,Bronze,0.0,KR,ios,iPhone15Pro,911,1,3.0.1
BR_30022,M000377,2024-12-26T22:06:00Z,death,0,0,0,0,,Gold,0.0,BR,pc,RTX3080,896,5,3.1.0
BR_30052,M000753,2024-12-26T22:08:00Z,purchase,0,0,0,0,,Gold,9.99,DE,ios,iPad Pro,1687,2,3.1.0
BR_30066,M000239,2024-12-26T22:11:00Z,purchase,0,0,0,0,,Silver,0.0,CA,pc,RTX4080,2806,3,3.0.0
BR_30025,M000552,2024-12-26T22:40:00Z,match_end,0,61,141,637,,Gold,0.0,US,android,RedMagic,2712,0,3.1.0
BR_30073,M000054,2024-12-26T23:14:00Z,death,0,0,0,0,,Silver,0.0,US,android,RedMagic,1300,0,3.1.0
BR_30018,M000034,2024-12-26T23:17:00Z,death,0,0,0,0,,Platinum,0.0,US,ios,iPhone15Pro,698,0,3.0.0
BR_30073,M000012,2024-12-26T23:38:00Z,death,0,0,0,0,,Silver,0.0,US,android,RedMagic,1792,0,3.0.0
BR_30081,M000195,2024-12-27T10:17:00Z,kill,3,0,356,0,Melee,Master,0.0,TR,pc,RTX4090,2372,3,3.0.1
BR_30004,M000716,2024-12-27T10:30:00Z,kill,4,0,707,0,M4A1,Diamond,0.0,FR,android,SamsungS24,3428,13,3.1.0
BR_30066,M000346,2024-12-27T10:34:00Z,match_start,0,0,0,0,,Silver,0.0,CA,pc,RTX4080,2411,4,3.0.1
BR_30022,M000575,2024-12-27T11:46:00Z,kill,1,0,241,0,SMG,Gold,0.0,BR,pc,RTX3080,757,6,3.0.1
BR_30081,M000682,2024-12-27T12:30:00Z,death,0,0,0,0,,Master,0.0,TR,pc,RTX4090,2181,3,3.0.1
BR_30050,M000199,2024-12-27T12:42:00Z,death,0,0,0,0,,Silver,0.0,MX,android,SamsungS23,3099,2,3.0.1
BR_30022,M000488,2024-12-27T13:00:00Z,loot,0,0,0,0,Melee,Gold,0.0,BR,pc,RTX3080,2521,6,3.0.1
BR_30024,M000355,2024-12-27T14:28:00Z,kill,1,0,157,0,Shotgun,Silver,0.0,UK,android,SamsungS23,2456,5,3.0.1
BR_30073,M000774,2024-12-27T14:37:00Z,loot,0,0,0,0,M4A1,Silver,0.0,US,android,RedMagic,1922,1,3.1.0
BR_30052,M000733,2024-12-27T14:43:00Z,kill,0,0,35,0,SMG,Gold,0.0,DE,ios,iPad Pro,2094,3,3.1.0
BR_30025,M000543,2024-12-27T14:48:00Z,kill,2,0,256,0,M4A1,Gold,0.0,US,android,RedMagic,2085,1,3.0.1
BR_30047,M000794,2024-12-27T15:18:00Z,match_start,0,0,0,0,,Diamond,0.0,MX,android,SamsungS24,2335,15,3.0.1
BR_30049,M000685,2024-12-27T15:32:00Z,match_end,3,40,506,858,,Platinum,0.0,US,android,SamsungS24,1382,0,3.1.0
BR_30031,M000549,2024-12-27T15:39:00Z,kill,4,0,473,0,Shotgun,Platinum,0.0,US,ios,iPad Pro,818,5,3.0.0
BR_30068,M000353,2024-12-27T15:41:00Z,kill,3,0,455,0,SMG,Platinum,0.0,US,android,ROG Phone,2641,0,3.1.0
BR_30055,M000632,2024-12-27T16:06:00Z,match_end,0,56,192,723,,Silver,0.0,BR,ios,iPhone15,2917,0,3.1.0
BR_30066,M000559,2024-12-27T17:18:00Z,match_start,0,0,0,0,,Silver,0.0,CA,pc,RTX4080,2523,4,3.0.0
BR_30022,M000709,2024-12-27T17:22:00Z,kill,1,0,190,0,M4A1,Gold,0.0,BR,pc,RTX3080,1666,6,3.0.0
BR_30021,M000101,2024-12-27T18:29:00Z,match_end,3,60,276,562,,Bronze,0.0,US,android,RedMagic,1569,0,3.0.1
BR_30082,M000742,2024-12-27T18:49:00Z,death,0,0,0,0,,Silver,0.0,BR,ios,iPhone15,2345,0,3.0.1
BR_30031,M000011,2024-12-27T19:16:00Z,revive,0,0,0,0,,Platinum,0.0,US,ios,iPad Pro,3245,5,3.0.0
BR_30081,M000455,2024-12-27T19:42:00Z,revive,0,0,0,0,,Master,0.0,TR,pc,RTX4090,3464,3,3.1.0
BR_30031,M000056,2024-12-27T20:00:00Z,kill,1,0,176,0,Shotgun,Platinum,0.0,US,ios,iPad Pro,2454,5,3.1.0
BR_30030,M000415,2024-12-27T20:15:00Z,match_end,3,77,527,356,,Bronze,0.0,KR,ios,iPhone15Pro,2734,2,3.0.0
BR_30028,M000370,2024-12-27T20:45:00Z,kill,2,0,309,0,SMG,Bronze,0.0,UK,pc,RX7900,990,5,3.1.0
BR_30068,M000731,2024-12-27T21:04:00Z,death,0,0,0,0,,Platinum,0.0,US,android,ROG Phone,1897,0,3.0.0
BR_30018,M000544,2024-12-27T22:00:00Z,kill,0,0,77,0,SMG,Platinum,0.0,US,ios,iPhone15Pro,3207,1,3.0.0
BR_30024,M000107,2024-12-27T23:30:00Z,kill,2,0,252,0,Sniper,Silver,0.0,UK,android,SamsungS23,1147,5,3.0.0
BR_30050,M000744,2024-12-27T23:31:00Z,death,0,0,0,0,,Silver,0.0,MX,android,SamsungS23,751,2,3.1.0
BR_30022,M000282,2024-12-27T23:36:00Z,death,0,0,0,0,,Gold,0.0,BR,pc,RTX3080,1471,6,3.0.1
BR_30068,M000668,2024-12-27T23:58:00Z,death,0,0,0,0,,Platinum,0.0,US,android,ROG Phone,1425,0,3.0.0
BR_30054,M000763,2024-12-28T10:09:00Z,death,0,0,0,0,,Silver,0.0,CA,ios,iPhone15Pro,1052,16,3.1.0
BR_30001,M000644,2024-12-28T12:12:00Z,match_start,0,0,0,0,,Gold,0.0,BR,ios,iPhone15,3595,4,3.0.0
BR_30052,M000121,2024-12-28T12:19:00Z,revive,0,0,0,0,,Gold,0.0,DE,ios,iPad Pro,2168,4,3.0.0
BR_30031,M000133,2024-12-28T12:37:00Z,death,0,0,0,0,,Platinum,0.0,US,ios,iPad Pro,677,6,3.1.0
BR_30015,M000550,2024-12-28T13:21:00Z,kill,6,0,591,0,Melee,Diamond,0.0,TR,console,PS5,1663,6,3.0.0
BR_30083,M000187,2024-12-28T13:26:00Z,match_end,3,71,287,354,,Bronze,0.0,KR,android,ROG Phone,2911,0,3.0.1
BR_30015,M000547,2024-12-28T13:49:00Z,kill,7,0,852,0,Pistol,Diamond,0.0,TR,console,PS5,1209,6,3.1.0
BR_30019,M000342,2024-12-28T13:56:00Z,revive,0,0,0,0,,Gold,0.0,BR,console,PS5,355,5,3.1.0
BR_30083,M000183,2024-12-28T14:24:00Z,death,0,0,0,0,,Bronze,0.0,KR,android,ROG Phone,773,0,3.0.1
BR_30068,M000394,2024-12-28T15:07:00Z,revive,0,0,0,0,,Platinum,0.0,US,android,ROG Phone,1067,1,3.1.0
BR_30030,M000156,2024-12-28T15:22:00Z,death,0,0,0,0,,Bronze,0.0,KR,ios,iPhone15Pro,2990,3,3.1.0
BR_30083,M000392,2024-12-28T17:10:00Z,loot,0,0,0,0,AK-47,Bronze,0.0,KR,android,ROG Phone,3171,0,3.0.1
BR_30083,M000426,2024-12-28T17:24:00Z,kill,0,0,35,0,SMG,Bronze,0.0,KR,android,ROG Phone,602,0,3.0.0
BR_30019,M000462,2024-12-28T17:45:00Z,match_end,1,100,220,107,,Gold,0.0,BR,console,PS5,3080,5,3.1.0
BR_30021,M000386,2024-12-28T18:26:00Z,match_start,0,0,0,0,,Bronze,0.0,US,android,RedMagic,3327,1,3.0.0
BR_30083,M000600,2024-12-28T18:41:00Z,death,0,0,0,0,,Bronze,0.0,KR,android,ROG Phone,1828,0,3.1.0
BR_30050,M000466,2024-12-28T19:10:00Z,death,0,0,0,0,,Silver,0.0,MX,android,SamsungS23,1795,3,3.1.0
BR_30052,M000425,2024-12-28T19:19:00Z,match_end,4,64,599,652,,Gold,0.0,DE,ios,iPad Pro,2644,4,3.1.0
BR_30083,M000643,2024-12-28T19:43:00Z,kill,4,0,772,0,AR-15,Bronze,0.0,KR,android,ROG Phone,1794,0,3.1.0
BR_30052,M000452,2024-12-28T19:46:00Z,death,0,0,0,0,,Gold,0.0,DE,ios,iPad Pro,2007,4,3.1.0
BR_30021,M000634,2024-12-28T19:49:00Z,match_start,0,0,0,0,,Bronze,0.0,US,android,RedMagic,785,1,3.1.0
BR_30050,M000492,2024-12-28T19:57:00Z,match_end,0,57,113,787,,Silver,0.0,MX,android,SamsungS23,2020,3,3.0.1
BR_30033,M000404,2024-12-28T20:09:00Z,kill,3,0,507,0,AR-15,Diamond,0.0,JP,console,PS5,3149,0,3.0.1
BR_30022,M000762,2024-12-28T20:17:00Z,kill,1,0,317,0,AR-15,Gold,0.0,BR,pc,RTX3080,1925,7,3.1.0
BR_30083,M000642,2024-12-28T20:28:00Z,loot,0,0,0,0,AK-47,Bronze,0.0,KR,android,ROG Phone,1158,0,3.0.1
BR_30083,M000243,2024-12-28T21:18:00Z,death,0,0,0,0,,Bronze,0.0,KR,android,ROG Phone,746,0,3.0.1
BR_30033,M000508,2024-12-28T21:29:00Z,kill,4,0,494,0,AK-47,Diamond,0.0,JP,console,PS5,562,0,3.1.0
BR_30042,M000504,2024-12-28T21:57:00Z,match_start,0,0,0,0,,Silver,0.0,UK,android,ROG Phone,1906,8,3.1.0
BR_30083,M000589,2024-12-28T22:51:00Z,kill,5,0,727,0,SMG,Bronze,0.0,KR,android,ROG Phone,1858,0,3.0.1
BR_30033,M000100,2024-12-28T22:59:00Z,death,0,0,0,0,,Diamond,0.0,JP,console,PS5,3401,0,3.1.0
BR_30033,M000429,2024-12-28T23:53:00Z,match_start,0,0,0,0,,Diamond,0.0,JP,console,PS5,542,0,3.0.1
BR_30076,M000328,2024-12-29T10:14:00Z,death,0,0,0,0,,Gold,0.0,BR,pc,RTX3080,3497,6,3.0.1
BR_30027,M000213,2024-12-29T10:15:00Z,kill,2,0,270,0,Shotgun,Bronze,0.0,UK,android,SamsungS23,396,0,3.0.0
BR_30068,M000598,2024-12-29T10:52:00Z,match_start,0,0,0,0,,Platinum,0.0,US,android,ROG Phone,434,2,3.0.1
BR_30027,M000445,2024-12-29T12:06:00Z,death,0,0,0,0,,Bronze,0.0,UK,android,SamsungS23,1214,0,3.1.0
BR_30066,M000602,2024-12-29T12:15:00Z,match_start,0,0,0,0,,Silver,0.0,CA,pc,RTX4080,1606,6,3.0.1
BR_30001,M000284,2024-12-29T12:37:00Z,revive,0,0,0,0,,Gold,0.0,BR,ios,iPhone15,2732,5,3.0.0
BR_30015,M000528,2024-12-29T12:39:00Z,death,0,0,0,0,,Diamond,0.0,TR,console,PS5,1653,7,3.0.0
BR_30027,M000117,2024-12-29T13:16:00Z,match_end,2,74,216,503,,Bronze,0.0,UK,android,SamsungS23,361,0,3.1.0
BR_30049,M000352,2024-12-29T13:41:00Z,death,0,0,0,0,,Platinum,0.0,US,android,SamsungS24,358,2,3.1.0
BR_30076,M000073,2024-12-29T14:25:00Z,kill,4,0,578,0,M4A1,Gold,0.0,BR,pc,RTX3080,3209,6,3.1.0
BR_30027,M000115,2024-12-29T15:39:00Z,kill,0,0,64,0,Sniper,Bronze,0.0,UK,android,SamsungS23,1498,0,3.0.0
BR_30027,M000039,2024-12-29T15:45:00Z,kill,2,0,340,0,Pistol,Bronze,0.0,UK,android,SamsungS23,2400,0,3.1.0
BR_30068,M000529,2024-12-29T15:52:00Z,death,0,0,0,0,,Platinum,0.0,US,android,ROG Phone,2748,2,3.0.1
BR_30052,M000194,2024-12-29T16:21:00Z,revive,0,0,0,0,,Gold,0.0,DE,ios,iPad Pro,1662,5,3.0.0
BR_30027,M000408,2024-12-29T16:26:00Z,death,0,0,0,0,,Bronze,0.0,UK,android,SamsungS23,3391,0,3.0.1
BR_30027,M000622,2024-12-29T17:07:00Z,loot,0,0,0,0,SMG,Bronze,0.0,UK,android,SamsungS23,1231,0,3.0.1
BR_30024,M000341,2024-12-29T17:41:00Z,match_start,0,0,0,0,,Silver,0.0,UK,android,SamsungS23,3136,7,3.0.0
BR_30066,M000489,2024-12-29T17:48:00Z,loot,0,0,0,0,SMG,Silver,0.0,CA,pc,RTX4080,1422,6,3.0.0
BR_30082,M000174,2024-12-29T17:59:00Z,revive,0,0,0,0,,Silver,0.0,BR,ios,iPhone15,1293,2,3.1.0
BR_30021,M000368,2024-12-29T18:06:00Z,kill,5,0,603,0,SMG,Bronze,0.0,US,android,RedMagic,1167,2,3.0.1
BR_30083,M000481,2024-12-29T18:13:00Z,match_start,0,0,0,0,,Bronze,0.0,KR,android,ROG Phone,2526,1,3.1.0
BR_30031,M000734,2024-12-29T18:29:00Z,death,0,0,0,0,,Platinum,0.0,US,ios,iPad Pro,703,7,3.1.0
BR_30083,M000610,2024-12-29T19:41:00Z,match_start,0,0,0,0,,Bronze,0.0,KR,android,ROG Phone,1992,1,3.1.0
BR_30024,M000237,2024-12-29T19:53:00Z,death,0,0,0,0,,Silver,0.0,UK,android,SamsungS23,327,7,3.0.1
BR_30027,M000257,2024-12-29T22:46:00Z,death,0,0,0,0,,Bronze,0.0,UK,android,SamsungS23,1052,0,3.0.1
BR_30027,M000570,2024-12-29T23:05:00Z,death,0,0,0,0,,Bronze,0.0,UK,android,SamsungS23,466,0,3.0.0
BR_30033,M000076,2024-12-29T23:13:00Z,death,0,0,0,0,,Diamond,0.0,JP,console,PS5,1632,1,3.0.0
BR_30024,M000293,2024-12-29T23:40:00Z,death,0,0,0,0,,Silver,0.0,UK,android,SamsungS23,3388,7,3.0.0
BR_30085,M000584,2024-12-30T10:20:00Z,death,0,0,0,0,,Diamond,0.0,BR,android,SamsungS24,2189,0,3.0.0
BR_30019,M000331,2024-12-30T10:26:00Z,match_end,0,87,71,424,,Gold,0.0,BR,console,PS5,1826,7,3.0.1
BR_30043,M000419,2024-12-30T10:28:00Z,match_end,4,67,581,572,,Silver,0.0,PL,android,SamsungS23,886,0,3.1.0
BR_30043,M000036,2024-12-30T10:35:00Z,purchase,0,0,0,0,,Silver,0.0,PL,android,SamsungS23,817,0,3.0.1
BR_30021,M000672,2024-12-30T11:09:00Z,loot,0,0,0,0,Sniper,Bronze,0.0,US,android,RedMagic,1257,3,3.1.0
BR_30043,M000177,2024-12-30T11:53:00Z,match_start,0,0,0,0,,Silver,0.0,PL,android,SamsungS23,1777,0,3.0.0
BR_30085,M000058,2024-12-30T11:59:00Z,kill,12,0,1712,0,SMG,Diamond,0.0,BR,android,SamsungS24,2739,0,3.0.1
BR_30085,M000232,2024-12-30T12:54:00Z,match_end,10,1,1386,1419,,Diamond,0.0,BR,android,SamsungS24,2387,0,3.0.0
BR_30085,M000388,2024-12-30T13:21:00Z,purchase,0,0,0,0,,Diamond,39.99,BR,android,SamsungS24,3597,0,3.0.1
BR_30066,M000611,2024-12-30T14:21:00Z,match_end,4,57,510,774,,Silver,0.0,CA,pc,RTX4080,3386,7,3.1.0
BR_30085,M000304,2024-12-30T14:37:00Z,match_start,0,0,0,0,,Diamond,0.0,BR,android,SamsungS24,1912,0,3.1.0
BR_30027,M000728,2024-12-30T14:38:00Z,purchase,0,0,0,0,,Bronze,0.0,UK,android,SamsungS23,3483,1,3.0.0
BR_30081,M000748,2024-12-30T14:44:00Z,kill,5,0,571,0,Pistol,Master,0.0,TR,pc,RTX4090,890,6,3.1.0
BR_30055,M000075,2024-12-30T14:46:00Z,kill,2,0,369,0,Sniper,Silver,0.0,BR,ios,iPhone15,2009,3,3.0.0
BR_30085,M000474,2024-12-30T15:04:00Z,death,0,0,0,0,,Diamond,0.0,BR,android,SamsungS24,3309,0,3.0.0
BR_30043,M000502,2024-12-30T15:15:00Z,match_start,0,0,0,0,,Silver,0.0,PL,android,SamsungS23,2009,0,3.1.0
BR_30085,M000203,2024-12-30T16:06:00Z,match_end,8,8,854,1353,,Diamond,0.0,BR,android,SamsungS24,651,0,3.1.0
BR_30085,M000055,2024-12-30T16:37:00Z,kill,3,0,334,0,SMG,Diamond,0.0,BR,android,SamsungS24,2606,0,3.0.1
BR_30043,M000636,2024-12-30T17:03:00Z,death,0,0,0,0,,Silver,0.0,PL,android,SamsungS23,687,0,3.1.0
BR_30043,M000798,2024-12-30T17:09:00Z,revive,0,0,0,0,,Silver,0.0,PL,android,SamsungS23,3205,0,3.0.0
BR_30027,M000260,2024-12-30T17:12:00Z,kill,1,0,259,0,AR-15,Bronze,0.0,UK,android,SamsungS23,2109,1,3.0.1
BR_30043,M000155,2024-12-30T18:47:00Z,loot,0,0,0,0,Sniper,Silver,0.0,PL,android,SamsungS23,2567,0,3.0.1
BR_30043,M000060,2024-12-30T18:51:00Z,revive,0,0,0,0,,Silver,0.0,PL,android,SamsungS23,2957,0,3.1.0
BR_30009,M000222,2024-12-30T19:09:00Z,revive,0,0,0,0,,Bronze,0.0,UK,pc,RTX4090,1610,1,3.1.0
BR_30085,M000693,2024-12-30T19:24:00Z,loot,0,0,0,0,Shotgun,Diamond,0.0,BR,android,SamsungS24,1616,0,3.1.0
BR_30068,M000467,2024-12-30T20:39:00Z,match_start,0,0,0,0,,Platinum,0.0,US,android,ROG Phone,1350,3,3.0.0
BR_30085,M000628,2024-12-30T20:40:00Z,match_start,0,0,0,0,,Diamond,0.0,BR,android,SamsungS24,1178,0,3.1.0
BR_30085,M000732,2024-12-30T20:43:00Z,death,0,0,0,0,,Diamond,0.0,BR,android,SamsungS24,3462,0,3.0.0
BR_30085,M000128,2024-12-30T21:18:00Z,death,0,0,0,0,,Diamond,0.0,BR,android,SamsungS24,2129,0,3.1.0
BR_30052,M000727,2024-12-30T21:47:00Z,kill,3,0,441,0,Shotgun,Gold,0.0,DE,ios,iPad Pro,2781,6,3.1.0
BR_30008,M000434,2024-12-30T21:57:00Z,kill,1,0,140,0,M4A1,Gold,0.0,DE,android,SamsungS24,3170,18,3.0.1
BR_30009,M000009,2024-12-30T22:10:00Z,death,0,0,0,0,,Bronze,0.0,UK,pc,RTX4090,2699,1,3.0.0
BR_30043,M000106,2024-12-30T22:20:00Z,loot,0,0,0,0,Shotgun,Silver,0.0,PL,android,SamsungS23,583,0,3.0.0
BR_30058,M000041,2024-12-30T22:31:00Z,purchase,0,0,0,0,,Silver,0.0,MX,console,PS5,2421,19,3.0.0
BR_30043,M000130,2024-12-30T22:40:00Z,kill,2,0,203,0,Sniper,Silver,0.0,PL,android,SamsungS23,2406,0,3.0.1
BR_30043,M000594,2024-12-30T23:10:00Z,match_end,3,71,459,447,,Silver,0.0,PL,android,SamsungS23,3016,0,3.0.0
BR_30052,M000071,2024-12-30T23:11:00Z,purchase,0,0,0,0,,Gold,4.99,DE,ios,iPad Pro,533,6,3.0.1
BR_30021,M000475,2024-12-30T23:30:00Z,death,0,0,0,0,,Bronze,0.0,US,android,RedMagic,647,3,3.1.0
BR_30001,M000787,2024-12-31T10:18:00Z,death,0,0,0,0,,Gold,0.0,BR,ios,iPhone15,2866,7,3.0.0
BR_30047,M000337,2024-12-31T11:24:00Z,purchase,0,0,0,0,,Diamond,9.99,MX,android,SamsungS24,3061,19,3.1.0
BR_30062,M000542,2024-12-31T11:26:00Z,revive,0,0,0,0,,Silver,0.0,KR,ios,iPhone14Pro,548,0,3.1.0
BR_30043,M000072,2024-12-31T11:38:00Z,loot,0,0,0,0,Pistol,Silver,0.0,PL,android,SamsungS23,1945,1,3.1.0
BR_30062,M000513,2024-12-31T11:48:00Z,death,0,0,0,0,,Silver,0.0,KR,ios,iPhone14Pro,1413,0,3.0.1
BR_30066,M000014,2024-12-31T11:50:00Z,death,0,0,0,0,,Silver,0.0,CA,pc,RTX4080,1180,8,3.1.0
BR_30021,M000796,2024-12-31T11:54:00Z,kill,3,0,406,0,Pistol,Bronze,0.0,US,android,RedMagic,2112,4,3.0.1
BR_30035,M000262,2024-12-31T12:39:00Z,kill,5,0,845,0,AK-47,Silver,0.0,BR,pc,RTX4090,333,0,3.1.0
BR_30062,M000167,2024-12-31T13:08:00Z,kill,6,0,714,0,M4A1,Silver,0.0,KR,ios,iPhone14Pro,760,0,3.0.1
BR_30035,M000609,2024-12-31T13:18:00Z,loot,0,0,0,0,AK-47,Silver,0.0,BR,pc,RTX4090,1684,0,3.0.0
BR_30021,M000064,2024-12-31T14:37:00Z,death,0,0,0,0,,Bronze,0.0,US,android,RedMagic,3372,4,3.0.0
BR_30001,M000607,2024-12-31T15:57:00Z,revive,0,0,0,0,,Gold,0.0,BR,ios,iPhone15,3201,7,3.0.1
BR_30035,M000564,2024-12-31T17:21:00Z,match_end,3,81,507,238,,Silver,0.0,BR,pc,RTX4090,2598,0,3.1.0
BR_30062,M000226,2024-12-31T18:11:00Z,match_start,0,0,0,0,,Silver,0.0,KR,ios,iPhone14Pro,1721,0,3.1.0
BR_30047,M000057,2024-12-31T18:12:00Z,kill,2,0,350,0,AR-15,Diamond,0.0,MX,android,SamsungS24,3339,19,3.0.0
BR_30043,M000471,2024-12-31T18:15:00Z,match_start,0,0,0,0,,Silver,0.0,PL,android,SamsungS23,986,1,3.1.0
BR_30035,M000019,2024-12-31T18:16:00Z,match_end,5,54,729,600,,Silver,0.0,BR,pc,RTX4090,748,0,3.0.0
BR_30008,M000294,2024-12-31T21:13:00Z,death,0,0,0,0,,Gold,0.0,DE,android,SamsungS24,731,19,3.1.0
BR_30035,M000606,2024-12-31T22:29:00Z,loot,0,0,0,0,Melee,Silver,0.0,BR,pc,RTX4090,464,0,3.0.0
BR_30062,M000410,2024-12-31T23:11:00Z,loot,0,0,0,0,M4A1,Silver,0.0,KR,ios,iPhone14Pro,2662,0,3.0.0
BR_30040,M000144,2025-01-01T10:06:00Z,death,0,0,0,0,,Gold,0.0,BR,android,ROG Phone,760,1,3.0.1
BR_30008,M000723,2025-01-01T10:19:00Z,death,0,0,0,0,,Gold,0.0,DE,android,SamsungS24,2086,20,3.0.1
BR_30035,M000016,2025-01-01T10:25:00Z,death,0,0,0,0,,Silver,0.0,BR,pc,RTX4090,1189,1,3.0.1
BR_30058,M000403,2025-01-01T10:43:00Z,revive,0,0,0,0,,Silver,0.0,MX,console,PS5,2765,21,3.0.0
BR_30011,M000329,2025-01-01T11:11:00Z,kill,1,0,112,0,Melee,Bronze,0.0,US,android,SamsungS24,2550,1,3.1.0
BR_30053,M000301,2025-01-01T12:27:00Z,kill,2,0,282,0,SMG,Bronze,0.0,TR,android,SamsungS24,2623,0,3.1.0
BR_30010,M000678,2025-01-01T12:55:00Z,death,0,0,0,0,,Gold,0.0,BR,console,PS5,3017,0,3.0.0
BR_30068,M000706,2025-01-01T13:21:00Z,match_end,3,88,415,367,,Platinum,0.0,US,android,ROG Phone,545,5,3.0.1
BR_30010,M000372,2025-01-01T13:32:00Z,purchase,0,0,0,0,,Gold,0.0,BR,console,PS5,1600,0,3.1.0
BR_30053,M000663,2025-01-01T14:15:00Z,kill,0,0,186,0,M4A1,Bronze,0.0,TR,android,SamsungS24,3208,0,3.0.0
BR_30053,M000713,2025-01-01T14:28:00Z,kill,1,0,195,0,Sniper,Bronze,0.0,TR,android,SamsungS24,3361,0,3.0.1
BR_30053,M000701,2025-01-01T14:33:00Z,kill,1,0,226,0,Shotgun,Bronze,0.0,TR,android,SamsungS24,1113,0,3.0.0
BR_30030,M000738,2025-01-01T14:40:00Z,revive,0,0,0,0,,Bronze,0.0,KR,ios,iPhone15Pro,2384,7,3.1.0
BR_30053,M000063,2025-01-01T15:43:00Z,kill,2,0,307,0,Sniper,Bronze,0.0,TR,android,SamsungS24,1715,0,3.0.1
BR_30011,M000023,2025-01-01T16:25:00Z,death,0,0,0,0,,Bronze,0.0,US,android,SamsungS24,1119,1,3.0.1
BR_30053,M000137,2025-01-01T16:49:00Z,kill,2,0,277,0,Shotgun,Bronze,0.0,TR,android,SamsungS24,1381,0,3.0.0
BR_30062,M000576,2025-01-01T17:13:00Z,match_start,0,0,0,0,,Silver,0.0,KR,ios,iPhone14Pro,1989,1,3.1.0
BR_30001,M000146,2025-01-01T17:26:00Z,death,0,0,0,0,,Gold,0.0,BR,ios,iPhone15,379,8,3.0.1
BR_30054,M000612,2025-01-01T18:11:00Z,loot,0,0,0,0,M4A1,Silver,0.0,CA,ios,iPhone15Pro,1949,20,3.0.0
BR_30021,M000302,2025-01-01T18:13:00Z,kill,0,0,32,0,Melee,Bronze,0.0,US,android,RedMagic,3218,5,3.0.1
BR_30013,M000633,2025-01-01T18:25:00Z,death,0,0,0,0,,Bronze,0.0,MX,console,PS5,2346,4,3.0.1
BR_30055,M000320,2025-01-01T18:28:00Z,match_start,0,0,0,0,,Silver,0.0,BR,ios,iPhone15,3385,5,3.0.1
BR_30001,M000674,2025-01-01T19:05:00Z,kill,1,0,259,0,Sniper,Gold,0.0,BR,ios,iPhone15,913,8,3.0.1
BR_30053,M000688,2025-01-01T19:32:00Z,kill,2,0,366,0,Melee,Bronze,0.0,TR,android,SamsungS24,424,0,3.1.0
BR_30053,M000749,2025-01-01T19:35:00Z,kill,0,0,84,0,Pistol,Bronze,0.0,TR,android,SamsungS24,2031,0,3.1.0
BR_30030,M000539,2025-01-01T21:01:00Z,kill,0,0,151,0,SMG,Bronze,0.0,KR,ios,iPhone15Pro,1826,7,3.0.1
BR_30013,M000563,2025-01-01T21:04:00Z,kill,5,0,884,0,Pistol,Bronze,0.0,MX,console,PS5,1839,4,3.0.0
BR_30053,M000193,2025-01-01T21:15:00Z,kill,2,0,217,0,AK-47,Bronze,0.0,TR,android,SamsungS24,2519,0,3.0.1
BR_30001,M000027,2025-01-01T21:56:00Z,kill,2,0,345,0,AR-15,Gold,0.0,BR,ios,iPhone15,390,8,3.1.0
BR_30062,M000069,2025-01-01T22:16:00Z,death,0,0,0,0,,Silver,0.0,KR,ios,iPhone14Pro,2466,1,3.0.0
BR_30040,M000605,2025-01-01T22:39:00Z,match_start,0,0,0,0,,Gold,0.0,BR,android,ROG Phone,2603,1,3.0.1
BR_30053,M000517,2025-01-01T23:09:00Z,kill,1,0,152,0,AK-47,Bronze,0.0,TR,android,SamsungS24,1194,0,3.0.1
BR_30010,M000767,2025-01-01T23:16:00Z,death,0,0,0,0,,Gold,0.0,BR,console,PS5,2219,0,3.0.1
BR_30068,M000617,2025-01-02T11:18:00Z,death,0,0,0,0,,Platinum,0.0,US,android,ROG Phone,1950,6,3.1.0
BR_30008,M000017,2025-01-02T11:22:00Z,match_end,0,67,164,665,,Gold,0.0,DE,android,SamsungS24,3077,21,3.0.0
BR_30002,M000371,2025-01-02T11:23:00Z,purchase,0,0,0,0,,Gold,0.0,FR,pc,RX7900,401,0,3.1.0
BR_30002,M000175,2025-01-02T11:24:00Z,loot,0,0,0,0,Melee,Gold,0.0,FR,pc,RX7900,1018,0,3.1.0
BR_30057,M000587,2025-01-02T11:54:00Z,match_start,0,0,0,0,,Gold,0.0,JP,pc,RTX3080,1722,0,3.0.0
BR_30038,M000509,2025-01-02T12:05:00Z,match_start,0,0,0,0,,Silver,0.0,BR,ios,iPhone14Pro,2517,0,3.0.1
BR_30057,M000221,2025-01-02T12:07:00Z,death,0,0,0,0,,Gold,0.0,JP,pc,RTX3080,2025,0,3.0.0
BR_30026,M000659,2025-01-02T12:20:00Z,loot,0,0,0,0,Pistol,Gold,0.0,BR,console,XboxSeriesX,854,0,3.0.1
BR_30057,M000227,2025-01-02T12:23:00Z,match_end,0,67,41,450,,Gold,0.0,JP,pc,RTX3080,810,0,3.0.1
BR_30040,M000186,2025-01-02T12:51:00Z,kill,5,0,791,0,AR-15,Gold,0.0,BR,android,ROG Phone,3192,2,3.0.0
BR_30057,M000347,2025-01-02T13:01:00Z,death,0,0,0,0,,Gold,0.0,JP,pc,RTX3080,3085,0,3.0.1
BR_30057,M000255,2025-01-02T13:09:00Z,kill,0,0,64,0,SMG,Gold,0.0,JP,pc,RTX3080,795,0,3.0.1
BR_30026,M000204,2025-01-02T13:10:00Z,kill,0,0,161,0,Sniper,Gold,0.0,BR,console,XboxSeriesX,2695,0,3.0.0
BR_30026,M000369,2025-01-02T13:27:00Z,kill,1,0,106,0,Melee,Gold,0.0,BR,console,XboxSeriesX,1083,0,3.1.0
BR_30004,M000650,2025-01-02T14:09:00Z,death,0,0,0,0,,Diamond,0.0,FR,android,SamsungS24,1909,19,3.1.0
BR_30057,M000708,2025-01-02T14:26:00Z,match_end,2,48,377,776,,Gold,0.0,JP,pc,RTX3080,2840,0,3.0.1
BR_30026,M000365,2025-01-02T14:40:00Z,revive,0,0,0,0,,Gold,0.0,BR,console,XboxSeriesX,2338,0,3.0.0
BR_30011,M000136,2025-01-02T14:47:00Z,revive,0,0,0,0,,Bronze,0.0,US,android,SamsungS24,1083,2,3.0.0
BR_30026,M000378,2025-01-02T14:49:00Z,kill,1,0,213,0,Pistol,Gold,0.0,BR,console,XboxSeriesX,1544,0,3.1.0
BR_30026,M000660,2025-01-02T14:59:00Z,loot,0,0,0,0,Pistol,Gold,0.0,BR,console,XboxSeriesX,3152,0,3.0.1
BR_30053,M000230,2025-01-02T16:35:00Z,match_end,1,81,131,502,,Bronze,0.0,TR,android,SamsungS24,2595,1,3.0.1
BR_30034,M000238,2025-01-02T16:54:00Z,match_end,2,81,357,427,,Silver,0.0,KR,ios,iPhone15Pro,1213,5,3.0.0
BR_30002,M000720,2025-01-02T17:25:00Z,death,0,0,0,0,,Gold,0.0,FR,pc,RX7900,440,0,3.0.0
BR_30057,M000569,2025-01-02T17:39:00Z,kill,2,0,235,0,AK-47,Gold,0.0,JP,pc,RTX3080,3532,0,3.0.0
BR_30035,M000340,2025-01-02T17:42:00Z,match_start,0,0,0,0,,Silver,0.0,BR,pc,RTX4090,1980,2,3.0.1
BR_30002,M000745,2025-01-02T17:50:00Z,loot,0,0,0,0,Shotgun,Gold,0.0,FR,pc,RX7900,1179,0,3.0.1
BR_30026,M000272,2025-01-02T17:57:00Z,kill,1,0,260,0,AK-47,Gold,0.0,BR,console,XboxSeriesX,1038,0,3.1.0
BR_30068,M000422,2025-01-02T18:30:00Z,death,0,0,0,0,,Platinum,0.0,US,android,ROG Phone,1542,6,3.0.1
BR_30002,M000441,2025-01-02T19:40:00Z,kill,1,0,282,0,Sniper,Gold,0.0,FR,pc,RX7900,411,0,3.1.0
BR_30026,M000003,2025-01-02T19:44:00Z,loot,0,0,0,0,Shotgun,Gold,0.0,BR,console,XboxSeriesX,2740,0,3.0.1
BR_30054,M000493,2025-01-02T19:51:00Z,loot,0,0,0,0,Pistol,Silver,0.0,CA,ios,iPhone15Pro,1059,21,3.0.0
BR_30057,M000361,2025-01-02T19:59:00Z,death,0,0,0,0,,Gold,0.0,JP,pc,RTX3080,3191,0,3.0.0
BR_30047,M000357,2025-01-02T20:02:00Z,loot,0,0,0,0,AR-15,Diamond,0.0,MX,android,SamsungS24,632,21,3.0.0
BR_30066,M000658,2025-01-02T20:03:00Z,match_start,0,0,0,0,,Silver,0.0,CA,pc,RTX4080,3101,10,3.0.1
BR_30002,M000638,2025-01-02T20:50:00Z,purchase,0,0,0,0,,Gold,0.0,FR,pc,RX7900,2439,0,3.0.0
BR_30038,M000182,2025-01-02T20:51:00Z,loot,0,0,0,0,Pistol,Silver,0.0,BR,ios,iPhone14Pro,468,0,3.1.0
BR_30026,M000585,2025-01-02T21:01:00Z,loot,0,0,0,0,Pistol,Gold,0.0,BR,console,XboxSeriesX,2778,0,3.0.1
BR_30026,M000290,2025-01-02T21:08:00Z,revive,0,0,0,0,,Gold,0.0,BR,console,XboxSeriesX,401,0,3.1.0
BR_30026,M000739,2025-01-02T21:45:00Z,match_end,2,84,362,244,,Gold,0.0,BR,console,XboxSeriesX,2883,0,3.0.1
BR_30026,M000217,2025-01-02T21:54:00Z,purchase,0,0,0,0,,Gold,0.0,BR,console,XboxSeriesX,655,0,3.1.0
BR_30026,M000042,2025-01-02T22:07:00Z,kill,2,0,363,0,Pistol,Gold,0.0,BR,console,XboxSeriesX,3359,0,3.0.1
BR_30026,M000161,2025-01-02T22:24:00Z,kill,0,0,169,0,M4A1,Gold,0.0,BR,console,XboxSeriesX,1233,0,3.0.1
BR_30010,M000092,2025-01-02T22:29:00Z,death,0,0,0,0,,Gold,0.0,BR,console,PS5,3159,1,3.0.0
BR_30057,M000456,2025-01-02T22:37:00Z,match_end,5,51,629,598,,Gold,0.0,JP,pc,RTX3080,3265,0,3.1.0
BR_30076,M000673,2025-01-02T22:50:00Z,death,0,0,0,0,,Gold,0.0,BR,pc,RTX3080,1947,10,3.0.1
BR_30057,M000350,2025-01-02T23:01:00Z,loot,0,0,0,0,AK-47,Gold,0.0,JP,pc,RTX3080,865,0,3.0.0
BR_30026,M000566,2025-01-02T23:02:00Z,match_start,0,0,0,0,,Gold,0.0,BR,console,XboxSeriesX,624,0,3.0.0
BR_30002,M000087,2025-01-02T23:29:00Z,death,0,0,0,0,,Gold,0.0,FR,pc,RX7900,3333,0,3.0.0
BR_30026,M000537,2025-01-02T23:36:00Z,death,0,0,0,0,,Gold,0.0,BR,console,XboxSeriesX,3383,0,3.0.1
BR_30002,M000326,2025-01-02T23:38:00Z,kill,2,0,359,0,Pistol,Gold,0.0,FR,pc,RX7900,2272,0,3.0.1
BR_30068,M000588,2025-01-02T23:45:00Z,loot,0,0,0,0,Sniper,Platinum,0.0,US,android,ROG Phone,376,6,3.0.1
BR_30057,M000089,2025-01-02T23:54:00Z,loot,0,0,0,0,Melee,Gold,0.0,JP,pc,RTX3080,3470,0,3.0.0
BR_30060,M000218,2025-01-03T10:05:00Z,death,0,0,0,0,,Bronze,0.0,US,console,Switch,879,0,3.1.0
BR_30054,M000592,2025-01-03T10:05:00Z,loot,0,0,0,0,SMG,Silver,0.0,CA,ios,iPhone15Pro,2542,22,3.1.0
BR_30009,M000313,2025-01-03T10:31:00Z,match_start,0,0,0,0,,Bronze,0.0,UK,pc,RTX4090,3298,5,3.1.0
BR_30061,M000281,2025-01-03T11:05:00Z,match_start,0,0,0,0,,Bronze,0.0,US,android,ROG Phone,1372,0,3.0.1
BR_30006,M000491,2025-01-03T11:24:00Z,kill,1,0,169,0,SMG,Silver,0.0,CA,pc,RTX3080,1981,0,3.0.1
BR_30049,M000590,2025-01-03T11:41:00Z,death,0,0,0,0,,Platinum,0.0,US,android,SamsungS24,2841,7,3.0.1
BR_30060,M000179,2025-01-03T12:03:00Z,kill,0,0,191,0,Sniper,Bronze,0.0,US,console,Switch,3087,0,3.1.0
BR_30006,M000593,2025-01-03T12:20:00Z,revive,0,0,0,0,,Silver,0.0,CA,pc,RTX3080,3316,0,3.0.0
BR_30078,M000468,2025-01-03T12:39:00Z,kill,0,0,34,0,Pistol,Gold,0.0,MX,android,ROG Phone,3556,0,3.0.1
BR_30006,M000143,2025-01-03T13:06:00Z,purchase,0,0,0,0,,Silver,0.0,CA,pc,RTX3080,2844,0,3.0.1
BR_30078,M000082,2025-01-03T13:46:00Z,match_end,2,86,323,456,,Gold,0.0,MX,android,ROG Phone,2239,0,3.0.0
BR_30078,M000580,2025-01-03T13:52:00Z,death,0,0,0,0,,Gold,0.0,MX,android,ROG Phone,958,0,3.0.1
BR_30021,M000784,2025-01-03T13:54:00Z,match_end,2,56,312,648,,Bronze,0.0,US,android,RedMagic,1374,7,3.0.1
BR_30078,M000348,2025-01-03T13:55:00Z,kill,0,0,163,0,Pistol,Gold,0.0,MX,android,ROG Phone,1945,0,3.0.0
BR_30060,M000086,2025-01-03T14:04:00Z,loot,0,0,0,0,Melee,Bronze,0.0,US,console,Switch,673,0,3.1.0
BR_30006,M000397,2025-01-03T14:06:00Z,kill,1,0,324,0,AK-47,Silver,0.0,CA,pc,RTX3080,799,0,3.0.0
BR_30060,M000171,2025-01-03T14:56:00Z,purchase,0,0,0,0,,Bronze,0.0,US,console,Switch,957,0,3.1.0
BR_30026,M000325,2025-01-03T15:20:00Z,match_end,2,65,292,655,,Gold,0.0,BR,console,XboxSeriesX,1771,1,3.1.0
BR_30017,M000240,2025-01-03T16:01:00Z,match_end,0,69,163,432,,Gold,0.0,US,console,XboxSeriesX,1117,1,3.0.1
BR_30060,M000160,2025-01-03T16:15:00Z,match_end,1,70,217,386,,Bronze,0.0,US,console,Switch,1918,0,3.1.0
BR_30006,M000088,2025-01-03T16:26:00Z,loot,0,0,0,0,Sniper,Silver,0.0,CA,pc,RTX3080,1207,0,3.1.0
BR_30049,M000683,2025-01-03T16:57:00Z,kill,0,0,16,0,AR-15,Platinum,0.0,US,android,SamsungS24,1714,7,3.1.0
BR_30060,M000597,2025-01-03T17:15:00Z,kill,0,0,72,0,AR-15,Bronze,0.0,US,console,Switch,1226,0,3.1.0
BR_30006,M000595,2025-01-03T17:28:00Z,death,0,0,0,0,,Silver,0.0,CA,pc,RTX3080,1490,0,3.0.1
BR_30006,M000085,2025-01-03T17:33:00Z,loot,0,0,0,0,AR-15,Silver,0.0,CA,pc,RTX3080,3494,0,3.0.1
BR_30078,M000501,2025-01-03T17:33:00Z,death,0,0,0,0,,Gold,0.0,MX,android,ROG Phone,2442,0,3.1.0
BR_30060,M000265,2025-01-03T17:50:00Z,death,0,0,0,0,,Bronze,0.0,US,console,Switch,2998,0,3.1.0
BR_30060,M000338,2025-01-03T18:12:00Z,death,0,0,0,0,,Bronze,0.0,US,console,Switch,2390,0,3.0.0
BR_30006,M000247,2025-01-03T18:28:00Z,death,0,0,0,0,,Silver,0.0,CA,pc,RTX3080,641,0,3.0.0
BR_30078,M000374,2025-01-03T18:52:00Z,kill,1,0,86,0,Shotgun,Gold,0.0,MX,android,ROG Phone,3404,0,3.0.0
BR_30078,M000627,2025-01-03T18:58:00Z,loot,0,0,0,0,AK-47,Gold,0.0,MX,android,ROG Phone,3185,0,3.0.1
BR_30008,M000032,2025-01-03T19:50:00Z,kill,0,0,7,0,AK-47,Gold,0.0,DE,android,SamsungS24,568,22,3.1.0
BR_30006,M000726,2025-01-03T20:48:00Z,revive,0,0,0,0,,Silver,0.0,CA,pc,RTX3080,3421,0,3.1.0
BR_30011,M000631,2025-01-03T21:19:00Z,death,0,0,0,0,,Bronze,0.0,US,android,SamsungS24,3562,3,3.0.1
BR_30006,M000695,2025-01-03T21:30:00Z,death,0,0,0,0,,Silver,0.0,CA,pc,RTX3080,759,0,3.1.0
BR_30017,M000541,2025-01-03T22:01:00Z,match_end,0,80,136,350,,Gold,0.0,US,console,XboxSeriesX,3401,1,3.1.0
BR_30068,M000699,2025-01-03T22:47:00Z,loot,0,0,0,0,Shotgun,Platinum,0.0,US,android,ROG Phone,3095,7,3.1.0
BR_30060,M000113,2025-01-03T23:43:00Z,death,0,0,0,0,,Bronze,0.0,US,console,Switch,636,0,3.0.1
BR_30061,M000535,2025-01-04T10:27:00Z,revive,0,0,0,0,,Bronze,0.0,US,android,ROG Phone,1554,1,3.0.0
BR_30013,M000770,2025-01-04T10:27:00Z,match_end,5,33,550,827,,Bronze,0.0,MX,console,PS5,1317,7,3.0.0
BR_30055,M000671,2025-01-04T10:28:00Z,match_start,0,0,0,0,,Silver,0.0,BR,ios,iPhone15,1734,8,3.0.1
BR_30055,M000228,2025-01-04T11:02:00Z,kill,3,0,496,0,Shotgun,Silver,0.0,BR,ios,iPhone15,3102,8,3.0.0
BR_30009,M000356,2025-01-04T13:47:00Z,match_end,2,58,325,684,,Bronze,0.0,UK,pc,RTX4090,1411,6,3.1.0
BR_30038,M000295,2025-01-04T14:08:00Z,match_end,0,94,156,337,,Silver,0.0,BR,ios,iPhone14Pro,2757,2,3.0.1
BR_30045,M000428,2025-01-04T14:45:00Z,kill,2,0,357,0,Shotgun,Platinum,0.0,US,pc,RTX4090,1626,0,3.0.1
BR_30035,M000169,2025-01-04T15:00:00Z,match_end,3,59,398,749,,Silver,0.0,BR,pc,RTX4090,648,4,3.1.0
BR_30035,M000781,2025-01-04T15:23:00Z,revive,0,0,0,0,,Silver,0.0,BR,pc,RTX4090,3225,4,3.1.0
BR_30010,M000244,2025-01-04T15:38:00Z,death,0,0,0,0,,Gold,0.0,BR,console,PS5,2575,3,3.0.1
BR_30078,M000318,2025-01-04T16:21:00Z,kill,0,0,139,0,AK-47,Gold,0.0,MX,android,ROG Phone,3191,1,3.1.0
BR_30011,M000270,2025-01-04T16:33:00Z,death,0,0,0,0,,Bronze,0.0,US,android,SamsungS24,3472,4,3.0.0
BR_30048,M000480,2025-01-04T17:33:00Z,kill,1,0,244,0,SMG,Platinum,0.0,KR,android,SamsungS23,1509,1,3.0.1
BR_30045,M000571,2025-01-04T19:05:00Z,match_end,6,65,812,645,,Platinum,0.0,US,pc,RTX4090,1580,0,3.0.0
BR_30034,M000119,2025-01-04T19:17:00Z,purchase,0,0,0,0,,Silver,0.0,KR,ios,iPhone15Pro,3043,7,3.0.0
BR_30045,M000601,2025-01-04T20:47:00Z,purchase,0,0,0,0,,Platinum,0.0,US,pc,RTX4090,828,0,3.1.0
BR_30045,M000139,2025-01-04T20:50:00Z,death,0,0,0,0,,Platinum,0.0,US,pc,RTX4090,1594,0,3.1.0
BR_30010,M000168,2025-01-04T20:52:00Z,match_start,0,0,0,0,,Gold,0.0,BR,console,PS5,2667,3,3.0.0
BR_30040,M000031,2025-01-04T20:56:00Z,death,0,0,0,0,,Gold,0.0,BR,android,ROG Phone,1649,4,3.0.0
BR_30040,M000534,2025-01-04T21:10:00Z,match_start,0,0,0,0,,Gold,0.0,BR,android,ROG Phone,3540,4,3.1.0
BR_30045,M000477,2025-01-04T21:32:00Z,kill,7,0,759,0,Pistol,Platinum,0.0,US,pc,RTX4090,1018,0,3.0.0
BR_30047,M000780,2025-01-04T21:39:00Z,death,0,0,0,0,,Diamond,0.0,MX,android,SamsungS24,1879,23,3.0.0
BR_30076,M000077,2025-01-04T21:49:00Z,kill,2,0,243,0,AR-15,Gold,0.0,BR,pc,RTX3080,2002,12,3.0.1
BR_30006,M000495,2025-01-04T21:49:00Z,kill,4,0,515,0,AR-15,Silver,0.0,CA,pc,RTX3080,1505,1,3.1.0
BR_30061,M000093,2025-01-04T21:55:00Z,death,0,0,0,0,,Bronze,0.0,US,android,ROG Phone,3473,1,3.0.1
BR_30045,M000339,2025-01-04T22:52:00Z,match_start,0,0,0,0,,Platinum,0.0,US,pc,RTX4090,2121,0,3.0.0
BR_30040,M000385,2025-01-04T22:57:00Z,purchase,0,0,0,0,,Gold,0.0,BR,android,ROG Phone,3459,4,3.0.1
BR_30076,M000380,2025-01-04T23:55:00Z,match_end,4,56,651,573,,Gold,0.0,BR,pc,RTX3080,1221,12,3.1.0
BR_30047,M000103,2025-01-05T10:07:00Z,loot,0,0,0,0,SMG,Diamond,0.0,MX,android,SamsungS24,2346,24,3.1.0
BR_30061,M000799,2025-01-05T10:12:00Z,death,0,0,0,0,,Bronze,0.0,US,android,ROG Phone,3297,2,3.0.0
BR_30064,M000472,2025-01-05T10:21:00Z,death,0,0,0,0,,Platinum,0.0,UK,android,SamsungS24,2158,0,3.0.0
BR_30034,M000521,2025-01-05T11:44:00Z,kill,0,0,5,0,Pistol,Silver,0.0,KR,ios,iPhone15Pro,2209,8,3.1.0
BR_30064,M000500,2025-01-05T11:47:00Z,match_start,0,0,0,0,,Platinum,0.0,UK,android,SamsungS24,2561,0,3.1.0
BR_30045,M000066,2025-01-05T12:10:00Z,match_start,0,0,0,0,,Platinum,0.0,US,pc,RTX4090,3236,1,3.1.0
BR_30064,M000245,2025-01-05T13:23:00Z,revive,0,0,0,0,,Platinum,0.0,UK,android,SamsungS24,3589,0,3.0.1
BR_30064,M000437,2025-01-05T13:33:00Z,match_start,0,0,0,0,,Platinum,0.0,UK,android,SamsungS24,1941,0,3.0.1
BR_30038,M000411,2025-01-05T13:42:00Z,death,0,0,0,0,,Silver,0.0,BR,ios,iPhone14Pro,3570,3,3.1.0
BR_30064,M000469,2025-01-05T13:49:00Z,kill,4,0,474,0,AK-47,Platinum,0.0,UK,android,SamsungS24,351,0,3.0.0
BR_30082,M000522,2025-01-05T14:03:00Z,death,0,0,0,0,,Silver,0.0,BR,ios,iPhone15,3465,9,3.0.0
BR_30066,M000684,2025-01-05T14:11:00Z,match_start,0,0,0,0,,Silver,0.0,CA,pc,RTX4080,3381,13,3.0.1
BR_30077,M000132,2025-01-05T14:26:00Z,kill,2,0,416,0,AK-47,Silver,0.0,US,console,XboxSeriesX,669,0,3.0.1
BR_30064,M000433,2025-01-05T14:32:00Z,match_end,5,69,537,375,,Platinum,0.0,UK,android,SamsungS24,1008,0,3.0.0
BR_30077,M000503,2025-01-05T15:02:00Z,kill,0,0,191,0,Melee,Silver,0.0,US,console,XboxSeriesX,1121,0,3.0.1
BR_30045,M000298,2025-01-05T15:54:00Z,kill,2,0,301,0,AR-15,Platinum,0.0,US,pc,RTX4090,3111,1,3.0.1
BR_30001,M000409,2025-01-05T15:59:00Z,kill,0,0,90,0,SMG,Gold,0.0,BR,ios,iPhone15,1180,12,3.0.0
BR_30058,M000652,2025-01-05T16:03:00Z,death,0,0,0,0,,Silver,0.0,MX,console,PS5,3509,25,3.0.0
BR_30064,M000141,2025-01-05T16:19:00Z,death,0,0,0,0,,Platinum,0.0,UK,android,SamsungS24,896,0,3.0.0
BR_30054,M000078,2025-01-05T17:18:00Z,death,0,0,0,0,,Silver,0.0,CA,ios,iPhone15Pro,3033,24,3.0.0
BR_30061,M000765,2025-01-05T17:50:00Z,purchase,0,0,0,0,,Bronze,0.0,US,android,ROG Phone,1917,2,3.0.1
BR_30048,M000212,2025-01-05T19:42:00Z,kill,2,0,261,0,Sniper,Platinum,0.0,KR,android,SamsungS23,1789,2,3.0.0
BR_30064,M000030,2025-01-05T19:43:00Z,purchase,0,0,0,0,,Platinum,0.0,UK,android,SamsungS24,1641,0,3.0.0
BR_30001,M000750,2025-01-05T20:53:00Z,kill,1,0,190,0,Melee,Gold,0.0,BR,ios,iPhone15,522,12,3.0.0
BR_30064,M000192,2025-01-05T21:35:00Z,match_start,0,0,0,0,,Platinum,0.0,UK,android,SamsungS24,1494,0,3.0.1
BR_30077,M000416,2025-01-05T22:07:00Z,match_start,0,0,0,0,,Silver,0.0,US,console,XboxSeriesX,1363,0,3.0.1
BR_30048,M000761,2025-01-05T22:14:00Z,kill,1,0,111,0,M4A1,Platinum,0.0,KR,android,SamsungS23,2497,2,3.0.1
BR_30009,M000546,2025-01-05T23:53:00Z,death,0,0,0,0,,Bronze,0.0,UK,pc,RTX4090,3133,7,3.0.0
BR_30064,M000640,2025-01-06T11:16:00Z,kill,1,0,164,0,Melee,Platinum,0.0,UK,android,SamsungS24,2750,1,3.0.1
BR_30061,M000447,2025-01-06T12:24:00Z,match_start,0,0,0,0,,Bronze,0.0,US,android,ROG Phone,3148,3,3.0.0
BR_30048,M000760,2025-01-06T12:27:00Z,kill,0,0,72,0,Shotgun,Platinum,0.0,KR,android,SamsungS23,2757,3,3.0.1
BR_30034,M000779,2025-01-06T13:33:00Z,match_start,0,0,0,0,,Silver,0.0,KR,ios,iPhone15Pro,430,9,3.0.0
BR_30048,M000551,2025-01-06T14:06:00Z,death,0,0,0,0,,Platinum,0.0,KR,android,SamsungS23,1053,3,3.1.0
BR_30013,M000384,2025-01-06T15:05:00Z,kill,3,0,489,0,AR-15,Bronze,0.0,MX,console,PS5,730,9,3.0.1
BR_30061,M000450,2025-01-06T16:06:00Z,death,0,0,0,0,,Bronze,0.0,US,android,ROG Phone,2606,3,3.1.0
BR_30011,M000153,2025-01-06T17:13:00Z,loot,0,0,0,0,Shotgun,Bronze,0.0,US,android,SamsungS24,1620,6,3.1.0
BR_30061,M000743,2025-01-06T18:14:00Z,match_start,0,0,0,0,,Bronze,0.0,US,android,ROG Phone,3211,3,3.0.0
BR_30038,M000059,2025-01-06T18:25:00Z,match_end,0,89,91,195,,Silver,0.0,BR,ios,iPhone14Pro,1386,4,3.1.0
BR_30008,M000043,2025-01-06T18:43:00Z,loot,0,0,0,0,Sniper,Gold,0.0,DE,android,SamsungS24,587,25,3.0.0
BR_30077,M000197,2025-01-06T19:07:00Z,match_end,4,61,523,671,,Silver,0.0,US,console,XboxSeriesX,3124,1,3.1.0
BR_30055,M000554,2025-01-06T19:23:00Z,kill,4,0,556,0,SMG,Silver,0.0,BR,ios,iPhone15,940,10,3.0.0
BR_30066,M000555,2025-01-06T19:28:00Z,kill,5,0,663,0,AR-15,Silver,0.0,CA,pc,RTX4080,1790,14,3.1.0
BR_30040,M000714,2025-01-06T21:27:00Z,match_start,0,0,0,0,,Gold,0.0,BR,android,ROG Phone,2137,6,3.1.0
BR_30064,M000484,2025-01-06T21:46:00Z,kill,1,0,252,0,SMG,Platinum,0.0,UK,android,SamsungS24,419,1,3.1.0
BR_30048,M000773,2025-01-06T23:28:00Z,match_start,0,0,0,0,,Platinum,0.0,KR,android,SamsungS23,444,3,3.0.0
BR_30017,M000518,2025-01-06T23:49:00Z,kill,2,0,328,0,AR-15,Gold,0.0,US,console,XboxSeriesX,3152,4,3.1.0
BR_30009,M000254,2025-01-07T10:19:00Z,loot,0,0,0,0,AR-15,Bronze,0.0,UK,pc,RTX4090,3055,9,3.0.0
BR_30038,M000084,2025-01-07T14:33:00Z,kill,1,0,120,0,AR-15,Silver,0.0,BR,ios,iPhone14Pro,2576,5,3.0.1
BR_30054,M000300,2025-01-07T14:35:00Z,death,0,0,0,0,,Silver,0.0,CA,ios,iPhone15Pro,1387,26,3.0.1
BR_30058,M000724,2025-01-07T14:41:00Z,loot,0,0,0,0,SMG,Silver,0.0,MX,console,PS5,860,27,3.1.0
BR_30038,M000343,2025-01-07T16:38:00Z,loot,0,0,0,0,SMG,Silver,0.0,BR,ios,iPhone14Pro,1814,5,3.0.1
BR_30010,M000700,2025-01-07T18:13:00Z,match_end,1,81,282,393,,Gold,0.0,BR,console,PS5,1808,6,3.0.1
BR_30076,M000015,2025-01-07T18:29:00Z,loot,0,0,0,0,Pistol,Gold,0.0,BR,pc,RTX3080,1494,15,3.0.0
BR_30035,M000053,2025-01-07T21:31:00Z,match_end,1,73,218,403,,Silver,0.0,BR,pc,RTX4090,2897,7,3.0.1
BR_30058,M000766,2025-01-07T22:05:00Z,death,0,0,0,0,,Silver,0.0,MX,console,PS5,1296,27,3.1.0
BR_30034,M000362,2025-01-07T23:55:00Z,death,0,0,0,0,,Silver,0.0,KR,ios,iPhone15Pro,1969,10,3.0.0
BR_30010,M000268,2025-01-08T11:08:00Z,match_start,0,0,0,0,,Gold,0.0,BR,console,PS5,3299,7,3.0.1
BR_30001,M000216,2025-01-08T11:30:00Z,match_end,0,93,95,284,,Gold,0.0,BR,ios,iPhone15,3341,15,3.1.0
BR_30010,M000210,2025-01-08T11:42:00Z,match_end,1,97,272,315,,Gold,0.0,BR,console,PS5,841,7,3.1.0
BR_30038,M000090,2025-01-08T12:40:00Z,kill,0,0,11,0,AR-15,Silver,0.0,BR,ios,iPhone14Pro,2835,6,3.0.1
BR_30011,M000131,2025-01-08T13:36:00Z,purchase,0,0,0,0,,Bronze,0.0,US,android,SamsungS24,3222,8,3.0.0
BR_30055,M000776,2025-01-08T16:00:00Z,revive,0,0,0,0,,Silver,0.0,BR,ios,iPhone15,3091,12,3.0.1
BR_30040,M000181,2025-01-08T16:24:00Z,death,0,0,0,0,,Gold,0.0,BR,android,ROG Phone,2549,8,3.0.0
BR_30076,M000692,2025-01-08T17:00:00Z,match_end,2,59,249,699,,Gold,0.0,BR,pc,RTX3080,2737,16,3.1.0
BR_30048,M000669,2025-01-08T17:04:00Z,kill,2,0,260,0,Shotgun,Platinum,0.0,KR,android,SamsungS23,1594,5,3.0.0
BR_30047,M000786,2025-01-08T18:07:00Z,match_end,5,50,462,746,,Diamond,0.0,MX,android,SamsungS24,1061,27,3.0.0
BR_30013,M000768,2025-01-08T19:59:00Z,death,0,0,0,0,,Bronze,0.0,MX,console,PS5,777,11,3.0.0
BR_30061,M000618,2025-01-09T12:00:00Z,death,0,0,0,0,,Bronze,0.0,US,android,ROG Phone,1253,6,3.0.0
BR_30038,M000722,2025-01-09T12:52:00Z,match_end,0,79,4,496,,Silver,0.0,BR,ios,iPhone14Pro,2754,7,3.0.0
BR_30048,M000496,2025-01-09T13:03:00Z,match_start,0,0,0,0,,Platinum,0.0,KR,android,SamsungS23,1522,6,3.1.0
BR_30066,M000127,2025-01-09T15:04:00Z,death,0,0,0,0,,Silver,0.0,CA,pc,RTX4080,2766,17,3.0.1
BR_30040,M000795,2025-01-09T17:24:00Z,purchase,0,0,0,0,,Gold,0.0,BR,android,ROG Phone,1480,9,3.0.0
BR_30042,M000154,2025-01-09T17:54:00Z,loot,0,0,0,0,Shotgun,Silver,0.0,UK,android,ROG Phone,1185,20,3.0.0
BR_30038,M000006,2025-01-09T21:06:00Z,kill,0,0,52,0,M4A1,Silver,0.0,BR,ios,iPhone14Pro,1827,7,3.0.0
BR_30011,M000565,2025-01-09T21:29:00Z,match_end,1,72,94,337,,Bronze,0.0,US,android,SamsungS24,1905,9,3.0.0
BR_30004,M000579,2025-01-09T21:54:00Z,death,0,0,0,0,,Diamond,0.0,FR,android,SamsungS24,1332,26,3.0.0
BR_30061,M000269,2025-01-10T11:19:00Z,match_start,0,0,0,0,,Bronze,0.0,US,android,ROG Phone,2651,7,3.0.0
BR_30009,M000525,2025-01-10T11:42:00Z,loot,0,0,0,0,AR-15,Bronze,0.0,UK,pc,RTX4090,3231,12,3.0.0
BR_30040,M000436,2025-01-10T14:10:00Z,match_end,5,43,807,747,,Gold,0.0,BR,android,ROG Phone,2679,10,3.0.1
BR_30048,M000686,2025-01-10T14:25:00Z,kill,1,0,107,0,Shotgun,Platinum,0.0,KR,android,SamsungS23,744,7,3.0.0
BR_30061,M000028,2025-01-10T14:46:00Z,kill,0,0,40,0,Pistol,Bronze,0.0,US,android,ROG Phone,2792,7,3.0.0
BR_30038,M000234,2025-01-10T15:39:00Z,kill,0,0,190,0,AK-47,Silver,0.0,BR,ios,iPhone14Pro,2892,8,3.0.1
BR_30011,M000150,2025-01-10T16:17:00Z,kill,1,0,344,0,Melee,Bronze,0.0,US,android,SamsungS24,1671,10,3.1.0
BR_30061,M000360,2025-01-10T17:52:00Z,death,0,0,0,0,,Bronze,0.0,US,android,ROG Phone,3013,7,3.0.0
BR_30001,M000157,2025-01-10T18:09:00Z,kill,0,0,84,0,M4A1,Gold,0.0,BR,ios,iPhone15,3265,17,3.1.0
BR_30048,M000751,2025-01-10T19:17:00Z,match_start,0,0,0,0,,Platinum,0.0,KR,android,SamsungS23,1099,7,3.1.0
BR_30048,M000020,2025-01-10T21:05:00Z,loot,0,0,0,0,Pistol,Platinum,0.0,KR,android,SamsungS23,336,7,3.1.0
BR_30040,M000249,2025-01-10T22:30:00Z,loot,0,0,0,0,Shotgun,Gold,0.0,BR,android,ROG Phone,3431,10,3.1.0
BR_30011,M000464,2025-01-10T22:36:00Z,death,0,0,0,0,,Bronze,0.0,US,android,SamsungS24,1652,10,3.0.1
BR_30076,M000258,2025-01-10T22:40:00Z,match_end,4,53,585,720,,Gold,0.0,BR,pc,RTX3080,2758,18,3.0.0
BR_30008,M000319,2025-01-10T22:58:00Z,loot,0,0,0,0,Shotgun,Gold,0.0,DE,android,SamsungS24,2223,29,3.0.1
BR_30013,M000661,2025-01-10T23:43:00Z,purchase,0,0,0,0,,Bronze,0.0,MX,console,PS5,3534,13,3.1.0
BR_30040,M000717,2025-01-10T23:49:00Z,loot,0,0,0,0,Pistol,Gold,0.0,BR,android,ROG Phone,3014,10,3.0.1
