user_id,session_id,timestamp,event_name,banner,pull_type,rarity,pity_count,level,xp,vip_level,premium_currency,currency_spent,iap_revenue,country,platform,device,session_duration,days_since_install,version
GACHA_40089,GS000572,2024-12-11T07:04:00Z,login_bonus,,,,0,72,0,4,30,0,0.0,BR,android,SamsungS23,927,0,4.2.0
GACHA_40010,GS000490,2024-12-11T09:55:00Z,quest_complete,,,,0,12,3741,0,0,0,0.0,JP,ios,iPhone13,4766,0,4.3.0
GACHA_40010,GS000423,2024-12-11T10:21:00Z,quest_complete,,,,0,8,1224,0,0,0,0.0,JP,ios,iPhone13,556,0,4.2.1
GACHA_40010,GS000230,2024-12-11T10:27:00Z,pvp_battle,,,,0,3,1832,0,0,0,0.0,JP,ios,iPhone13,3348,0,4.2.1
GACHA_40010,GS000743,2024-12-11T15:36:00Z,quest_complete,,,,0,4,2162,0,0,0,0.0,JP,ios,iPhone13,2811,0,4.2.1
GACHA_40010,GS000109,2024-12-11T15:40:00Z,pvp_battle,,,,0,12,3887,0,0,0,0.0,JP,ios,iPhone13,2755,0,4.2.0
GACHA_40010,GS000550,2024-12-11T17:24:00Z,purchase,,,,0,3,0,0,0,0,0.0,JP,ios,iPhone13,4956,0,4.2.0
GACHA_40010,GS000589,2024-12-11T18:56:00Z,pvp_battle,,,,0,11,3520,0,0,0,0.0,JP,ios,iPhone13,2388,0,4.3.0
GACHA_40010,GS000089,2024-12-11T19:15:00Z,quest_complete,,,,0,10,3464,0,0,0,0.0,JP,ios,iPhone13,2583,0,4.2.1
GACHA_40010,GS000425,2024-12-11T19:48:00Z,purchase,,,,0,4,0,0,0,0,0.0,JP,ios,iPhone13,4707,0,4.2.1
GACHA_40010,GS000218,2024-12-11T21:09:00Z,guild_activity,,,,0,9,0,0,0,0,0.0,JP,ios,iPhone13,4756,0,4.2.1
GACHA_40010,GS000122,2024-12-11T22:00:00Z,quest_complete,,,,0,4,2497,0,0,0,0.0,JP,ios,iPhone13,2748,0,4.2.0
GACHA_40010,GS000317,2024-12-11T23:05:00Z,login_bonus,,,,0,13,0,0,100,0,0.0,JP,ios,iPhone13,1227,0,4.3.0
GACHA_40010,GS000635,2024-12-11T23:36:00Z,login_bonus,,,,0,5,0,0,10,0,0.0,JP,ios,iPhone13,4330,0,4.2.1
GACHA_40066,GS000376,2024-12-12T07:03:00Z,level_up,,,,0,24,0,0,0,0,0.0,US,android,SamsungS24,1657,0,4.2.0
GACHA_40065,GS000655,2024-12-12T07:56:00Z,summon,Limited SSR Yuki,guaranteed,N,64,12,0,0,0,30,0.0,FR,android,SamsungS24,741,0,4.3.0
GACHA_40031,GS000147,2024-12-12T08:35:00Z,login_bonus,,,,0,20,0,0,50,0,0.0,KR,android,OnePlus12,4470,0,4.2.0
GACHA_40066,GS000590,2024-12-12T09:05:00Z,summon,Limited SSR Kai,single,SR,59,26,0,0,0,30,0.0,US,android,SamsungS24,3766,0,4.3.0
GACHA_40065,GS000098,2024-12-12T09:47:00Z,login_bonus,,,,0,9,0,0,100,0,0.0,FR,android,SamsungS24,2411,0,4.3.0
GACHA_40031,GS000685,2024-12-12T09:49:00Z,pvp_battle,,,,0,28,917,0,0,0,0.0,KR,android,OnePlus12,4494,0,4.2.0
GACHA_40075,GS000170,2024-12-12T10:51:00Z,quest_complete,,,,0,24,3301,0,0,0,0.0,FR,ios,iPhone15Pro,1623,0,4.2.0
GACHA_40031,GS000782,2024-12-12T11:42:00Z,quest_complete,,,,0,22,4896,0,0,0,0.0,KR,android,OnePlus12,4555,0,4.2.0
GACHA_40010,GS000413,2024-12-12T11:47:00Z,quest_complete,,,,0,5,704,0,0,0,0.0,JP,ios,iPhone13,2905,1,4.3.0
GACHA_40066,GS000694,2024-12-12T11:53:00Z,login_bonus,,,,0,24,0,0,50,0,0.0,US,android,SamsungS24,515,0,4.2.1
GACHA_40065,GS000424,2024-12-12T12:22:00Z,summon,Anniversary Special,multi_10,SR,63,14,0,0,0,300,0.0,FR,android,SamsungS24,1110,0,4.2.0
GACHA_40025,GS000160,2024-12-12T12:30:00Z,summon,Collab: Anime X,single,R,85,23,0,2,0,30,0.0,BR,android,Pixel8,491,1,4.3.0
GACHA_40065,GS000732,2024-12-12T12:38:00Z,purchase,,,,0,15,0,0,0,0,0.0,FR,android,SamsungS24,4359,0,4.2.1
GACHA_40066,GS000229,2024-12-12T12:57:00Z,level_up,,,,0,25,0,0,0,0,0.0,US,android,SamsungS24,4139,0,4.2.1
GACHA_40031,GS000564,2024-12-12T13:33:00Z,level_up,,,,0,27,0,0,0,0,0.0,KR,android,OnePlus12,2647,0,4.2.1
GACHA_40010,GS000514,2024-12-12T13:37:00Z,summon,Limited SSR Yuki,multi_10,N,32,6,0,0,0,300,0.0,JP,ios,iPhone13,2676,1,4.2.0
GACHA_40031,GS000092,2024-12-12T13:38:00Z,quest_complete,,,,0,28,4890,0,0,0,0.0,KR,android,OnePlus12,3935,0,4.2.1
GACHA_40066,GS000329,2024-12-12T13:47:00Z,quest_complete,,,,0,25,1169,0,0,0,0.0,US,android,SamsungS24,4335,0,4.3.0
GACHA_40065,GS000004,2024-12-12T16:12:00Z,login_bonus,,,,0,13,0,0,50,0,0.0,FR,android,SamsungS24,1462,0,4.3.0
GACHA_40065,GS000125,2024-12-12T17:50:00Z,summon,Rate Up: Fire,multi_10,R,53,10,0,0,0,300,0.0,FR,android,SamsungS24,3383,0,4.2.1
GACHA_40065,GS000246,2024-12-12T18:09:00Z,login_bonus,,,,0,9,0,0,300,0,0.0,FR,android,SamsungS24,5074,0,4.2.0
GACHA_40066,GS000578,2024-12-12T18:35:00Z,level_up,,,,0,18,0,0,0,0,0.0,US,android,SamsungS24,4675,0,4.2.0
GACHA_40066,GS000371,2024-12-12T19:10:00Z,level_up,,,,0,27,0,0,0,0,0.0,US,android,SamsungS24,1318,0,4.2.1
GACHA_40031,GS000401,2024-12-12T19:23:00Z,pvp_battle,,,,0,25,4326,0,0,0,0.0,KR,android,OnePlus12,2585,0,4.2.0
GACHA_40031,GS000332,2024-12-12T19:31:00Z,quest_complete,,,,0,28,4216,0,0,0,0.0,KR,android,OnePlus12,2905,0,4.3.0
GACHA_40066,GS000412,2024-12-12T21:09:00Z,pvp_battle,,,,0,20,3693,0,0,0,0.0,US,android,SamsungS24,5198,0,4.2.1
GACHA_40066,GS000130,2024-12-12T21:20:00Z,summon,Limited SSR Yuki,guaranteed,R,58,25,0,0,0,30,0.0,US,android,SamsungS24,4510,0,4.2.0
GACHA_40065,GS000519,2024-12-12T22:11:00Z,login_bonus,,,,0,6,0,0,30,0,0.0,FR,android,SamsungS24,5315,0,4.2.0
GACHA_40065,GS000757,2024-12-12T22:31:00Z,summon,Standard,multi_10,N,74,15,0,0,0,300,0.0,FR,android,SamsungS24,1003,0,4.2.0
GACHA_40058,GS000825,2024-12-13T09:47:00Z,level_up,,,,0,15,0,0,0,0,0.0,FR,android,SamsungS23,4594,0,4.3.0
GACHA_40065,GS000721,2024-12-13T11:47:00Z,login_bonus,,,,0,12,0,0,300,0,0.0,FR,android,SamsungS24,4726,1,4.3.0
GACHA_40076,GS000543,2024-12-13T11:48:00Z,login_bonus,,,,0,28,0,3,10,0,0.0,US,android,SamsungS23,2855,1,4.2.1
GACHA_40025,GS000187,2024-12-13T14:08:00Z,quest_complete,,,,0,25,2056,2,0,0,0.0,BR,android,Pixel8,1806,2,4.3.0
GACHA_40058,GS000348,2024-12-13T14:40:00Z,summon,Limited SSR Yuki,multi_10,R,21,16,0,0,0,300,0.0,FR,android,SamsungS23,5359,0,4.2.1
GACHA_40058,GS000068,2024-12-13T15:15:00Z,level_up,,,,0,20,0,0,0,0,0.0,FR,android,SamsungS23,4337,0,4.2.0
GACHA_40076,GS000733,2024-12-13T17:18:00Z,summon,Anniversary Special,guaranteed,N,62,23,0,3,0,30,0.0,US,android,SamsungS23,3599,1,4.2.1
GACHA_40058,GS000339,2024-12-13T17:33:00Z,summon,Rate Up: Water,single,R,11,20,0,0,0,30,0.0,FR,android,SamsungS23,5284,0,4.2.1
GACHA_40058,GS000086,2024-12-13T19:05:00Z,guild_activity,,,,0,15,0,0,0,0,0.0,FR,android,SamsungS23,650,0,4.3.0
GACHA_40058,GS000163,2024-12-13T20:21:00Z,pvp_battle,,,,0,17,2827,0,0,0,0.0,FR,android,SamsungS23,4931,0,4.2.1
GACHA_40065,GS000085,2024-12-13T21:04:00Z,level_up,,,,0,10,0,0,0,0,0.0,FR,android,SamsungS24,4680,1,4.3.0
GACHA_40074,GS000265,2024-12-14T07:03:00Z,guild_activity,,,,0,27,0,0,0,0,0.0,TW,ios,iPad Pro,4659,0,4.3.0
GACHA_40042,GS000189,2024-12-14T07:18:00Z,purchase,,,,0,13,0,0,0,0,0.0,JP,android,SamsungS23,3086,0,4.2.1
GACHA_40069,GS000300,2024-12-14T07:24:00Z,level_up,,,,0,28,0,0,0,0,0.0,JP,android,OnePlus12,2105,0,4.2.0
GACHA_40042,GS000193,2024-12-14T07:37:00Z,level_up,,,,0,12,0,0,0,0,0.0,JP,android,SamsungS23,1853,0,4.2.0
GACHA_40069,GS000393,2024-12-14T07:44:00Z,guild_activity,,,,0,31,0,0,0,0,0.0,JP,android,OnePlus12,1922,0,4.2.0
GACHA_40079,GS000576,2024-12-14T08:15:00Z,quest_complete,,,,0,33,916,0,0,0,0.0,KR,android,SamsungS23,5005,0,4.2.0
GACHA_40074,GS000773,2024-12-14T09:19:00Z,pvp_battle,,,,0,28,1129,0,0,0,0.0,TW,ios,iPad Pro,2144,0,4.2.1
GACHA_40079,GS000161,2024-12-14T09:27:00Z,level_up,,,,0,32,0,0,0,0,0.0,KR,android,SamsungS23,1985,0,4.2.0
GACHA_40042,GS000128,2024-12-14T09:51:00Z,guild_activity,,,,0,16,0,0,0,0,0.0,JP,android,SamsungS23,3035,0,4.2.1
GACHA_40079,GS000422,2024-12-14T10:27:00Z,quest_complete,,,,0,27,965,0,0,0,0.0,KR,android,SamsungS23,2114,0,4.3.0
GACHA_40074,GS000207,2024-12-14T10:29:00Z,summon,Collab: Anime X,guaranteed,N,9,22,0,0,0,30,0.0,TW,ios,iPad Pro,4226,0,4.2.1
GACHA_40069,GS000699,2024-12-14T10:57:00Z,summon,Standard,single,N,44,27,0,0,0,30,0.0,JP,android,OnePlus12,1255,0,4.3.0
GACHA_40069,GS000124,2024-12-14T11:02:00Z,quest_complete,,,,0,32,4130,0,0,0,0.0,JP,android,OnePlus12,1666,0,4.3.0
GACHA_40042,GS000165,2024-12-14T11:22:00Z,summon,Rate Up: Water,single,N,84,11,0,0,0,30,0.0,JP,android,SamsungS23,5032,0,4.3.0
GACHA_40076,GS000088,2024-12-14T11:32:00Z,level_up,,,,0,25,0,3,0,0,0.0,US,android,SamsungS23,1442,2,4.2.0
GACHA_40074,GS000798,2024-12-14T11:40:00Z,pvp_battle,,,,0,28,2328,0,0,0,0.0,TW,ios,iPad Pro,3486,0,4.2.1
GACHA_40069,GS000114,2024-12-14T11:52:00Z,summon,Limited SSR Kai,multi_10,R,32,33,0,0,0,300,0.0,JP,android,OnePlus12,2245,0,4.2.0
GACHA_40074,GS000669,2024-12-14T12:24:00Z,login_bonus,,,,0,23,0,0,100,0,0.0,TW,ios,iPad Pro,4680,0,4.3.0
GACHA_40069,GS000649,2024-12-14T12:41:00Z,summon,Standard,single,R,43,27,0,0,0,30,0.0,JP,android,OnePlus12,1844,0,4.2.1
GACHA_40079,GS000461,2024-12-14T12:50:00Z,guild_activity,,,,0,28,0,0,0,0,0.0,KR,android,SamsungS23,2820,0,4.2.1
GACHA_40074,GS000247,2024-12-14T13:35:00Z,quest_complete,,,,0,27,2120,0,0,0,0.0,TW,ios,iPad Pro,4950,0,4.3.0
GACHA_40074,GS000613,2024-12-14T13:37:00Z,purchase,,,,0,29,0,0,0,0,0.0,TW,ios,iPad Pro,4186,0,4.2.0
GACHA_40042,GS000443,2024-12-14T13:39:00Z,login_bonus,,,,0,16,0,0,300,0,0.0,JP,android,SamsungS23,936,0,4.2.1
GACHA_40079,GS000796,2024-12-14T13:54:00Z,pvp_battle,,,,0,33,3862,0,0,0,0.0,KR,android,SamsungS23,4192,0,4.2.1
GACHA_40042,GS000238,2024-12-14T14:40:00Z,pvp_battle,,,,0,19,3691,0,0,0,0.0,JP,android,SamsungS23,4043,0,4.2.0
GACHA_40074,GS000167,2024-12-14T15:07:00Z,quest_complete,,,,0,24,463,0,0,0,0.0,TW,ios,iPad Pro,1830,0,4.2.0
GACHA_40074,GS000084,2024-12-14T16:01:00Z,pvp_battle,,,,0,32,4359,0,0,0,0.0,TW,ios,iPad Pro,3740,0,4.2.1
GACHA_40069,GS000558,2024-12-14T16:02:00Z,guild_activity,,,,0,24,0,0,0,0,0.0,JP,android,OnePlus12,5383,0,4.2.0
GACHA_40042,GS000008,2024-12-14T16:07:00Z,login_bonus,,,,0,20,0,0,50,0,0.0,JP,android,SamsungS23,5350,0,4.2.0
GACHA_40079,GS000530,2024-12-14T16:07:00Z,level_up,,,,0,29,0,0,0,0,0.0,KR,android,SamsungS23,4507,0,4.2.1
GACHA_40004,GS000419,2024-12-14T16:08:00Z,pvp_battle,,,,0,35,3380,3,0,0,0.0,CN,ios,iPhone15Pro,2338,0,4.3.0
GACHA_40069,GS000431,2024-12-14T17:10:00Z,quest_complete,,,,0,23,1808,0,0,0,0.0,JP,android,OnePlus12,2357,0,4.3.0
GACHA_40076,GS000237,2024-12-14T17:16:00Z,pvp_battle,,,,0,24,1066,3,0,0,0.0,US,android,SamsungS23,915,2,4.2.1
GACHA_40004,GS000094,2024-12-14T18:51:00Z,summon,Limited SSR Kai,guaranteed,SR,76,28,0,3,0,30,0.0,CN,ios,iPhone15Pro,4362,0,4.2.0
GACHA_40079,GS000045,2024-12-14T19:17:00Z,login_bonus,,,,0,27,0,0,10,0,0.0,KR,android,SamsungS23,5361,0,4.2.0
GACHA_40079,GS000780,2024-12-14T19:21:00Z,level_up,,,,0,28,0,0,0,0,0.0,KR,android,SamsungS23,4981,0,4.2.1
GACHA_40079,GS000260,2024-12-14T19:24:00Z,quest_complete,,,,0,35,2412,0,0,0,0.0,KR,android,SamsungS23,2983,0,4.3.0
GACHA_40004,GS000159,2024-12-14T19:44:00Z,purchase,,,,0,36,0,3,0,0,4.99,CN,ios,iPhone15Pro,4541,0,4.3.0
GACHA_40004,GS000333,2024-12-14T20:06:00Z,login_bonus,,,,0,28,0,3,30,0,0.0,CN,ios,iPhone15Pro,4613,0,4.2.1
GACHA_40069,GS000456,2024-12-14T20:13:00Z,summon,Anniversary Special,multi_10,SR,42,30,0,0,0,300,0.0,JP,android,OnePlus12,2471,0,4.2.0
GACHA_40055,GS000382,2024-12-14T20:45:00Z,login_bonus,,,,0,10,0,0,30,0,0.0,KR,ios,iPhone14Pro,2436,0,4.2.0
GACHA_40074,GS000518,2024-12-14T20:46:00Z,guild_activity,,,,0,26,0,0,0,0,0.0,TW,ios,iPad Pro,2085,0,4.3.0
GACHA_40075,GS000173,2024-12-14T20:58:00Z,quest_complete,,,,0,20,2246,0,0,0,0.0,FR,ios,iPhone15Pro,3662,2,4.2.0
GACHA_40079,GS000525,2024-12-14T21:01:00Z,summon,Limited SSR Kai,single,N,58,29,0,0,0,30,0.0,KR,android,SamsungS23,1970,0,4.2.1
GACHA_40074,GS000631,2024-12-14T21:12:00Z,pvp_battle,,,,0,25,1912,0,0,0,0.0,TW,ios,iPad Pro,3462,0,4.2.0
GACHA_40074,GS000753,2024-12-14T21:40:00Z,quest_complete,,,,0,27,4897,0,0,0,0.0,TW,ios,iPad Pro,5019,0,4.2.0
GACHA_40079,GS000153,2024-12-14T23:32:00Z,level_up,,,,0,29,0,0,0,0,0.0,KR,android,SamsungS23,4258,0,4.2.0
GACHA_40058,GS000774,2024-12-14T23:36:00Z,summon,Limited SSR Yuki,multi_10,N,31,14,0,0,0,300,0.0,FR,android,SamsungS23,730,1,4.3.0
GACHA_40069,GS000449,2024-12-14T23:46:00Z,login_bonus,,,,0,27,0,0,300,0,0.0,JP,android,OnePlus12,5306,0,4.2.1
GACHA_40079,GS000715,2024-12-15T07:42:00Z,login_bonus,,,,0,34,0,0,300,0,0.0,KR,android,SamsungS23,3629,1,4.3.0
GACHA_40072,GS000143,2024-12-15T07:49:00Z,summon,Limited SSR Kai,multi_10,R,29,33,0,0,0,300,0.0,BR,android,XiaomiRedmi,3479,0,4.2.1
GACHA_40075,GS000604,2024-12-15T09:37:00Z,level_up,,,,0,22,0,0,0,0,0.0,FR,ios,iPhone15Pro,3942,3,4.2.0
GACHA_40021,GS000601,2024-12-15T09:39:00Z,quest_complete,,,,0,4,1564,0,0,0,0.0,DE,android,SamsungS23,3970,0,4.2.0
GACHA_40042,GS000052,2024-12-15T09:55:00Z,level_up,,,,0,10,0,0,0,0,0.0,JP,android,SamsungS23,1330,1,4.2.1
GACHA_40021,GS000536,2024-12-15T11:04:00Z,summon,Limited SSR Kai,single,SR,84,8,0,0,0,30,0.0,DE,android,SamsungS23,973,0,4.2.1
GACHA_40072,GS000827,2024-12-15T11:33:00Z,login_bonus,,,,0,24,0,0,100,0,0.0,BR,android,XiaomiRedmi,1598,0,4.2.0
GACHA_40021,GS000038,2024-12-15T12:24:00Z,quest_complete,,,,0,13,2821,0,0,0,0.0,DE,android,SamsungS23,965,0,4.3.0
GACHA_40072,GS000182,2024-12-15T13:19:00Z,summon,Rate Up: Water,single,SR,30,29,0,0,0,30,0.0,BR,android,XiaomiRedmi,535,0,4.2.0
GACHA_40072,GS000458,2024-12-15T13:44:00Z,pvp_battle,,,,0,32,1244,0,0,0,0.0,BR,android,XiaomiRedmi,1401,0,4.3.0
GACHA_40089,GS000253,2024-12-15T14:07:00Z,quest_complete,,,,0,64,1568,4,0,0,0.0,BR,android,SamsungS23,4194,4,4.2.1
GACHA_40004,GS000150,2024-12-15T14:37:00Z,quest_complete,,,,0,28,1951,3,0,0,0.0,CN,ios,iPhone15Pro,1061,1,4.2.0
GACHA_40021,GS000134,2024-12-15T15:34:00Z,level_up,,,,0,6,0,0,0,0,0.0,DE,android,SamsungS23,797,0,4.2.0
GACHA_40004,GS000682,2024-12-15T16:01:00Z,level_up,,,,0,37,0,3,0,0,0.0,CN,ios,iPhone15Pro,2398,1,4.3.0
GACHA_40021,GS000277,2024-12-15T17:06:00Z,login_bonus,,,,0,7,0,0,30,0,0.0,DE,android,SamsungS23,5076,0,4.3.0
GACHA_40072,GS000148,2024-12-15T18:24:00Z,quest_complete,,,,0,33,4612,0,0,0,0.0,BR,android,XiaomiRedmi,1166,0,4.2.0
GACHA_40004,GS000245,2024-12-15T18:54:00Z,guild_activity,,,,0,28,0,3,0,0,0.0,CN,ios,iPhone15Pro,2681,1,4.2.1
GACHA_40072,GS000111,2024-12-15T18:59:00Z,login_bonus,,,,0,33,0,0,50,0,0.0,BR,android,XiaomiRedmi,3819,0,4.2.0
GACHA_40021,GS000633,2024-12-15T19:03:00Z,summon,Rate Up: Fire,multi_10,SSR,94,8,0,0,0,300,0.0,DE,android,SamsungS23,607,0,4.2.0
GACHA_40025,GS000203,2024-12-15T19:51:00Z,purchase,,,,0,20,0,2,0,0,9.99,BR,android,Pixel8,1607,4,4.3.0
GACHA_40021,GS000162,2024-12-15T23:00:00Z,level_up,,,,0,8,0,0,0,0,0.0,DE,android,SamsungS23,1588,0,4.2.1
GACHA_40041,GS000050,2024-12-15T23:23:00Z,purchase,,,,0,37,0,0,0,0,0.0,TW,android,Pixel8,4412,0,4.2.0
GACHA_40076,GS000042,2024-12-15T23:38:00Z,pvp_battle,,,,0,22,1253,3,0,0,0.0,US,android,SamsungS23,574,3,4.2.0
GACHA_40012,GS000729,2024-12-16T09:30:00Z,guild_activity,,,,0,23,0,0,0,0,0.0,JP,android,XiaomiRedmi,4028,0,4.2.0
GACHA_40025,GS000607,2024-12-16T09:51:00Z,summon,Limited SSR Kai,multi_10,SSR,95,19,0,2,0,300,0.0,BR,android,Pixel8,1612,5,4.2.0
GACHA_40059,GS000177,2024-12-16T10:30:00Z,level_up,,,,0,15,0,0,0,0,0.0,DE,android,Pixel8,3357,0,4.3.0
GACHA_40075,GS000763,2024-12-16T10:48:00Z,guild_activity,,,,0,18,0,0,0,0,0.0,FR,ios,iPhone15Pro,1144,4,4.3.0
GACHA_40012,GS000421,2024-12-16T10:53:00Z,guild_activity,,,,0,23,0,0,0,0,0.0,JP,android,XiaomiRedmi,2325,0,4.2.0
GACHA_40059,GS000437,2024-12-16T12:37:00Z,purchase,,,,0,12,0,0,0,0,0.0,DE,android,Pixel8,5021,0,4.2.1
GACHA_40059,GS000135,2024-12-16T12:46:00Z,pvp_battle,,,,0,14,3371,0,0,0,0.0,DE,android,Pixel8,3549,0,4.2.1
GACHA_40012,GS000105,2024-12-16T13:18:00Z,summon,Rate Up: Water,multi_10,N,45,25,0,0,0,300,0.0,JP,android,XiaomiRedmi,743,0,4.2.1
GACHA_40012,GS000271,2024-12-16T13:24:00Z,summon,Limited SSR Yuki,multi_10,N,55,26,0,0,0,300,0.0,JP,android,XiaomiRedmi,3009,0,4.2.0
GACHA_40048,GS000479,2024-12-16T13:41:00Z,purchase,,,,0,30,0,0,0,0,0.0,TW,android,SamsungS23,2058,0,4.3.0
GACHA_40012,GS000195,2024-12-16T13:49:00Z,guild_activity,,,,0,24,0,0,0,0,0.0,JP,android,XiaomiRedmi,1218,0,4.2.1
GACHA_40012,GS000181,2024-12-16T15:04:00Z,pvp_battle,,,,0,27,2219,0,0,0,0.0,JP,android,XiaomiRedmi,4649,0,4.2.0
GACHA_40035,GS000137,2024-12-16T15:27:00Z,login_bonus,,,,0,21,0,2,30,0,0.0,TW,ios,iPhone14Pro,1390,1,4.3.0
GACHA_40059,GS000355,2024-12-16T15:58:00Z,pvp_battle,,,,0,20,1698,0,0,0,0.0,DE,android,Pixel8,4643,0,4.2.1
GACHA_40012,GS000053,2024-12-16T17:23:00Z,pvp_battle,,,,0,20,152,0,0,0,0.0,JP,android,XiaomiRedmi,1519,0,4.3.0
GACHA_40059,GS000178,2024-12-16T17:46:00Z,summon,Collab: Anime X,multi_10,R,71,16,0,0,0,300,0.0,DE,android,Pixel8,4473,0,4.2.0
GACHA_40059,GS000813,2024-12-16T18:38:00Z,quest_complete,,,,0,16,2920,0,0,0,0.0,DE,android,Pixel8,1669,0,4.2.0
GACHA_40059,GS000031,2024-12-16T18:45:00Z,summon,Limited SSR Yuki,guaranteed,R,61,11,0,0,0,30,0.0,DE,android,Pixel8,2496,0,4.3.0
GACHA_40012,GS000205,2024-12-16T19:37:00Z,login_bonus,,,,0,30,0,0,30,0,0.0,JP,android,XiaomiRedmi,4551,0,4.2.0
GACHA_40059,GS000834,2024-12-16T21:39:00Z,summon,Standard,single,N,73,13,0,0,0,30,0.0,DE,android,Pixel8,3040,0,4.3.0
GACHA_40012,GS000158,2024-12-16T21:47:00Z,login_bonus,,,,0,24,0,0,50,0,0.0,JP,android,XiaomiRedmi,5098,0,4.2.1
GACHA_40035,GS000303,2024-12-16T21:50:00Z,quest_complete,,,,0,23,3505,2,0,0,0.0,TW,ios,iPhone14Pro,1217,1,4.2.1
GACHA_40012,GS000771,2024-12-16T23:00:00Z,level_up,,,,0,20,0,0,0,0,0.0,JP,android,XiaomiRedmi,5176,0,4.2.0
GACHA_40012,GS000557,2024-12-16T23:55:00Z,guild_activity,,,,0,23,0,0,0,0,0.0,JP,android,XiaomiRedmi,5388,0,4.3.0
GACHA_40012,GS000840,2024-12-17T07:16:00Z,level_up,,,,0,25,0,0,0,0,0.0,JP,android,XiaomiRedmi,2484,1,4.2.1
GACHA_40041,GS000279,2024-12-17T07:27:00Z,quest_complete,,,,0,31,4407,0,0,0,0.0,TW,android,Pixel8,1444,2,4.3.0
GACHA_40059,GS000625,2024-12-17T08:18:00Z,level_up,,,,0,12,0,0,0,0,0.0,DE,android,Pixel8,2789,1,4.2.0
GACHA_40028,GS000223,2024-12-17T09:27:00Z,guild_activity,,,,0,30,0,3,0,0,0.0,BR,android,OnePlus12,4191,3,4.2.1
GACHA_40075,GS000325,2024-12-17T10:44:00Z,summon,Standard,single,SR,76,24,0,0,0,30,0.0,FR,ios,iPhone15Pro,3800,5,4.3.0
GACHA_40059,GS000545,2024-12-17T10:50:00Z,summon,Limited SSR Kai,single,N,72,14,0,0,0,30,0.0,DE,android,Pixel8,4335,1,4.2.0
GACHA_40059,GS000573,2024-12-17T12:22:00Z,level_up,,,,0,15,0,0,0,0,0.0,DE,android,Pixel8,1900,1,4.2.0
GACHA_40012,GS000532,2024-12-17T13:43:00Z,summon,Anniversary Special,guaranteed,SR,56,20,0,0,0,30,0.0,JP,android,XiaomiRedmi,3516,1,4.3.0
GACHA_40076,GS000311,2024-12-17T13:45:00Z,summon,Rate Up: Fire,multi_10,N,61,22,0,3,0,300,0.0,US,android,SamsungS23,560,5,4.2.0
GACHA_40025,GS000549,2024-12-17T16:25:00Z,level_up,,,,0,18,0,2,0,0,0.0,BR,android,Pixel8,4693,6,4.2.0
GACHA_40075,GS000706,2024-12-17T16:29:00Z,level_up,,,,0,22,0,0,0,0,0.0,FR,ios,iPhone15Pro,2500,5,4.2.1
GACHA_40025,GS000343,2024-12-17T17:18:00Z,pvp_battle,,,,0,28,2247,2,0,0,0.0,BR,android,Pixel8,3164,6,4.2.1
GACHA_40055,GS000814,2024-12-17T20:28:00Z,quest_complete,,,,0,5,774,0,0,0,0.0,KR,ios,iPhone14Pro,3814,3,4.2.0
GACHA_40075,GS000665,2024-12-17T21:45:00Z,level_up,,,,0,18,0,0,0,0,0.0,FR,ios,iPhone15Pro,1341,5,4.2.1
GACHA_40055,GS000077,2024-12-17T22:30:00Z,summon,Rate Up: Water,single,R,15,4,0,0,0,30,0.0,KR,ios,iPhone14Pro,2775,3,4.2.1
GACHA_40035,GS000119,2024-12-18T12:11:00Z,quest_complete,,,,0,23,889,2,0,0,0.0,TW,ios,iPhone14Pro,1487,3,4.3.0
GACHA_40075,GS000547,2024-12-18T16:33:00Z,summon,Standard,guaranteed,R,77,16,0,0,0,30,0.0,FR,ios,iPhone15Pro,4890,6,4.3.0
GACHA_40075,GS000284,2024-12-18T17:37:00Z,level_up,,,,0,23,0,0,0,0,0.0,FR,ios,iPhone15Pro,5274,6,4.2.0
GACHA_40041,GS000338,2024-12-18T18:13:00Z,level_up,,,,0,31,0,0,0,0,0.0,TW,android,Pixel8,2962,3,4.3.0
GACHA_40045,GS000267,2024-12-18T19:12:00Z,quest_complete,,,,0,30,1225,0,0,0,0.0,DE,android,OnePlus12,902,2,4.2.0
GACHA_40075,GS000346,2024-12-18T19:20:00Z,purchase,,,,0,25,0,0,0,0,0.0,FR,ios,iPhone15Pro,1410,6,4.3.0
GACHA_40025,GS000719,2024-12-18T21:00:00Z,level_up,,,,0,20,0,2,0,0,0.0,BR,android,Pixel8,1703,7,4.2.1
GACHA_40048,GS000337,2024-12-19T07:12:00Z,summon,Rate Up: Fire,multi_10,R,58,30,0,0,0,300,0.0,TW,android,SamsungS23,4322,3,4.2.1
GACHA_40041,GS000322,2024-12-19T07:45:00Z,guild_activity,,,,0,37,0,0,0,0,0.0,TW,android,Pixel8,961,4,4.3.0
GACHA_40075,GS000570,2024-12-19T08:15:00Z,purchase,,,,0,24,0,0,0,0,0.0,FR,ios,iPhone15Pro,3149,7,4.2.0
GACHA_40086,GS000832,2024-12-19T09:38:00Z,purchase,,,,0,15,0,0,0,0,0.0,JP,ios,iPhone15Pro,4817,0,4.2.0
GACHA_40041,GS000717,2024-12-19T12:53:00Z,level_up,,,,0,30,0,0,0,0,0.0,TW,android,Pixel8,4176,4,4.2.1
GACHA_40086,GS000745,2024-12-19T12:55:00Z,guild_activity,,,,0,12,0,0,0,0,0.0,JP,ios,iPhone15Pro,1346,0,4.3.0
GACHA_40001,GS000204,2024-12-19T13:47:00Z,level_up,,,,0,73,0,9,0,0,0.0,CN,android,Pixel8,1268,0,4.2.1
GACHA_40076,GS000689,2024-12-19T14:42:00Z,quest_complete,,,,0,25,1202,3,0,0,0.0,US,android,SamsungS23,401,7,4.2.0
GACHA_40075,GS000575,2024-12-19T15:17:00Z,guild_activity,,,,0,22,0,0,0,0,0.0,FR,ios,iPhone15Pro,1203,7,4.2.1
GACHA_40055,GS000524,2024-12-19T15:54:00Z,level_up,,,,0,9,0,0,0,0,0.0,KR,ios,iPhone14Pro,2010,5,4.3.0
GACHA_40089,GS000257,2024-12-19T15:56:00Z,quest_complete,,,,0,63,2440,4,0,0,0.0,BR,android,SamsungS23,426,8,4.2.1
GACHA_40086,GS000388,2024-12-19T18:25:00Z,level_up,,,,0,14,0,0,0,0,0.0,JP,ios,iPhone15Pro,2280,0,4.2.0
GACHA_40086,GS000646,2024-12-19T19:15:00Z,quest_complete,,,,0,10,180,0,0,0,0.0,JP,ios,iPhone15Pro,5282,0,4.2.0
GACHA_40001,GS000131,2024-12-19T19:52:00Z,quest_complete,,,,0,82,1284,9,0,0,0.0,CN,android,Pixel8,2993,0,4.2.1
GACHA_40086,GS000227,2024-12-19T20:40:00Z,summon,Rate Up: Fire,multi_10,R,85,13,0,0,0,300,0.0,JP,ios,iPhone15Pro,2043,0,4.2.1
GACHA_40086,GS000289,2024-12-19T22:16:00Z,level_up,,,,0,17,0,0,0,0,0.0,JP,ios,iPhone15Pro,761,0,4.2.0
GACHA_40055,GS000617,2024-12-19T22:16:00Z,pvp_battle,,,,0,11,118,0,0,0,0.0,KR,ios,iPhone14Pro,1955,5,4.2.1
GACHA_40086,GS000377,2024-12-19T22:46:00Z,login_bonus,,,,0,14,0,0,50,0,0.0,JP,ios,iPhone15Pro,2654,0,4.3.0
GACHA_40086,GS000091,2024-12-19T23:53:00Z,summon,Anniversary Special,multi_10,R,75,12,0,0,0,300,0.0,JP,ios,iPhone15Pro,3579,0,4.3.0
GACHA_40022,GS000537,2024-12-20T08:51:00Z,summon,Rate Up: Water,single,N,53,54,0,6,0,30,0.0,KR,android,OnePlus12,3056,0,4.3.0
GACHA_40008,GS000060,2024-12-20T10:03:00Z,level_up,,,,0,62,0,8,0,0,0.0,JP,ios,iPhone15Pro,2018,0,4.3.0
GACHA_40008,GS000239,2024-12-20T10:11:00Z,login_bonus,,,,0,61,0,8,50,0,0.0,JP,ios,iPhone15Pro,3594,0,4.2.0
GACHA_40049,GS000486,2024-12-20T10:27:00Z,level_up,,,,0,21,0,4,0,0,0.0,US,android,XiaomiRedmi,4193,0,4.2.1
GACHA_40022,GS000817,2024-12-20T10:35:00Z,guild_activity,,,,0,56,0,6,0,0,0.0,KR,android,OnePlus12,2555,0,4.2.0
GACHA_40041,GS000824,2024-12-20T11:29:00Z,quest_complete,,,,0,33,125,0,0,0,0.0,TW,android,Pixel8,2816,5,4.3.0
GACHA_40088,GS000362,2024-12-20T11:34:00Z,summon,Rate Up: Fire,multi_10,N,46,27,0,3,0,300,0.0,US,ios,iPad Pro,854,6,4.3.0
GACHA_40022,GS000057,2024-12-20T11:38:00Z,pvp_battle,,,,0,53,743,6,0,0,0.0,KR,android,OnePlus12,2301,0,4.2.1
GACHA_40008,GS000445,2024-12-20T13:18:00Z,pvp_battle,,,,0,67,2231,8,0,0,0.0,JP,ios,iPhone15Pro,1896,0,4.2.1
GACHA_40022,GS000526,2024-12-20T13:20:00Z,quest_complete,,,,0,57,2012,6,0,0,0.0,KR,android,OnePlus12,1533,0,4.2.0
GACHA_40086,GS000677,2024-12-20T14:18:00Z,level_up,,,,0,14,0,0,0,0,0.0,JP,ios,iPhone15Pro,1967,1,4.2.1
GACHA_40045,GS000794,2024-12-20T14:33:00Z,purchase,,,,0,34,0,0,0,0,0.0,DE,android,OnePlus12,1672,4,4.2.0
GACHA_40008,GS000713,2024-12-20T15:40:00Z,pvp_battle,,,,0,65,3342,8,0,0,0.0,JP,ios,iPhone15Pro,1687,0,4.2.1
GACHA_40077,GS000242,2024-12-20T16:11:00Z,login_bonus,,,,0,46,0,7,100,0,0.0,JP,ios,iPhone13,5055,4,4.2.1
GACHA_40035,GS000036,2024-12-20T16:57:00Z,quest_complete,,,,0,19,748,2,0,0,0.0,TW,ios,iPhone14Pro,4202,5,4.2.1
GACHA_40022,GS000387,2024-12-20T17:04:00Z,summon,Collab: Anime X,guaranteed,N,52,56,0,6,0,30,0.0,KR,android,OnePlus12,4871,0,4.2.0
GACHA_40001,GS000409,2024-12-20T18:48:00Z,purchase,,,,0,79,0,9,0,0,49.99,CN,android,Pixel8,1949,1,4.3.0
GACHA_40001,GS000595,2024-12-20T19:19:00Z,pvp_battle,,,,0,78,2400,9,0,0,0.0,CN,android,Pixel8,3071,1,4.2.0
GACHA_40049,GS000623,2024-12-20T19:24:00Z,pvp_battle,,,,0,18,808,4,0,0,0.0,US,android,XiaomiRedmi,2110,0,4.2.1
GACHA_40008,GS000836,2024-12-20T20:01:00Z,level_up,,,,0,62,0,8,0,0,0.0,JP,ios,iPhone15Pro,2728,0,4.2.1
GACHA_40035,GS000043,2024-12-20T20:10:00Z,pvp_battle,,,,0,23,594,2,0,0,0.0,TW,ios,iPhone14Pro,4770,5,4.2.0
GACHA_40022,GS000535,2024-12-20T20:32:00Z,guild_activity,,,,0,61,0,6,0,0,0.0,KR,android,OnePlus12,1550,0,4.2.0
GACHA_40054,GS000356,2024-12-20T21:15:00Z,guild_activity,,,,0,65,0,6,0,0,0.0,US,android,XiaomiRedmi,3079,0,4.2.1
GACHA_40008,GS000224,2024-12-20T21:19:00Z,summon,Collab: Anime X,guaranteed,N,80,62,0,8,0,30,0.0,JP,ios,iPhone15Pro,3975,0,4.2.0
GACHA_40008,GS000785,2024-12-20T21:53:00Z,summon,Limited SSR Yuki,multi_10,SR,10,65,0,8,0,300,0.0,JP,ios,iPhone15Pro,3106,0,4.2.1
GACHA_40055,GS000062,2024-12-20T22:06:00Z,quest_complete,,,,0,10,1584,0,0,0,0.0,KR,ios,iPhone14Pro,5287,6,4.3.0
GACHA_40008,GS000752,2024-12-20T22:53:00Z,summon,Limited SSR Yuki,multi_10,SSR,90,68,0,8,0,300,0.0,JP,ios,iPhone15Pro,4798,0,4.2.0
GACHA_40008,GS000326,2024-12-20T23:15:00Z,quest_complete,,,,0,66,3880,8,0,0,0.0,JP,ios,iPhone15Pro,2859,0,4.2.0
GACHA_40064,GS000599,2024-12-21T07:40:00Z,quest_complete,,,,0,38,4078,4,0,0,0.0,CN,android,Pixel8,483,0,4.2.0
GACHA_40064,GS000294,2024-12-21T08:07:00Z,pvp_battle,,,,0,36,1437,4,0,0,0.0,CN,android,Pixel8,2153,0,4.2.1
GACHA_40055,GS000198,2024-12-21T08:39:00Z,summon,Anniversary Special,guaranteed,SR,16,4,0,0,0,30,0.0,KR,ios,iPhone14Pro,304,7,4.3.0
GACHA_40064,GS000471,2024-12-21T10:05:00Z,summon,Limited SSR Kai,multi_10,N,37,42,0,4,0,300,0.0,CN,android,Pixel8,889,0,4.2.1
GACHA_40055,GS000012,2024-12-21T11:04:00Z,guild_activity,,,,0,9,0,0,0,0,0.0,KR,ios,iPhone14Pro,2963,7,4.2.1
GACHA_40064,GS000606,2024-12-21T11:51:00Z,quest_complete,,,,0,37,3478,4,0,0,0.0,CN,android,Pixel8,3960,0,4.3.0
GACHA_40022,GS000318,2024-12-21T12:00:00Z,quest_complete,,,,0,62,4550,6,0,0,0.0,KR,android,OnePlus12,3879,1,4.3.0
GACHA_40035,GS000485,2024-12-21T13:22:00Z,pvp_battle,,,,0,27,4750,2,0,0,0.0,TW,ios,iPhone14Pro,597,6,4.3.0
GACHA_40014,GS000792,2024-12-21T13:39:00Z,level_up,,,,0,33,0,1,0,0,0.0,CN,android,OnePlus12,2634,0,4.2.1
GACHA_40035,GS000395,2024-12-21T14:16:00Z,login_bonus,,,,0,25,0,2,300,0,0.0,TW,ios,iPhone14Pro,4657,6,4.2.0
GACHA_40064,GS000168,2024-12-21T14:22:00Z,quest_complete,,,,0,37,3517,4,0,0,0.0,CN,android,Pixel8,4293,0,4.2.0
GACHA_40064,GS000399,2024-12-21T16:57:00Z,summon,Anniversary Special,guaranteed,SR,27,34,0,4,0,30,0.0,CN,android,Pixel8,4153,0,4.2.1
GACHA_40008,GS000577,2024-12-21T18:00:00Z,pvp_battle,,,,0,63,4493,8,0,0,0.0,JP,ios,iPhone15Pro,1681,1,4.2.1
GACHA_40041,GS000108,2024-12-21T18:15:00Z,level_up,,,,0,27,0,0,0,0,0.0,TW,android,Pixel8,5026,6,4.2.0
GACHA_40089,GS000455,2024-12-21T18:34:00Z,summon,Rate Up: Fire,guaranteed,N,17,64,0,4,0,30,0.0,BR,android,SamsungS23,2434,10,4.3.0
GACHA_40049,GS000110,2024-12-21T19:08:00Z,guild_activity,,,,0,25,0,4,0,0,0.0,US,android,XiaomiRedmi,2528,1,4.2.0
GACHA_40064,GS000259,2024-12-21T19:30:00Z,purchase,,,,0,41,0,4,0,0,9.99,CN,android,Pixel8,2301,0,4.2.0
GACHA_40064,GS000507,2024-12-21T20:43:00Z,summon,Standard,multi_10,R,47,39,0,4,0,300,0.0,CN,android,Pixel8,4937,0,4.2.0
GACHA_40064,GS000347,2024-12-21T21:34:00Z,login_bonus,,,,0,39,0,4,30,0,0.0,CN,android,Pixel8,4348,0,4.2.1
GACHA_40064,GS000502,2024-12-21T23:05:00Z,level_up,,,,0,34,0,4,0,0,0.0,CN,android,Pixel8,4053,0,4.2.0
GACHA_40014,GS000618,2024-12-21T23:25:00Z,summon,Limited SSR Kai,single,R,1,41,0,1,0,30,0.0,CN,android,OnePlus12,3622,0,4.2.0
GACHA_40027,GS000503,2024-12-22T07:46:00Z,pvp_battle,,,,0,10,834,0,0,0,0.0,KR,android,Pixel8,2338,0,4.2.0
GACHA_40045,GS000539,2024-12-22T08:06:00Z,summon,Standard,multi_10,R,53,34,0,0,0,300,0.0,DE,android,OnePlus12,4690,6,4.3.0
GACHA_40077,GS000772,2024-12-22T09:24:00Z,login_bonus,,,,0,48,0,7,30,0,0.0,JP,ios,iPhone13,5174,6,4.2.0
GACHA_40014,GS000097,2024-12-22T10:32:00Z,login_bonus,,,,0,33,0,1,50,0,0.0,CN,android,OnePlus12,4004,1,4.3.0
GACHA_40027,GS000505,2024-12-22T13:08:00Z,quest_complete,,,,0,5,2795,0,0,0,0.0,KR,android,Pixel8,4506,0,4.2.1
GACHA_40014,GS000149,2024-12-22T14:07:00Z,purchase,,,,0,33,0,1,0,0,0.99,CN,android,OnePlus12,3724,1,4.2.1
GACHA_40041,GS000041,2024-12-22T14:47:00Z,level_up,,,,0,31,0,0,0,0,0.0,TW,android,Pixel8,4965,7,4.2.0
GACHA_40027,GS000639,2024-12-22T14:53:00Z,quest_complete,,,,0,13,1488,0,0,0,0.0,KR,android,Pixel8,5054,0,4.2.0
GACHA_40014,GS000190,2024-12-22T14:56:00Z,summon,Limited SSR Kai,single,N,88,34,0,1,0,30,0.0,CN,android,OnePlus12,2433,1,4.3.0
GACHA_40041,GS000467,2024-12-22T16:11:00Z,pvp_battle,,,,0,34,945,0,0,0,0.0,TW,android,Pixel8,1183,7,4.2.0
GACHA_40014,GS000809,2024-12-22T16:28:00Z,level_up,,,,0,37,0,1,0,0,0.0,CN,android,OnePlus12,4222,1,4.2.0
GACHA_40032,GS000561,2024-12-22T17:19:00Z,summon,Standard,single,R,60,64,0,7,0,30,0.0,US,android,Pixel8,1684,1,4.2.1
GACHA_40027,GS000288,2024-12-22T17:46:00Z,summon,Rate Up: Fire,single,SR,63,11,0,0,0,30,0.0,KR,android,Pixel8,5113,0,4.2.1
GACHA_40032,GS000447,2024-12-22T18:12:00Z,level_up,,,,0,60,0,7,0,0,0.0,US,android,Pixel8,3118,1,4.2.1
GACHA_40041,GS000407,2024-12-22T18:37:00Z,purchase,,,,0,34,0,0,0,0,0.0,TW,android,Pixel8,2156,7,4.3.0
GACHA_40027,GS000002,2024-12-22T21:03:00Z,login_bonus,,,,0,11,0,0,30,0,0.0,KR,android,Pixel8,1044,0,4.2.1
GACHA_40027,GS000506,2024-12-22T21:15:00Z,level_up,,,,0,9,0,0,0,0,0.0,KR,android,Pixel8,1776,0,4.2.0
GACHA_40054,GS000391,2024-12-22T23:45:00Z,summon,Limited SSR Yuki,guaranteed,SSR,29,72,0,6,0,30,0.0,US,android,XiaomiRedmi,996,2,4.3.0
GACHA_40060,GS000103,2024-12-23T07:46:00Z,level_up,,,,0,41,0,1,0,0,0.0,US,ios,iPhone14Pro,2422,0,4.3.0
GACHA_40028,GS000844,2024-12-23T08:54:00Z,level_up,,,,0,23,0,3,0,0,0.0,BR,android,OnePlus12,3507,9,4.2.0
GACHA_40088,GS000846,2024-12-23T09:30:00Z,summon,Rate Up: Fire,multi_10,R,10,37,0,3,0,300,0.0,US,ios,iPad Pro,860,9,4.3.0
GACHA_40080,GS000838,2024-12-23T09:32:00Z,pvp_battle,,,,0,22,4794,0,0,0,0.0,KR,android,SamsungS23,2995,2,4.2.1
GACHA_40045,GS000726,2024-12-23T10:01:00Z,pvp_battle,,,,0,29,1001,0,0,0,0.0,DE,android,OnePlus12,3470,7,4.2.1
GACHA_40027,GS000058,2024-12-23T10:24:00Z,pvp_battle,,,,0,8,1142,0,0,0,0.0,KR,android,Pixel8,3466,1,4.3.0
GACHA_40027,GS000432,2024-12-23T11:30:00Z,summon,Limited SSR Yuki,guaranteed,R,64,5,0,0,0,30,0.0,KR,android,Pixel8,1663,1,4.2.1
GACHA_40060,GS000586,2024-12-23T12:33:00Z,pvp_battle,,,,0,34,3243,1,0,0,0.0,US,ios,iPhone14Pro,1710,0,4.2.1
GACHA_40030,GS000308,2024-12-23T14:09:00Z,pvp_battle,,,,0,20,1347,0,0,0,0.0,JP,ios,iPhone15Pro,4751,1,4.3.0
GACHA_40014,GS000826,2024-12-23T17:35:00Z,summon,Anniversary Special,single,N,2,37,0,1,0,30,0.0,CN,android,OnePlus12,2833,2,4.2.0
GACHA_40014,GS000379,2024-12-23T18:17:00Z,quest_complete,,,,0,40,726,1,0,0,0.0,CN,android,OnePlus12,476,2,4.3.0
GACHA_40054,GS000594,2024-12-23T19:59:00Z,summon,Rate Up: Water,multi_10,SSR,10,72,0,6,0,300,0.0,US,android,XiaomiRedmi,459,3,4.3.0
GACHA_40054,GS000512,2024-12-23T22:02:00Z,purchase,,,,0,71,0,6,0,0,9.99,US,android,XiaomiRedmi,4919,3,4.2.0
GACHA_40027,GS000101,2024-12-23T22:13:00Z,summon,Limited SSR Kai,multi_10,N,62,9,0,0,0,300,0.0,KR,android,Pixel8,2594,1,4.2.0
GACHA_40052,GS000396,2024-12-24T07:10:00Z,summon,Rate Up: Water,guaranteed,R,43,97,0,11,0,30,0.0,KR,android,SamsungS24,1424,0,4.2.1
GACHA_40082,GS000735,2024-12-24T07:32:00Z,quest_complete,,,,0,30,2127,0,0,0,0.0,JP,ios,iPhone14Pro,1337,0,4.2.1
GACHA_40052,GS000728,2024-12-24T07:35:00Z,login_bonus,,,,0,97,0,11,50,0,0.0,KR,android,SamsungS24,3650,0,4.2.0
GACHA_40082,GS000460,2024-12-24T07:39:00Z,pvp_battle,,,,0,32,3532,0,0,0,0.0,JP,ios,iPhone14Pro,5389,0,4.2.0
GACHA_40082,GS000538,2024-12-24T08:15:00Z,quest_complete,,,,0,30,4872,0,0,0,0.0,JP,ios,iPhone14Pro,4097,0,4.2.1
GACHA_40060,GS000191,2024-12-24T08:35:00Z,quest_complete,,,,0,35,4623,1,0,0,0.0,US,ios,iPhone14Pro,2332,1,4.2.0
GACHA_40082,GS000296,2024-12-24T10:17:00Z,quest_complete,,,,0,23,2063,0,0,0,0.0,JP,ios,iPhone14Pro,5400,0,4.2.0
GACHA_40082,GS000261,2024-12-24T11:33:00Z,login_bonus,,,,0,22,0,0,10,0,0.0,JP,ios,iPhone14Pro,1366,0,4.2.0
GACHA_40015,GS000213,2024-12-24T11:53:00Z,login_bonus,,,,0,8,0,0,30,0,0.0,US,ios,iPad Pro,2670,0,4.3.0
GACHA_40015,GS000416,2024-12-24T12:19:00Z,quest_complete,,,,0,6,4024,0,0,0,0.0,US,ios,iPad Pro,3689,0,4.2.1
GACHA_40014,GS000021,2024-12-24T12:53:00Z,login_bonus,,,,0,33,0,1,30,0,0.0,CN,android,OnePlus12,3648,3,4.3.0
GACHA_40082,GS000096,2024-12-24T13:07:00Z,quest_complete,,,,0,26,2072,0,0,0,0.0,JP,ios,iPhone14Pro,2104,0,4.3.0
GACHA_40082,GS000117,2024-12-24T13:13:00Z,summon,Limited SSR Yuki,multi_10,R,11,29,0,0,0,300,0.0,JP,ios,iPhone14Pro,2162,0,4.3.0
GACHA_40015,GS000139,2024-12-24T14:23:00Z,level_up,,,,0,3,0,0,0,0,0.0,US,ios,iPad Pro,1385,0,4.2.1
GACHA_40052,GS000083,2024-12-24T15:25:00Z,login_bonus,,,,0,97,0,11,50,0,0.0,KR,android,SamsungS24,2156,0,4.3.0
GACHA_40052,GS000172,2024-12-24T15:42:00Z,quest_complete,,,,0,100,4004,11,0,0,0.0,KR,android,SamsungS24,5051,0,4.3.0
GACHA_40080,GS000462,2024-12-24T16:03:00Z,quest_complete,,,,0,18,964,0,0,0,0.0,KR,android,SamsungS23,2527,3,4.2.1
GACHA_40060,GS000477,2024-12-24T16:14:00Z,quest_complete,,,,0,34,2346,1,0,0,0.0,US,ios,iPhone14Pro,3341,1,4.3.0
GACHA_40052,GS000028,2024-12-24T17:27:00Z,summon,Limited SSR Yuki,multi_10,R,42,94,0,11,0,300,0.0,KR,android,SamsungS24,1010,0,4.3.0
GACHA_40052,GS000527,2024-12-24T17:37:00Z,login_bonus,,,,0,94,0,11,50,0,0.0,KR,android,SamsungS24,2722,0,4.2.0
GACHA_40082,GS000727,2024-12-24T18:19:00Z,summon,Limited SSR Yuki,multi_10,R,31,24,0,0,0,300,0.0,JP,ios,iPhone14Pro,1677,0,4.3.0
GACHA_40015,GS000126,2024-12-24T18:39:00Z,quest_complete,,,,0,2,4679,0,0,0,0.0,US,ios,iPad Pro,613,0,4.2.0
GACHA_40054,GS000272,2024-12-24T19:49:00Z,quest_complete,,,,0,67,3072,6,0,0,0.0,US,android,XiaomiRedmi,1938,4,4.2.0
GACHA_40015,GS000778,2024-12-24T19:55:00Z,guild_activity,,,,0,4,0,0,0,0,0.0,US,ios,iPad Pro,3950,0,4.2.0
GACHA_40015,GS000556,2024-12-24T20:21:00Z,login_bonus,,,,0,11,0,0,10,0,0.0,US,ios,iPad Pro,4040,0,4.3.0
GACHA_40014,GS000363,2024-12-24T20:23:00Z,guild_activity,,,,0,34,0,1,0,0,0.0,CN,android,OnePlus12,562,3,4.2.0
GACHA_40052,GS000736,2024-12-24T20:41:00Z,login_bonus,,,,0,99,0,11,100,0,0.0,KR,android,SamsungS24,2126,0,4.2.1
GACHA_40015,GS000214,2024-12-24T20:54:00Z,quest_complete,,,,0,6,1906,0,0,0,0.0,US,ios,iPad Pro,4062,0,4.3.0
GACHA_40052,GS000761,2024-12-24T20:54:00Z,summon,Standard,guaranteed,R,45,95,0,11,0,30,0.0,KR,android,SamsungS24,2009,0,4.2.0
GACHA_40015,GS000760,2024-12-24T21:17:00Z,summon,Rate Up: Fire,single,R,31,8,0,0,0,30,0.0,US,ios,iPad Pro,420,0,4.2.0
GACHA_40015,GS000067,2024-12-24T21:18:00Z,guild_activity,,,,0,3,0,0,0,0,0.0,US,ios,iPad Pro,3305,0,4.2.0
GACHA_40013,GS000571,2024-12-24T21:27:00Z,level_up,,,,0,76,0,14,0,0,0.0,BR,android,XiaomiRedmi,3307,1,4.2.1
GACHA_40015,GS000286,2024-12-24T21:41:00Z,summon,Rate Up: Water,guaranteed,N,30,8,0,0,0,30,0.0,US,ios,iPad Pro,4237,0,4.2.1
GACHA_40015,GS000495,2024-12-24T22:25:00Z,login_bonus,,,,0,8,0,0,50,0,0.0,US,ios,iPad Pro,5026,0,4.3.0
GACHA_40082,GS000030,2024-12-24T22:28:00Z,pvp_battle,,,,0,31,3854,0,0,0,0.0,JP,ios,iPhone14Pro,5129,0,4.2.1
GACHA_40063,GS000258,2024-12-25T07:02:00Z,quest_complete,,,,0,19,4497,0,0,0,0.0,JP,android,Pixel8,4867,0,4.2.0
GACHA_40082,GS000331,2024-12-25T08:04:00Z,quest_complete,,,,0,26,4683,0,0,0,0.0,JP,ios,iPhone14Pro,2743,1,4.2.1
GACHA_40014,GS000755,2024-12-25T08:12:00Z,purchase,,,,0,36,0,1,0,0,9.99,CN,android,OnePlus12,3685,4,4.2.1
GACHA_40017,GS000534,2024-12-25T08:50:00Z,purchase,,,,0,14,0,0,0,0,0.0,BR,android,XiaomiRedmi,4288,0,4.2.0
GACHA_40082,GS000250,2024-12-25T09:03:00Z,summon,Rate Up: Water,multi_10,SR,21,32,0,0,0,300,0.0,JP,ios,iPhone14Pro,4565,1,4.3.0
GACHA_40015,GS000199,2024-12-25T09:18:00Z,login_bonus,,,,0,1,0,0,50,0,0.0,US,ios,iPad Pro,2271,1,4.3.0
GACHA_40063,GS000297,2024-12-25T09:21:00Z,summon,Anniversary Special,multi_10,N,35,19,0,0,0,300,0.0,JP,android,Pixel8,5129,0,4.2.1
GACHA_40054,GS000776,2024-12-25T09:44:00Z,guild_activity,,,,0,69,0,6,0,0,0.0,US,android,XiaomiRedmi,4211,5,4.2.0
GACHA_40063,GS000660,2024-12-25T09:50:00Z,summon,Standard,single,R,36,17,0,0,0,30,0.0,JP,android,Pixel8,3925,0,4.2.1
GACHA_40047,GS000478,2024-12-25T10:35:00Z,guild_activity,,,,0,53,0,5,0,0,0.0,KR,android,Pixel8,1900,0,4.3.0
GACHA_40070,GS000047,2024-12-25T10:41:00Z,login_bonus,,,,0,6,0,0,50,0,0.0,KR,android,SamsungS23,2722,0,4.2.1
GACHA_40017,GS000744,2024-12-25T10:47:00Z,quest_complete,,,,0,22,3062,0,0,0,0.0,BR,android,XiaomiRedmi,4743,0,4.2.1
GACHA_40017,GS000404,2024-12-25T11:13:00Z,level_up,,,,0,20,0,0,0,0,0.0,BR,android,XiaomiRedmi,2942,0,4.2.1
GACHA_40017,GS000056,2024-12-25T12:00:00Z,quest_complete,,,,0,19,719,0,0,0,0.0,BR,android,XiaomiRedmi,1406,0,4.2.0
GACHA_40013,GS000828,2024-12-25T12:03:00Z,quest_complete,,,,0,80,4825,14,0,0,0.0,BR,android,XiaomiRedmi,1241,2,4.2.1
GACHA_40060,GS000144,2024-12-25T12:22:00Z,login_bonus,,,,0,34,0,1,100,0,0.0,US,ios,iPhone14Pro,2212,2,4.2.0
GACHA_40049,GS000360,2024-12-25T12:23:00Z,quest_complete,,,,0,23,3161,4,0,0,0.0,US,android,XiaomiRedmi,1870,5,4.2.1
GACHA_40082,GS000074,2024-12-25T13:11:00Z,pvp_battle,,,,0,24,148,0,0,0,0.0,JP,ios,iPhone14Pro,5247,1,4.2.0
GACHA_40015,GS000032,2024-12-25T13:14:00Z,level_up,,,,0,6,0,0,0,0,0.0,US,ios,iPad Pro,2942,1,4.3.0
GACHA_40018,GS000349,2024-12-25T13:51:00Z,pvp_battle,,,,0,67,2824,6,0,0,0.0,FR,android,OnePlus12,3183,0,4.3.0
GACHA_40047,GS000474,2024-12-25T13:57:00Z,summon,Standard,single,R,74,61,0,5,0,30,0.0,KR,android,Pixel8,2483,0,4.3.0
GACHA_40047,GS000254,2024-12-25T13:58:00Z,summon,Limited SSR Kai,guaranteed,N,73,54,0,5,0,30,0.0,KR,android,Pixel8,5173,0,4.2.1
GACHA_40043,GS000847,2024-12-25T14:18:00Z,level_up,,,,0,48,0,6,0,0,0.0,KR,ios,iPhone15,2357,0,4.2.1
GACHA_40047,GS000024,2024-12-25T14:23:00Z,quest_complete,,,,0,62,307,5,0,0,0.0,KR,android,Pixel8,4981,0,4.2.0
GACHA_40017,GS000234,2024-12-25T14:36:00Z,level_up,,,,0,16,0,0,0,0,0.0,BR,android,XiaomiRedmi,3272,0,4.2.1
GACHA_40047,GS000835,2024-12-25T14:43:00Z,level_up,,,,0,55,0,5,0,0,0.0,KR,android,Pixel8,4794,0,4.2.0
GACHA_40017,GS000714,2024-12-25T15:16:00Z,guild_activity,,,,0,18,0,0,0,0,0.0,BR,android,XiaomiRedmi,2304,0,4.2.1
GACHA_40017,GS000704,2024-12-25T15:41:00Z,level_up,,,,0,16,0,0,0,0,0.0,BR,android,XiaomiRedmi,4928,0,4.3.0
GACHA_40070,GS000197,2024-12-25T15:52:00Z,level_up,,,,0,9,0,0,0,0,0.0,KR,android,SamsungS23,3062,0,4.3.0
GACHA_40032,GS000480,2024-12-25T16:35:00Z,level_up,,,,0,60,0,7,0,0,0.0,US,android,Pixel8,3514,4,4.2.0
GACHA_40017,GS000448,2024-12-25T16:45:00Z,guild_activity,,,,0,22,0,0,0,0,0.0,BR,android,XiaomiRedmi,2656,0,4.3.0
GACHA_40047,GS000696,2024-12-25T17:31:00Z,summon,Limited SSR Yuki,single,SR,75,53,0,5,0,30,0.0,KR,android,Pixel8,1049,0,4.3.0
GACHA_40017,GS000305,2024-12-25T17:49:00Z,summon,Limited SSR Kai,single,R,85,21,0,0,0,30,0.0,BR,android,XiaomiRedmi,2201,0,4.3.0
GACHA_40017,GS000107,2024-12-25T17:52:00Z,login_bonus,,,,0,17,0,0,50,0,0.0,BR,android,XiaomiRedmi,671,0,4.3.0
GACHA_40032,GS000451,2024-12-25T17:55:00Z,pvp_battle,,,,0,56,2194,7,0,0,0.0,US,android,Pixel8,3499,4,4.3.0
GACHA_40047,GS000392,2024-12-25T17:58:00Z,level_up,,,,0,59,0,5,0,0,0.0,KR,android,Pixel8,483,0,4.2.1
GACHA_40014,GS000848,2024-12-25T18:18:00Z,summon,Standard,multi_10,SR,12,36,0,1,0,300,0.0,CN,android,OnePlus12,804,4,4.2.0
GACHA_40082,GS000672,2024-12-25T19:25:00Z,purchase,,,,0,32,0,0,0,0,0.0,JP,ios,iPhone14Pro,5054,1,4.2.0
GACHA_40052,GS000436,2024-12-25T19:29:00Z,summon,Standard,single,N,44,97,0,11,0,30,0.0,KR,android,SamsungS24,381,1,4.3.0
GACHA_40047,GS000444,2024-12-25T20:06:00Z,pvp_battle,,,,0,60,2145,5,0,0,0.0,KR,android,Pixel8,3291,0,4.2.1
GACHA_40052,GS000414,2024-12-25T20:11:00Z,quest_complete,,,,0,100,423,11,0,0,0.0,KR,android,SamsungS24,3243,1,4.2.0
GACHA_40082,GS000812,2024-12-25T20:27:00Z,purchase,,,,0,28,0,0,0,0,0.0,JP,ios,iPhone14Pro,433,1,4.2.0
GACHA_40017,GS000619,2024-12-25T21:54:00Z,guild_activity,,,,0,19,0,0,0,0,0.0,BR,android,XiaomiRedmi,2124,0,4.3.0
GACHA_40048,GS000513,2024-12-25T22:10:00Z,level_up,,,,0,27,0,0,0,0,0.0,TW,android,SamsungS23,4538,9,4.2.1
GACHA_40063,GS000310,2024-12-25T22:31:00Z,pvp_battle,,,,0,15,548,0,0,0,0.0,JP,android,Pixel8,1134,0,4.3.0
GACHA_40017,GS000791,2024-12-25T22:54:00Z,summon,Collab: Anime X,single,R,86,19,0,0,0,30,0.0,BR,android,XiaomiRedmi,2600,0,4.2.0
GACHA_40017,GS000799,2024-12-25T22:55:00Z,quest_complete,,,,0,15,2023,0,0,0,0.0,BR,android,XiaomiRedmi,2125,0,4.2.0
GACHA_40063,GS000770,2024-12-25T23:29:00Z,login_bonus,,,,0,19,0,0,100,0,0.0,JP,android,Pixel8,3196,0,4.3.0
GACHA_40017,GS000499,2024-12-25T23:32:00Z,login_bonus,,,,0,21,0,0,30,0,0.0,BR,android,XiaomiRedmi,2301,0,4.3.0
GACHA_40047,GS000378,2024-12-26T07:31:00Z,purchase,,,,0,55,0,5,0,0,29.99,KR,android,Pixel8,2011,1,4.2.1
GACHA_40039,GS000797,2024-12-26T08:13:00Z,summon,Anniversary Special,guaranteed,N,55,30,0,3,0,30,0.0,US,android,SamsungS24,4647,0,4.2.0
GACHA_40017,GS000616,2024-12-26T08:22:00Z,purchase,,,,0,18,0,0,0,0,0.0,BR,android,XiaomiRedmi,4532,1,4.3.0
GACHA_40063,GS000542,2024-12-26T10:41:00Z,guild_activity,,,,0,10,0,0,0,0,0.0,JP,android,Pixel8,1827,1,4.2.1
GACHA_40017,GS000756,2024-12-26T12:06:00Z,pvp_battle,,,,0,22,791,0,0,0,0.0,BR,android,XiaomiRedmi,1867,1,4.2.1
GACHA_40030,GS000268,2024-12-26T12:32:00Z,summon,Limited SSR Yuki,guaranteed,N,39,23,0,0,0,30,0.0,JP,ios,iPhone15Pro,2597,4,4.2.1
GACHA_40039,GS000295,2024-12-26T13:34:00Z,summon,Standard,multi_10,R,54,38,0,3,0,300,0.0,US,android,SamsungS24,5125,0,4.2.0
GACHA_40032,GS000140,2024-12-26T13:56:00Z,level_up,,,,0,63,0,7,0,0,0.0,US,android,Pixel8,2736,5,4.3.0
GACHA_40014,GS000118,2024-12-26T16:21:00Z,purchase,,,,0,36,0,1,0,0,4.99,CN,android,OnePlus12,2243,5,4.2.0
GACHA_40013,GS000380,2024-12-26T16:24:00Z,summon,Rate Up: Water,multi_10,N,39,84,0,14,0,300,0.0,BR,android,XiaomiRedmi,1039,3,4.2.1
GACHA_40013,GS000751,2024-12-26T18:22:00Z,guild_activity,,,,0,81,0,14,0,0,0.0,BR,android,XiaomiRedmi,2258,3,4.3.0
GACHA_40039,GS000768,2024-12-26T19:08:00Z,quest_complete,,,,0,32,600,3,0,0,0.0,US,android,SamsungS24,582,0,4.2.0
GACHA_40088,GS000156,2024-12-26T20:03:00Z,summon,Rate Up: Fire,guaranteed,N,36,33,0,3,0,30,0.0,US,ios,iPad Pro,495,12,4.2.0
GACHA_40060,GS000146,2024-12-26T20:06:00Z,quest_complete,,,,0,37,300,1,0,0,0.0,US,ios,iPhone14Pro,466,3,4.3.0
GACHA_40030,GS000027,2024-12-26T22:33:00Z,purchase,,,,0,24,0,0,0,0,0.0,JP,ios,iPhone15Pro,3912,4,4.2.1
GACHA_40024,GS000394,2024-12-26T22:57:00Z,guild_activity,,,,0,13,0,0,0,0,0.0,US,ios,iPhone14Pro,618,2,4.2.0
GACHA_40039,GS000498,2024-12-27T07:09:00Z,guild_activity,,,,0,36,0,3,0,0,0.0,US,android,SamsungS24,1719,1,4.2.1
GACHA_40085,GS000615,2024-12-27T08:39:00Z,quest_complete,,,,0,29,1662,4,0,0,0.0,CN,ios,iPhone15,1168,0,4.2.1
GACHA_40049,GS000307,2024-12-27T08:45:00Z,guild_activity,,,,0,19,0,4,0,0,0.0,US,android,XiaomiRedmi,1641,7,4.2.0
GACHA_40046,GS000354,2024-12-27T09:43:00Z,pvp_battle,,,,0,30,2959,0,0,0,0.0,KR,android,SamsungS24,2583,0,4.3.0
GACHA_40046,GS000299,2024-12-27T09:50:00Z,summon,Anniversary Special,multi_10,SSR,93,29,0,0,0,300,0.0,KR,android,SamsungS24,2811,0,4.2.1
GACHA_40046,GS000236,2024-12-27T10:07:00Z,summon,Rate Up: Fire,guaranteed,R,83,27,0,0,0,30,0.0,KR,android,SamsungS24,1827,0,4.2.0
GACHA_40046,GS000001,2024-12-27T11:00:00Z,login_bonus,,,,0,29,0,0,10,0,0.0,KR,android,SamsungS24,1454,0,4.2.0
GACHA_40038,GS000206,2024-12-27T13:11:00Z,purchase,,,,0,46,0,4,0,0,0.99,US,ios,iPhone14Pro,2345,0,4.3.0
GACHA_40024,GS000217,2024-12-27T13:13:00Z,login_bonus,,,,0,12,0,0,50,0,0.0,US,ios,iPhone14Pro,2144,3,4.3.0
GACHA_40043,GS000385,2024-12-27T13:27:00Z,guild_activity,,,,0,48,0,6,0,0,0.0,KR,ios,iPhone15,4981,2,4.2.1
GACHA_40030,GS000648,2024-12-27T14:02:00Z,summon,Anniversary Special,multi_10,N,59,21,0,0,0,300,0.0,JP,ios,iPhone15Pro,816,5,4.3.0
GACHA_40046,GS000641,2024-12-27T14:42:00Z,level_up,,,,0,23,0,0,0,0,0.0,KR,android,SamsungS24,1432,0,4.2.1
GACHA_40046,GS000748,2024-12-27T15:35:00Z,summon,Rate Up: Water,multi_10,R,22,25,0,0,0,300,0.0,KR,android,SamsungS24,3299,0,4.2.1
GACHA_40049,GS000037,2024-12-27T16:04:00Z,quest_complete,,,,0,21,1000,4,0,0,0.0,US,android,XiaomiRedmi,603,7,4.3.0
GACHA_40046,GS000384,2024-12-27T16:39:00Z,quest_complete,,,,0,25,1697,0,0,0,0.0,KR,android,SamsungS24,324,0,4.2.0
GACHA_40038,GS000654,2024-12-27T16:52:00Z,level_up,,,,0,44,0,4,0,0,0.0,US,ios,iPhone14Pro,1201,0,4.2.0
GACHA_40049,GS000440,2024-12-27T17:16:00Z,summon,Standard,guaranteed,R,70,21,0,4,0,30,0.0,US,android,XiaomiRedmi,3362,7,4.2.0
GACHA_40013,GS000400,2024-12-27T17:37:00Z,summon,Rate Up: Fire,multi_10,SR,49,77,0,14,0,300,0.0,BR,android,XiaomiRedmi,1520,4,4.3.0
GACHA_40046,GS000555,2024-12-27T18:29:00Z,login_bonus,,,,0,22,0,0,300,0,0.0,KR,android,SamsungS24,2609,0,4.3.0
GACHA_40046,GS000336,2024-12-27T18:30:00Z,pvp_battle,,,,0,26,2984,0,0,0,0.0,KR,android,SamsungS24,3798,0,4.3.0
GACHA_40046,GS000152,2024-12-27T18:35:00Z,summon,Collab: Anime X,multi_10,R,82,32,0,0,0,300,0.0,KR,android,SamsungS24,2193,0,4.3.0
GACHA_40024,GS000675,2024-12-27T18:50:00Z,summon,Standard,multi_10,R,45,8,0,0,0,300,0.0,US,ios,iPhone14Pro,3054,3,4.3.0
GACHA_40046,GS000674,2024-12-27T18:56:00Z,summon,Limited SSR Kai,guaranteed,R,12,31,0,0,0,30,0.0,KR,android,SamsungS24,4129,0,4.2.0
GACHA_40006,GS000256,2024-12-27T19:56:00Z,guild_activity,,,,0,54,0,8,0,0,0.0,FR,android,XiaomiRedmi,1269,1,4.3.0
GACHA_40038,GS000710,2024-12-27T22:20:00Z,level_up,,,,0,52,0,4,0,0,0.0,US,ios,iPhone14Pro,4052,0,4.2.1
GACHA_40038,GS000033,2024-12-27T22:31:00Z,quest_complete,,,,0,52,1646,4,0,0,0.0,US,ios,iPhone14Pro,2774,0,4.3.0
GACHA_40046,GS000609,2024-12-27T22:53:00Z,summon,Anniversary Special,single,N,11,30,0,0,0,30,0.0,KR,android,SamsungS24,3936,0,4.3.0
GACHA_40088,GS000738,2024-12-27T23:20:00Z,pvp_battle,,,,0,33,357,3,0,0,0.0,US,ios,iPad Pro,3185,13,4.3.0
GACHA_40046,GS000241,2024-12-27T23:23:00Z,pvp_battle,,,,0,23,1357,0,0,0,0.0,KR,android,SamsungS24,1866,0,4.2.1
GACHA_40046,GS000406,2024-12-27T23:54:00Z,summon,Limited SSR Kai,multi_10,SR,10,23,0,0,0,300,0.0,KR,android,SamsungS24,2071,0,4.3.0
GACHA_40050,GS000481,2024-12-28T07:01:00Z,quest_complete,,,,0,36,423,4,0,0,0.0,FR,android,SamsungS24,2820,0,4.2.0
GACHA_40061,GS000141,2024-12-28T07:31:00Z,quest_complete,,,,0,35,2172,3,0,0,0.0,US,android,OnePlus12,1668,0,4.3.0
GACHA_40036,GS000585,2024-12-28T09:07:00Z,pvp_battle,,,,0,10,1902,0,0,0,0.0,JP,android,Pixel8,955,0,4.2.1
GACHA_40007,GS000298,2024-12-28T09:23:00Z,summon,Collab: Anime X,single,N,41,93,0,12,0,30,0.0,CN,ios,iPhone13,366,0,4.3.0
GACHA_40085,GS000433,2024-12-28T09:26:00Z,pvp_battle,,,,0,28,3314,4,0,0,0.0,CN,ios,iPhone15,2796,1,4.2.1
GACHA_40036,GS000026,2024-12-28T09:34:00Z,guild_activity,,,,0,4,0,0,0,0,0.0,JP,android,Pixel8,1320,0,4.2.1
GACHA_40050,GS000582,2024-12-28T10:21:00Z,summon,Standard,single,N,65,45,0,4,0,30,0.0,FR,android,SamsungS24,1009,0,4.2.0
GACHA_40050,GS000802,2024-12-28T10:33:00Z,quest_complete,,,,0,43,2633,4,0,0,0.0,FR,android,SamsungS24,767,0,4.3.0
GACHA_40050,GS000656,2024-12-28T10:35:00Z,login_bonus,,,,0,42,0,4,50,0,0.0,FR,android,SamsungS24,1100,0,4.3.0
GACHA_40007,GS000368,2024-12-28T11:15:00Z,pvp_battle,,,,0,89,2186,12,0,0,0.0,CN,ios,iPhone13,3395,0,4.3.0
GACHA_40036,GS000749,2024-12-28T11:37:00Z,pvp_battle,,,,0,4,773,0,0,0,0.0,JP,android,Pixel8,1772,0,4.2.1
GACHA_40036,GS000009,2024-12-28T12:15:00Z,level_up,,,,0,11,0,0,0,0,0.0,JP,android,Pixel8,879,0,4.3.0
GACHA_40007,GS000006,2024-12-28T12:33:00Z,level_up,,,,0,90,0,12,0,0,0.0,CN,ios,iPhone13,1411,0,4.3.0
GACHA_40036,GS000076,2024-12-28T12:47:00Z,summon,Rate Up: Fire,multi_10,SSR,98,8,0,0,0,300,0.0,JP,android,Pixel8,311,0,4.3.0
GACHA_40014,GS000563,2024-12-28T13:01:00Z,summon,Rate Up: Water,single,SSR,90,33,0,1,0,30,0.0,CN,android,OnePlus12,2168,7,4.3.0
GACHA_40038,GS000228,2024-12-28T13:18:00Z,guild_activity,,,,0,53,0,4,0,0,0.0,US,ios,iPhone14Pro,3157,1,4.2.0
GACHA_40001,GS000274,2024-12-28T13:27:00Z,guild_activity,,,,0,75,0,9,0,0,0.0,CN,android,Pixel8,1759,9,4.2.0
GACHA_40050,GS000484,2024-12-28T13:31:00Z,quest_complete,,,,0,45,2210,4,0,0,0.0,FR,android,SamsungS24,4793,0,4.2.1
GACHA_40036,GS000219,2024-12-28T13:39:00Z,quest_complete,,,,0,8,4748,0,0,0,0.0,JP,android,Pixel8,4750,0,4.2.0
GACHA_40014,GS000290,2024-12-28T13:41:00Z,summon,Rate Up: Fire,single,N,89,32,0,1,0,30,0.0,CN,android,OnePlus12,448,7,4.2.1
GACHA_40061,GS000249,2024-12-28T14:27:00Z,summon,Limited SSR Yuki,guaranteed,N,30,33,0,3,0,30,0.0,US,android,OnePlus12,3087,0,4.2.1
GACHA_40024,GS000383,2024-12-28T14:49:00Z,pvp_battle,,,,0,12,1469,0,0,0,0.0,US,ios,iPhone14Pro,1679,4,4.3.0
GACHA_40061,GS000777,2024-12-28T15:21:00Z,quest_complete,,,,0,40,2547,3,0,0,0.0,US,android,OnePlus12,1316,0,4.2.0
GACHA_40050,GS000278,2024-12-28T16:39:00Z,summon,Limited SSR Kai,multi_10,R,64,35,0,4,0,300,0.0,FR,android,SamsungS24,4937,0,4.2.0
GACHA_40050,GS000647,2024-12-28T16:57:00Z,guild_activity,,,,0,38,0,4,0,0,0.0,FR,android,SamsungS24,4440,0,4.3.0
GACHA_40007,GS000389,2024-12-28T16:59:00Z,pvp_battle,,,,0,92,3036,12,0,0,0.0,CN,ios,iPhone13,1641,0,4.3.0
GACHA_40036,GS000397,2024-12-28T17:06:00Z,login_bonus,,,,0,2,0,0,300,0,0.0,JP,android,Pixel8,5364,0,4.3.0
GACHA_40013,GS000402,2024-12-28T17:36:00Z,purchase,,,,0,79,0,14,0,0,99.99,BR,android,XiaomiRedmi,1075,5,4.2.1
GACHA_40038,GS000653,2024-12-28T17:58:00Z,level_up,,,,0,43,0,4,0,0,0.0,US,ios,iPhone14Pro,5342,1,4.2.1
GACHA_40050,GS000560,2024-12-28T18:00:00Z,quest_complete,,,,0,45,2864,4,0,0,0.0,FR,android,SamsungS24,4833,0,4.2.1
GACHA_40061,GS000644,2024-12-28T18:01:00Z,quest_complete,,,,0,40,1611,3,0,0,0.0,US,android,OnePlus12,1267,0,4.3.0
GACHA_40050,GS000022,2024-12-28T18:10:00Z,summon,Limited SSR Kai,guaranteed,N,54,36,0,4,0,30,0.0,FR,android,SamsungS24,1857,0,4.3.0
GACHA_40036,GS000628,2024-12-28T18:16:00Z,level_up,,,,0,2,0,0,0,0,0.0,JP,android,Pixel8,3082,0,4.2.1
GACHA_40013,GS000166,2024-12-28T18:17:00Z,pvp_battle,,,,0,78,715,14,0,0,0.0,BR,android,XiaomiRedmi,2214,5,4.3.0
GACHA_40032,GS000035,2024-12-28T18:49:00Z,guild_activity,,,,0,58,0,7,0,0,0.0,US,android,Pixel8,1742,7,4.2.1
GACHA_40014,GS000548,2024-12-28T20:19:00Z,level_up,,,,0,39,0,1,0,0,0.0,CN,android,OnePlus12,3494,7,4.2.0
GACHA_40001,GS000476,2024-12-28T20:33:00Z,login_bonus,,,,0,74,0,9,300,0,0.0,CN,android,Pixel8,639,9,4.2.1
GACHA_40036,GS000849,2024-12-28T21:05:00Z,level_up,,,,0,12,0,0,0,0,0.0,JP,android,Pixel8,3050,0,4.3.0
GACHA_40007,GS000314,2024-12-28T21:21:00Z,guild_activity,,,,0,91,0,12,0,0,0.0,CN,ios,iPhone13,3800,0,4.3.0
GACHA_40007,GS000034,2024-12-28T22:49:00Z,purchase,,,,0,98,0,12,0,0,29.99,CN,ios,iPhone13,500,0,4.3.0
GACHA_40007,GS000072,2024-12-28T23:02:00Z,login_bonus,,,,0,94,0,12,30,0,0.0,CN,ios,iPhone13,5164,0,4.2.0
GACHA_40038,GS000803,2024-12-28T23:45:00Z,level_up,,,,0,48,0,4,0,0,0.0,US,ios,iPhone14Pro,692,1,4.3.0
GACHA_40007,GS000211,2024-12-28T23:55:00Z,level_up,,,,0,99,0,12,0,0,0.0,CN,ios,iPhone13,5084,0,4.3.0
GACHA_40056,GS000789,2024-12-29T07:06:00Z,guild_activity,,,,0,49,0,2,0,0,0.0,FR,android,XiaomiRedmi,2664,0,4.3.0
GACHA_40024,GS000754,2024-12-29T07:35:00Z,summon,Collab: Anime X,guaranteed,R,46,16,0,0,0,30,0.0,US,ios,iPhone14Pro,2645,5,4.2.0
GACHA_40088,GS000734,2024-12-29T07:58:00Z,level_up,,,,0,33,0,3,0,0,0.0,US,ios,iPad Pro,4387,15,4.2.1
GACHA_40038,GS000702,2024-12-29T08:13:00Z,pvp_battle,,,,0,48,2247,4,0,0,0.0,US,ios,iPhone14Pro,3923,2,4.2.0
GACHA_40009,GS000023,2024-12-29T08:30:00Z,pvp_battle,,,,0,27,1799,2,0,0,0.0,FR,ios,iPhone13,4520,0,4.2.0
GACHA_40036,GS000292,2024-12-29T09:00:00Z,login_bonus,,,,0,12,0,0,10,0,0.0,JP,android,Pixel8,5246,1,4.3.0
GACHA_40013,GS000174,2024-12-29T10:58:00Z,purchase,,,,0,75,0,14,0,0,29.99,BR,android,XiaomiRedmi,5142,6,4.3.0
GACHA_40056,GS000345,2024-12-29T11:16:00Z,quest_complete,,,,0,42,4338,2,0,0,0.0,FR,android,XiaomiRedmi,777,0,4.2.1
GACHA_40038,GS000291,2024-12-29T11:56:00Z,purchase,,,,0,50,0,4,0,0,4.99,US,ios,iPhone14Pro,5115,2,4.2.1
GACHA_40056,GS000155,2024-12-29T12:33:00Z,summon,Rate Up: Water,multi_10,R,30,44,0,2,0,300,0.0,FR,android,XiaomiRedmi,4431,0,4.2.1
GACHA_40085,GS000301,2024-12-29T12:40:00Z,summon,Rate Up: Water,multi_10,R,25,27,0,4,0,300,0.0,CN,ios,iPhone15,4159,2,4.2.0
GACHA_40078,GS000059,2024-12-29T13:16:00Z,quest_complete,,,,0,24,274,4,0,0,0.0,US,android,SamsungS24,3983,7,4.2.1
GACHA_40007,GS000005,2024-12-29T13:47:00Z,guild_activity,,,,0,99,0,12,0,0,0.0,CN,ios,iPhone13,956,1,4.2.1
GACHA_40056,GS000093,2024-12-29T13:56:00Z,summon,Standard,multi_10,R,20,44,0,2,0,300,0.0,FR,android,XiaomiRedmi,2860,0,4.2.0
GACHA_40085,GS000686,2024-12-29T15:00:00Z,guild_activity,,,,0,27,0,4,0,0,0.0,CN,ios,iPhone15,5189,2,4.3.0
GACHA_40038,GS000175,2024-12-29T15:02:00Z,quest_complete,,,,0,52,2000,4,0,0,0.0,US,ios,iPhone14Pro,1113,2,4.3.0
GACHA_40038,GS000822,2024-12-29T15:51:00Z,summon,Limited SSR Kai,single,R,79,53,0,4,0,30,0.0,US,ios,iPhone14Pro,2440,2,4.2.1
GACHA_40001,GS000430,2024-12-29T17:11:00Z,quest_complete,,,,0,75,4062,9,0,0,0.0,CN,android,Pixel8,3781,10,4.3.0
GACHA_40018,GS000496,2024-12-29T17:45:00Z,quest_complete,,,,0,68,3349,6,0,0,0.0,FR,android,OnePlus12,4737,4,4.3.0
GACHA_40007,GS000746,2024-12-29T17:58:00Z,quest_complete,,,,0,91,4108,12,0,0,0.0,CN,ios,iPhone13,5114,1,4.3.0
GACHA_40038,GS000541,2024-12-29T18:04:00Z,quest_complete,,,,0,47,1256,4,0,0,0.0,US,ios,iPhone14Pro,1280,2,4.2.0
GACHA_40056,GS000145,2024-12-29T18:14:00Z,guild_activity,,,,0,44,0,2,0,0,0.0,FR,android,XiaomiRedmi,4184,0,4.2.0
GACHA_40030,GS000370,2024-12-29T18:45:00Z,level_up,,,,0,25,0,0,0,0,0.0,JP,ios,iPhone15Pro,584,7,4.2.0
GACHA_40038,GS000508,2024-12-29T18:46:00Z,summon,Rate Up: Water,multi_10,R,78,47,0,4,0,300,0.0,US,ios,iPhone14Pro,4944,2,4.2.0
GACHA_40032,GS000650,2024-12-29T19:39:00Z,quest_complete,,,,0,66,1831,7,0,0,0.0,US,android,Pixel8,4153,8,4.2.0
GACHA_40056,GS000231,2024-12-29T20:19:00Z,purchase,,,,0,43,0,2,0,0,0.99,FR,android,XiaomiRedmi,3742,0,4.2.1
GACHA_40013,GS000790,2024-12-29T20:54:00Z,guild_activity,,,,0,76,0,14,0,0,0.0,BR,android,XiaomiRedmi,358,6,4.3.0
GACHA_40056,GS000816,2024-12-29T21:17:00Z,quest_complete,,,,0,48,2378,2,0,0,0.0,FR,android,XiaomiRedmi,333,0,4.2.0
GACHA_40032,GS000566,2024-12-29T21:51:00Z,summon,Rate Up: Water,guaranteed,N,61,60,0,7,0,30,0.0,US,android,Pixel8,1658,8,4.2.0
GACHA_40013,GS000351,2024-12-29T22:16:00Z,level_up,,,,0,75,0,14,0,0,0.0,BR,android,XiaomiRedmi,1766,6,4.2.0
GACHA_40043,GS000344,2024-12-29T22:29:00Z,quest_complete,,,,0,46,1448,6,0,0,0.0,KR,ios,iPhone15,4902,4,4.2.1
GACHA_40077,GS000209,2024-12-29T22:30:00Z,summon,Rate Up: Fire,multi_10,N,74,49,0,7,0,300,0.0,JP,ios,iPhone13,2117,13,4.2.0
GACHA_40019,GS000115,2024-12-29T22:42:00Z,pvp_battle,,,,0,26,4805,0,0,0,0.0,JP,android,Pixel8,1577,1,4.2.0
GACHA_40023,GS000019,2024-12-29T23:16:00Z,quest_complete,,,,0,91,4661,8,0,0,0.0,BR,ios,iPad Pro,1546,0,4.2.0
GACHA_40080,GS000841,2024-12-29T23:21:00Z,purchase,,,,0,14,0,0,0,0,0.0,KR,android,SamsungS23,1050,8,4.3.0
GACHA_40056,GS000054,2024-12-29T23:37:00Z,summon,Collab: Anime X,multi_10,R,10,47,0,2,0,300,0.0,FR,android,XiaomiRedmi,4794,0,4.2.0
GACHA_40050,GS000324,2024-12-29T23:44:00Z,purchase,,,,0,35,0,4,0,0,9.99,FR,android,SamsungS24,1132,1,4.2.0
GACHA_40061,GS000071,2024-12-29T23:56:00Z,login_bonus,,,,0,31,0,3,10,0,0.0,US,android,OnePlus12,5013,1,4.2.1
GACHA_40003,GS000808,2024-12-30T07:09:00Z,login_bonus,,,,0,51,0,6,10,0,0.0,CN,ios,iPhone15Pro,1714,0,4.2.1
GACHA_40067,GS000469,2024-12-30T07:33:00Z,pvp_battle,,,,0,49,2200,7,0,0,0.0,FR,ios,iPhone15,1821,0,4.2.0
GACHA_40067,GS000678,2024-12-30T08:07:00Z,purchase,,,,0,53,0,7,0,0,9.99,FR,ios,iPhone15,481,0,4.3.0
GACHA_40011,GS000201,2024-12-30T08:29:00Z,summon,Anniversary Special,multi_10,N,87,71,0,14,0,300,0.0,KR,android,SamsungS24,1913,0,4.2.0
GACHA_40026,GS000049,2024-12-30T08:34:00Z,level_up,,,,0,58,0,8,0,0,0.0,TW,android,XiaomiRedmi,755,0,4.2.1
GACHA_40026,GS000090,2024-12-30T08:59:00Z,quest_complete,,,,0,59,4537,8,0,0,0.0,TW,android,XiaomiRedmi,5269,0,4.3.0
GACHA_40060,GS000003,2024-12-30T09:04:00Z,login_bonus,,,,0,40,0,1,100,0,0.0,US,ios,iPhone14Pro,1165,7,4.2.0
GACHA_40048,GS000667,2024-12-30T09:26:00Z,level_up,,,,0,33,0,0,0,0,0.0,TW,android,SamsungS23,485,14,4.3.0
GACHA_40009,GS000742,2024-12-30T09:57:00Z,pvp_battle,,,,0,30,3973,2,0,0,0.0,FR,ios,iPhone13,4787,1,4.2.1
GACHA_40026,GS000811,2024-12-30T10:18:00Z,summon,Standard,guaranteed,R,55,60,0,8,0,30,0.0,TW,android,XiaomiRedmi,1144,0,4.2.0
GACHA_40048,GS000453,2024-12-30T10:36:00Z,quest_complete,,,,0,33,2343,0,0,0,0.0,TW,android,SamsungS23,1820,14,4.2.1
GACHA_40034,GS000588,2024-12-30T10:43:00Z,guild_activity,,,,0,27,0,0,0,0,0.0,TW,android,XiaomiRedmi,4531,0,4.2.1
GACHA_40026,GS000833,2024-12-30T11:00:00Z,level_up,,,,0,58,0,8,0,0,0.0,TW,android,XiaomiRedmi,3645,0,4.3.0
GACHA_40088,GS000482,2024-12-30T11:11:00Z,summon,Anniversary Special,single,SSR,47,30,0,3,0,30,0.0,US,ios,iPad Pro,3534,16,4.2.1
GACHA_40087,GS000123,2024-12-30T11:29:00Z,login_bonus,,,,0,36,0,0,30,0,0.0,CN,android,OnePlus12,4657,0,4.3.0
GACHA_40016,GS000225,2024-12-30T11:57:00Z,quest_complete,,,,0,42,4274,3,0,0,0.0,KR,ios,iPhone15Pro,2545,1,4.2.1
GACHA_40003,GS000651,2024-12-30T12:06:00Z,summon,Standard,guaranteed,N,43,52,0,6,0,30,0.0,CN,ios,iPhone15Pro,3430,0,4.3.0
GACHA_40013,GS000014,2024-12-30T12:21:00Z,login_bonus,,,,0,76,0,14,300,0,0.0,BR,android,XiaomiRedmi,4661,7,4.2.0
GACHA_40048,GS000082,2024-12-30T12:37:00Z,quest_complete,,,,0,33,1755,0,0,0,0.0,TW,android,SamsungS23,2641,14,4.2.1
GACHA_40009,GS000293,2024-12-30T12:51:00Z,pvp_battle,,,,0,26,766,2,0,0,0.0,FR,ios,iPhone13,2324,1,4.3.0
GACHA_40067,GS000472,2024-12-30T12:55:00Z,summon,Anniversary Special,single,N,86,50,0,7,0,30,0.0,FR,ios,iPhone15,4328,0,4.3.0
GACHA_40018,GS000087,2024-12-30T13:03:00Z,level_up,,,,0,75,0,6,0,0,0.0,FR,android,OnePlus12,5360,5,4.2.1
GACHA_40011,GS000450,2024-12-30T13:07:00Z,level_up,,,,0,65,0,14,0,0,0.0,KR,android,SamsungS24,975,0,4.3.0
GACHA_40026,GS000010,2024-12-30T13:18:00Z,summon,Anniversary Special,guaranteed,N,54,62,0,8,0,30,0.0,TW,android,XiaomiRedmi,2063,0,4.3.0
GACHA_40087,GS000658,2024-12-30T13:18:00Z,purchase,,,,0,38,0,0,0,0,0.0,CN,android,OnePlus12,4233,0,4.2.0
GACHA_40011,GS000420,2024-12-30T13:22:00Z,summon,Anniversary Special,single,R,88,65,0,14,0,30,0.0,KR,android,SamsungS24,2778,0,4.2.0
GACHA_40011,GS000703,2024-12-30T13:29:00Z,level_up,,,,0,72,0,14,0,0,0.0,KR,android,SamsungS24,1453,0,4.2.1
GACHA_40006,GS000046,2024-12-30T13:47:00Z,pvp_battle,,,,0,55,664,8,0,0,0.0,FR,android,XiaomiRedmi,4405,4,4.2.0
GACHA_40011,GS000850,2024-12-30T14:26:00Z,login_bonus,,,,0,67,0,14,50,0,0.0,KR,android,SamsungS24,4625,0,4.3.0
GACHA_40087,GS000831,2024-12-30T15:06:00Z,level_up,,,,0,33,0,0,0,0,0.0,CN,android,OnePlus12,2520,0,4.2.1
GACHA_40024,GS000081,2024-12-30T15:12:00Z,guild_activity,,,,0,16,0,0,0,0,0.0,US,ios,iPhone14Pro,3913,6,4.3.0
GACHA_40003,GS000390,2024-12-30T15:20:00Z,summon,Collab: Anime X,guaranteed,N,42,49,0,6,0,30,0.0,CN,ios,iPhone15Pro,4078,0,4.2.1
GACHA_40003,GS000202,2024-12-30T16:04:00Z,level_up,,,,0,47,0,6,0,0,0.0,CN,ios,iPhone15Pro,813,0,4.2.1
GACHA_40018,GS000830,2024-12-30T16:10:00Z,summon,Rate Up: Fire,single,SR,32,69,0,6,0,30,0.0,FR,android,OnePlus12,1052,5,4.2.0
GACHA_40013,GS000718,2024-12-30T16:23:00Z,pvp_battle,,,,0,84,990,14,0,0,0.0,BR,android,XiaomiRedmi,1656,7,4.2.1
GACHA_40018,GS000080,2024-12-30T16:55:00Z,summon,Limited SSR Yuki,multi_10,R,20,65,0,6,0,300,0.0,FR,android,OnePlus12,3027,5,4.2.1
GACHA_40087,GS000015,2024-12-30T17:03:00Z,purchase,,,,0,31,0,0,0,0,0.0,CN,android,OnePlus12,1497,0,4.2.1
GACHA_40026,GS000243,2024-12-30T17:38:00Z,login_bonus,,,,0,59,0,8,10,0,0.0,TW,android,XiaomiRedmi,419,0,4.3.0
GACHA_40016,GS000680,2024-12-30T18:18:00Z,login_bonus,,,,0,40,0,3,30,0,0.0,KR,ios,iPhone15Pro,4445,1,4.2.0
GACHA_40011,GS000488,2024-12-30T18:41:00Z,quest_complete,,,,0,63,4237,14,0,0,0.0,KR,android,SamsungS24,308,0,4.2.0
GACHA_40060,GS000636,2024-12-30T18:54:00Z,purchase,,,,0,36,0,1,0,0,0.99,US,ios,iPhone14Pro,1507,7,4.2.1
GACHA_40032,GS000142,2024-12-30T19:31:00Z,summon,Standard,multi_10,R,59,60,0,7,0,300,0.0,US,android,Pixel8,2089,9,4.2.0
GACHA_40024,GS000373,2024-12-30T19:51:00Z,summon,Limited SSR Yuki,guaranteed,R,35,10,0,0,0,30,0.0,US,ios,iPhone14Pro,3692,6,4.3.0
GACHA_40026,GS000212,2024-12-30T20:04:00Z,level_up,,,,0,63,0,8,0,0,0.0,TW,android,XiaomiRedmi,3815,0,4.2.1
GACHA_40011,GS000805,2024-12-30T20:14:00Z,login_bonus,,,,0,66,0,14,30,0,0.0,KR,android,SamsungS24,3314,0,4.2.0
GACHA_40003,GS000504,2024-12-30T20:27:00Z,login_bonus,,,,0,46,0,6,10,0,0.0,CN,ios,iPhone15Pro,4710,0,4.3.0
GACHA_40087,GS000492,2024-12-30T20:29:00Z,purchase,,,,0,39,0,0,0,0,0.0,CN,android,OnePlus12,2494,0,4.3.0
GACHA_40067,GS000039,2024-12-30T20:32:00Z,login_bonus,,,,0,47,0,7,30,0,0.0,FR,ios,iPhone15,2227,0,4.2.0
GACHA_40019,GS000723,2024-12-30T20:40:00Z,summon,Limited SSR Kai,multi_10,N,89,26,0,0,0,300,0.0,JP,android,Pixel8,1241,2,4.2.1
GACHA_40056,GS000321,2024-12-30T20:53:00Z,login_bonus,,,,0,45,0,2,50,0,0.0,FR,android,XiaomiRedmi,4899,1,4.3.0
GACHA_40003,GS000375,2024-12-30T20:53:00Z,summon,Limited SSR Kai,guaranteed,R,41,43,0,6,0,30,0.0,CN,ios,iPhone15Pro,2997,0,4.3.0
GACHA_40067,GS000554,2024-12-30T21:04:00Z,login_bonus,,,,0,48,0,7,10,0,0.0,FR,ios,iPhone15,1012,0,4.2.0
GACHA_40087,GS000819,2024-12-30T21:07:00Z,purchase,,,,0,35,0,0,0,0,0.0,CN,android,OnePlus12,1445,0,4.2.0
GACHA_40083,GS000509,2024-12-30T21:18:00Z,level_up,,,,0,14,0,0,0,0,0.0,CN,ios,iPhone15,575,1,4.2.1
GACHA_40024,GS000127,2024-12-30T21:19:00Z,guild_activity,,,,0,12,0,0,0,0,0.0,US,ios,iPhone14Pro,1317,6,4.3.0
GACHA_40003,GS000369,2024-12-30T21:46:00Z,level_up,,,,0,48,0,6,0,0,0.0,CN,ios,iPhone15Pro,4932,0,4.2.0
GACHA_40034,GS000280,2024-12-30T21:48:00Z,summon,Collab: Anime X,guaranteed,R,49,32,0,0,0,30,0.0,TW,android,XiaomiRedmi,4910,0,4.2.1
GACHA_40011,GS000340,2024-12-30T21:50:00Z,quest_complete,,,,0,73,306,14,0,0,0.0,KR,android,SamsungS24,3708,0,4.2.1
GACHA_40083,GS000621,2024-12-30T23:18:00Z,quest_complete,,,,0,14,1663,0,0,0,0.0,CN,ios,iPhone15,3411,1,4.2.0
GACHA_40011,GS000232,2024-12-30T23:26:00Z,quest_complete,,,,0,67,910,14,0,0,0.0,KR,android,SamsungS24,875,0,4.2.0
GACHA_40011,GS000688,2024-12-30T23:35:00Z,pvp_battle,,,,0,63,2401,14,0,0,0.0,KR,android,SamsungS24,1782,0,4.2.1
GACHA_40011,GS000398,2024-12-30T23:49:00Z,level_up,,,,0,63,0,14,0,0,0.0,KR,android,SamsungS24,1010,0,4.2.1
GACHA_40001,GS000386,2024-12-31T07:13:00Z,quest_complete,,,,0,82,3991,9,0,0,0.0,CN,android,Pixel8,4449,12,4.3.0
GACHA_40053,GS000741,2024-12-31T07:36:00Z,summon,Rate Up: Water,multi_10,N,51,33,0,0,0,300,0.0,US,android,Pixel8,2155,0,4.2.0
GACHA_40080,GS000487,2024-12-31T08:17:00Z,level_up,,,,0,18,0,0,0,0,0.0,KR,android,SamsungS23,3648,10,4.2.0
GACHA_40081,GS000104,2024-12-31T08:35:00Z,level_up,,,,0,32,0,0,0,0,0.0,JP,ios,iPhone13,3963,0,4.2.1
GACHA_40081,GS000095,2024-12-31T08:39:00Z,level_up,,,,0,30,0,0,0,0,0.0,JP,ios,iPhone13,3323,0,4.2.1
GACHA_40081,GS000200,2024-12-31T09:08:00Z,quest_complete,,,,0,26,3994,0,0,0,0.0,JP,ios,iPhone13,2447,0,4.2.0
GACHA_40084,GS000652,2024-12-31T09:34:00Z,login_bonus,,,,0,8,0,0,50,0,0.0,US,ios,iPhone15Pro,406,2,4.2.0
GACHA_40016,GS000079,2024-12-31T09:42:00Z,level_up,,,,0,41,0,3,0,0,0.0,KR,ios,iPhone15Pro,824,2,4.2.0
GACHA_40053,GS000459,2024-12-31T09:46:00Z,summon,Collab: Anime X,guaranteed,N,41,29,0,0,0,30,0.0,US,android,Pixel8,4257,0,4.3.0
GACHA_40067,GS000707,2024-12-31T10:38:00Z,login_bonus,,,,0,50,0,7,30,0,0.0,FR,ios,iPhone15,2741,1,4.3.0
GACHA_40032,GS000520,2024-12-31T11:07:00Z,quest_complete,,,,0,64,1933,7,0,0,0.0,US,android,Pixel8,3247,10,4.2.0
GACHA_40053,GS000069,2024-12-31T11:29:00Z,summon,Limited SSR Yuki,multi_10,N,39,24,0,0,0,300,0.0,US,android,Pixel8,2841,0,4.3.0
GACHA_40038,GS000176,2024-12-31T11:48:00Z,summon,Collab: Anime X,multi_10,N,68,46,0,4,0,300,0.0,US,ios,iPhone14Pro,4309,4,4.2.0
GACHA_40081,GS000511,2024-12-31T12:00:00Z,login_bonus,,,,0,34,0,0,100,0,0.0,JP,ios,iPhone13,1370,0,4.2.1
GACHA_40038,GS000065,2024-12-31T12:10:00Z,guild_activity,,,,0,44,0,4,0,0,0.0,US,ios,iPhone14Pro,759,4,4.2.1
GACHA_40053,GS000523,2024-12-31T12:32:00Z,login_bonus,,,,0,30,0,0,10,0,0.0,US,android,Pixel8,2495,0,4.2.0
GACHA_40028,GS000263,2024-12-31T12:33:00Z,pvp_battle,,,,0,28,2605,3,0,0,0.0,BR,android,OnePlus12,3878,17,4.2.1
GACHA_40024,GS000781,2024-12-31T13:43:00Z,guild_activity,,,,0,14,0,0,0,0,0.0,US,ios,iPhone14Pro,3978,7,4.3.0
GACHA_40030,GS000273,2024-12-31T13:52:00Z,login_bonus,,,,0,23,0,0,100,0,0.0,JP,ios,iPhone15Pro,1708,9,4.2.1
GACHA_40060,GS000687,2024-12-31T13:59:00Z,quest_complete,,,,0,40,4170,1,0,0,0.0,US,ios,iPhone14Pro,5111,8,4.2.1
GACHA_40053,GS000739,2024-12-31T14:29:00Z,level_up,,,,0,28,0,0,0,0,0.0,US,android,Pixel8,5143,0,4.2.0
GACHA_40048,GS000180,2024-12-31T14:31:00Z,quest_complete,,,,0,30,4833,0,0,0,0.0,TW,android,SamsungS23,3132,15,4.3.0
GACHA_40081,GS000725,2024-12-31T14:31:00Z,purchase,,,,0,34,0,0,0,0,0.0,JP,ios,iPhone13,4217,0,4.3.0
GACHA_40053,GS000183,2024-12-31T15:04:00Z,summon,Standard,guaranteed,N,40,29,0,0,0,30,0.0,US,android,Pixel8,4523,0,4.2.1
GACHA_40067,GS000544,2024-12-31T16:02:00Z,summon,Anniversary Special,single,R,87,48,0,7,0,30,0.0,FR,ios,iPhone15,1893,1,4.2.1
GACHA_40003,GS000708,2024-12-31T16:40:00Z,pvp_battle,,,,0,48,1711,6,0,0,0.0,CN,ios,iPhone15Pro,3659,1,4.2.1
GACHA_40081,GS000341,2024-12-31T17:10:00Z,login_bonus,,,,0,25,0,0,300,0,0.0,JP,ios,iPhone13,636,0,4.2.1
GACHA_40053,GS000783,2024-12-31T17:22:00Z,purchase,,,,0,28,0,0,0,0,0.0,US,android,Pixel8,1802,0,4.3.0
GACHA_40030,GS000591,2024-12-31T17:54:00Z,level_up,,,,0,27,0,0,0,0,0.0,JP,ios,iPhone15Pro,1365,9,4.2.0
GACHA_40053,GS000408,2024-12-31T18:10:00Z,quest_complete,,,,0,34,2899,0,0,0,0.0,US,android,Pixel8,1337,0,4.3.0
GACHA_40032,GS000602,2024-12-31T18:43:00Z,login_bonus,,,,0,59,0,7,300,0,0.0,US,android,Pixel8,3629,10,4.2.1
GACHA_40081,GS000358,2024-12-31T19:01:00Z,login_bonus,,,,0,33,0,0,50,0,0.0,JP,ios,iPhone13,784,0,4.2.1
GACHA_40053,GS000818,2024-12-31T19:31:00Z,quest_complete,,,,0,24,2997,0,0,0,0.0,US,android,Pixel8,3905,0,4.2.1
GACHA_40081,GS000632,2024-12-31T19:59:00Z,login_bonus,,,,0,34,0,0,10,0,0.0,JP,ios,iPhone13,4272,0,4.2.0
GACHA_40053,GS000164,2024-12-31T20:27:00Z,level_up,,,,0,26,0,0,0,0,0.0,US,android,Pixel8,2048,0,4.3.0
GACHA_40087,GS000567,2024-12-31T20:34:00Z,summon,Anniversary Special,multi_10,SR,76,39,0,0,0,300,0.0,CN,android,OnePlus12,1725,1,4.3.0
GACHA_40071,GS000136,2024-12-31T22:08:00Z,summon,Limited SSR Kai,guaranteed,N,69,38,0,4,0,30,0.0,US,android,XiaomiRedmi,4272,0,4.2.1
GACHA_40081,GS000248,2024-12-31T22:11:00Z,guild_activity,,,,0,32,0,0,0,0,0.0,JP,ios,iPhone13,1469,0,4.2.0
GACHA_40081,GS000473,2024-12-31T22:22:00Z,level_up,,,,0,32,0,0,0,0,0.0,JP,ios,iPhone13,1761,0,4.3.0
GACHA_40028,GS000316,2024-12-31T22:33:00Z,login_bonus,,,,0,24,0,3,300,0,0.0,BR,android,OnePlus12,3272,17,4.2.1
GACHA_40034,GS000315,2024-12-31T22:39:00Z,purchase,,,,0,27,0,0,0,0,0.0,TW,android,XiaomiRedmi,5180,1,4.3.0
GACHA_40060,GS000522,2024-12-31T22:42:00Z,summon,Rate Up: Fire,single,R,84,41,0,1,0,30,0.0,US,ios,iPhone14Pro,2506,8,4.3.0
GACHA_40006,GS000361,2024-12-31T23:33:00Z,login_bonus,,,,0,53,0,8,300,0,0.0,FR,android,XiaomiRedmi,3081,5,4.2.1
GACHA_40009,GS000705,2024-12-31T23:46:00Z,level_up,,,,0,32,0,2,0,0,0.0,FR,ios,iPhone13,3621,2,4.3.0
GACHA_40053,GS000306,2024-12-31T23:51:00Z,quest_complete,,,,0,32,2293,0,0,0,0.0,US,android,Pixel8,2361,0,4.2.1
GACHA_40078,GS000569,2025-01-01T07:00:00Z,summon,Limited SSR Kai,multi_10,R,63,19,0,4,0,300,0.0,US,android,SamsungS24,4848,10,4.3.0
GACHA_40077,GS000240,2025-01-01T07:13:00Z,quest_complete,,,,0,45,3358,7,0,0,0.0,JP,ios,iPhone13,862,16,4.2.1
GACHA_40060,GS000465,2025-01-01T07:35:00Z,summon,Rate Up: Water,multi_10,R,83,42,0,1,0,300,0.0,US,ios,iPhone14Pro,1267,9,4.2.1
GACHA_40005,GS000184,2025-01-01T07:41:00Z,guild_activity,,,,0,36,0,1,0,0,0.0,JP,android,Pixel8,442,0,4.2.1
GACHA_40044,GS000220,2025-01-01T08:10:00Z,level_up,,,,0,26,0,0,0,0,0.0,KR,android,Pixel8,2145,0,4.2.1
GACHA_40084,GS000323,2025-01-01T08:21:00Z,quest_complete,,,,0,15,156,0,0,0,0.0,US,ios,iPhone15Pro,1423,3,4.2.1
GACHA_40016,GS000011,2025-01-01T08:31:00Z,summon,Limited SSR Kai,multi_10,R,50,36,0,3,0,300,0.0,KR,ios,iPhone15Pro,5210,3,4.2.1
GACHA_40016,GS000716,2025-01-01T08:37:00Z,summon,Anniversary Special,multi_10,N,70,45,0,3,0,300,0.0,KR,ios,iPhone15Pro,4854,3,4.3.0
GACHA_40006,GS000215,2025-01-01T09:16:00Z,login_bonus,,,,0,55,0,8,10,0,0.0,FR,android,XiaomiRedmi,3383,6,4.2.0
GACHA_40051,GS000592,2025-01-01T09:37:00Z,pvp_battle,,,,0,34,2875,0,0,0,0.0,JP,android,Pixel8,4032,0,4.3.0
GACHA_40083,GS000750,2025-01-01T10:48:00Z,quest_complete,,,,0,14,4347,0,0,0,0.0,CN,ios,iPhone15,3419,3,4.3.0
GACHA_40030,GS000697,2025-01-01T11:13:00Z,pvp_battle,,,,0,22,2598,0,0,0,0.0,JP,ios,iPhone15Pro,4452,10,4.3.0
GACHA_40019,GS000342,2025-01-01T11:25:00Z,quest_complete,,,,0,28,1126,0,0,0,0.0,JP,android,Pixel8,4917,4,4.2.1
GACHA_40051,GS000359,2025-01-01T11:26:00Z,summon,Anniversary Special,guaranteed,SR,5,33,0,0,0,30,0.0,JP,android,Pixel8,1605,0,4.2.1
GACHA_40032,GS000821,2025-01-01T12:07:00Z,level_up,,,,0,58,0,7,0,0,0.0,US,android,Pixel8,3712,11,4.2.1
GACHA_40005,GS000121,2025-01-01T12:08:00Z,quest_complete,,,,0,35,1602,1,0,0,0.0,JP,android,Pixel8,3687,0,4.2.0
GACHA_40083,GS000786,2025-01-01T12:36:00Z,level_up,,,,0,14,0,0,0,0,0.0,CN,ios,iPhone15,4892,3,4.2.0
GACHA_40038,GS000775,2025-01-01T13:34:00Z,quest_complete,,,,0,52,929,4,0,0,0.0,US,ios,iPhone14Pro,2917,5,4.2.1
GACHA_40051,GS000350,2025-01-01T13:45:00Z,quest_complete,,,,0,36,1393,0,0,0,0.0,JP,android,Pixel8,360,0,4.2.1
GACHA_40044,GS000222,2025-01-01T14:03:00Z,purchase,,,,0,23,0,0,0,0,0.0,KR,android,Pixel8,1909,0,4.3.0
GACHA_40080,GS000328,2025-01-01T14:50:00Z,guild_activity,,,,0,20,0,0,0,0,0.0,KR,android,SamsungS23,1265,11,4.2.1
GACHA_40044,GS000521,2025-01-01T15:01:00Z,summon,Collab: Anime X,guaranteed,N,1,21,0,0,0,30,0.0,KR,android,Pixel8,3706,0,4.2.1
GACHA_40044,GS000730,2025-01-01T15:24:00Z,summon,Standard,guaranteed,N,2,17,0,0,0,30,0.0,KR,android,Pixel8,556,0,4.2.1
GACHA_40029,GS000364,2025-01-01T16:18:00Z,login_bonus,,,,0,24,0,0,10,0,0.0,JP,ios,iPhone15Pro,360,1,4.2.0
GACHA_40083,GS000365,2025-01-01T16:35:00Z,summon,Rate Up: Water,guaranteed,N,9,7,0,0,0,30,0.0,CN,ios,iPhone15,1303,3,4.2.1
GACHA_40044,GS000319,2025-01-01T17:09:00Z,summon,Limited SSR Yuki,guaranteed,SSR,3,21,0,0,0,30,0.0,KR,android,Pixel8,2164,0,4.3.0
GACHA_40077,GS000676,2025-01-01T17:22:00Z,summon,Rate Up: Water,guaranteed,SR,75,45,0,7,0,30,0.0,JP,ios,iPhone13,1522,16,4.3.0
GACHA_40051,GS000116,2025-01-01T17:33:00Z,summon,Anniversary Special,single,N,4,33,0,0,0,30,0.0,JP,android,Pixel8,1562,0,4.3.0
GACHA_40016,GS000367,2025-01-01T18:01:00Z,login_bonus,,,,0,40,0,3,10,0,0.0,KR,ios,iPhone15Pro,2865,3,4.3.0
GACHA_40060,GS000352,2025-01-01T18:58:00Z,summon,Standard,multi_10,N,73,39,0,1,0,300,0.0,US,ios,iPhone14Pro,4095,9,4.2.0
GACHA_40044,GS000626,2025-01-01T19:15:00Z,level_up,,,,0,17,0,0,0,0,0.0,KR,android,Pixel8,2785,0,4.2.1
GACHA_40005,GS000663,2025-01-01T20:18:00Z,guild_activity,,,,0,40,0,1,0,0,0.0,JP,android,Pixel8,5269,0,4.2.0
GACHA_40051,GS000516,2025-01-01T20:25:00Z,summon,Limited SSR Yuki,multi_10,R,15,29,0,0,0,300,0.0,JP,android,Pixel8,4972,0,4.2.0
GACHA_40009,GS000531,2025-01-01T20:29:00Z,level_up,,,,0,31,0,2,0,0,0.0,FR,ios,iPhone13,2653,3,4.2.0
GACHA_40005,GS000671,2025-01-01T20:31:00Z,login_bonus,,,,0,35,0,1,50,0,0.0,JP,android,Pixel8,4881,0,4.2.1
GACHA_40088,GS000157,2025-01-01T21:20:00Z,guild_activity,,,,0,33,0,3,0,0,0.0,US,ios,iPad Pro,2693,18,4.2.0
GACHA_40034,GS000637,2025-01-01T21:27:00Z,quest_complete,,,,0,32,920,0,0,0,0.0,TW,android,XiaomiRedmi,2522,2,4.2.0
GACHA_40005,GS000673,2025-01-01T21:34:00Z,quest_complete,,,,0,36,604,1,0,0,0.0,JP,android,Pixel8,2407,0,4.3.0
GACHA_40083,GS000194,2025-01-01T21:42:00Z,guild_activity,,,,0,16,0,0,0,0,0.0,CN,ios,iPhone15,555,3,4.3.0
GACHA_40084,GS000179,2025-01-01T21:45:00Z,quest_complete,,,,0,8,4583,0,0,0,0.0,US,ios,iPhone15Pro,4502,3,4.3.0
GACHA_40044,GS000493,2025-01-01T21:52:00Z,quest_complete,,,,0,24,4155,0,0,0,0.0,KR,android,Pixel8,3577,0,4.2.1
GACHA_40005,GS000683,2025-01-01T22:03:00Z,level_up,,,,0,42,0,1,0,0,0.0,JP,android,Pixel8,2593,0,4.2.0
GACHA_40018,GS000562,2025-01-01T22:43:00Z,summon,Rate Up: Fire,multi_10,N,30,69,0,6,0,300,0.0,FR,android,OnePlus12,576,7,4.3.0
GACHA_40005,GS000055,2025-01-01T23:31:00Z,pvp_battle,,,,0,41,2883,1,0,0,0.0,JP,android,Pixel8,3331,0,4.2.1
GACHA_40005,GS000435,2025-01-01T23:57:00Z,quest_complete,,,,0,38,3462,1,0,0,0.0,JP,android,Pixel8,4869,0,4.2.0
GACHA_40071,GS000464,2025-01-02T07:00:00Z,level_up,,,,0,43,0,4,0,0,0.0,US,android,XiaomiRedmi,1509,2,4.3.0
GACHA_40006,GS000282,2025-01-02T08:38:00Z,guild_activity,,,,0,50,0,8,0,0,0.0,FR,android,XiaomiRedmi,1251,7,4.2.0
GACHA_40009,GS000767,2025-01-02T10:03:00Z,pvp_battle,,,,0,27,4830,2,0,0,0.0,FR,ios,iPhone13,3900,4,4.2.1
GACHA_40016,GS000546,2025-01-02T10:39:00Z,quest_complete,,,,0,42,2816,3,0,0,0.0,KR,ios,iPhone15Pro,3186,4,4.3.0
GACHA_40068,GS000285,2025-01-02T11:19:00Z,purchase,,,,0,13,0,0,0,0,0.0,JP,android,SamsungS23,4271,0,4.2.1
GACHA_40040,GS000075,2025-01-02T12:15:00Z,purchase,,,,0,58,0,5,0,0,49.99,CN,ios,iPhone14Pro,4505,0,4.3.0
GACHA_40019,GS000304,2025-01-02T12:55:00Z,level_up,,,,0,24,0,0,0,0,0.0,JP,android,Pixel8,3876,5,4.2.1
GACHA_40068,GS000048,2025-01-02T14:47:00Z,summon,Rate Up: Water,guaranteed,R,67,17,0,0,0,30,0.0,JP,android,SamsungS23,1058,0,4.2.0
GACHA_40009,GS000664,2025-01-02T14:49:00Z,guild_activity,,,,0,22,0,2,0,0,0.0,FR,ios,iPhone13,4849,4,4.2.1
GACHA_40034,GS000287,2025-01-02T15:38:00Z,pvp_battle,,,,0,28,1912,0,0,0,0.0,TW,android,XiaomiRedmi,880,3,4.2.1
GACHA_40005,GS000302,2025-01-02T15:56:00Z,level_up,,,,0,41,0,1,0,0,0.0,JP,android,Pixel8,452,1,4.2.0
GACHA_40030,GS000475,2025-01-02T16:35:00Z,level_up,,,,0,17,0,0,0,0,0.0,JP,ios,iPhone15Pro,4293,11,4.2.1
GACHA_40019,GS000807,2025-01-02T16:41:00Z,quest_complete,,,,0,19,3994,0,0,0,0.0,JP,android,Pixel8,671,5,4.3.0
GACHA_40077,GS000627,2025-01-02T18:57:00Z,login_bonus,,,,0,50,0,7,10,0,0.0,JP,ios,iPhone13,2574,17,4.2.1
GACHA_40005,GS000334,2025-01-02T19:12:00Z,level_up,,,,0,45,0,1,0,0,0.0,JP,android,Pixel8,2320,1,4.2.0
GACHA_40071,GS000066,2025-01-02T19:18:00Z,quest_complete,,,,0,36,230,4,0,0,0.0,US,android,XiaomiRedmi,3148,2,4.2.1
GACHA_40083,GS000645,2025-01-02T19:25:00Z,level_up,,,,0,15,0,0,0,0,0.0,CN,ios,iPhone15,828,4,4.2.1
GACHA_40068,GS000584,2025-01-02T20:15:00Z,quest_complete,,,,0,19,3418,0,0,0,0.0,JP,android,SamsungS23,4545,0,4.2.0
GACHA_40068,GS000693,2025-01-02T20:49:00Z,quest_complete,,,,0,12,3236,0,0,0,0.0,JP,android,SamsungS23,776,0,4.2.1
GACHA_40040,GS000608,2025-01-02T21:40:00Z,summon,Anniversary Special,single,R,11,59,0,5,0,30,0.0,CN,ios,iPhone14Pro,2650,0,4.3.0
GACHA_40077,GS000411,2025-01-02T23:11:00Z,level_up,,,,0,46,0,7,0,0,0.0,JP,ios,iPhone13,3113,17,4.3.0
GACHA_40084,GS000470,2025-01-02T23:46:00Z,summon,Standard,multi_10,N,11,5,0,0,0,300,0.0,US,ios,iPhone15Pro,5240,4,4.2.1
GACHA_40016,GS000405,2025-01-03T07:11:00Z,guild_activity,,,,0,39,0,3,0,0,0.0,KR,ios,iPhone15Pro,4669,5,4.2.1
GACHA_40023,GS000701,2025-01-03T07:16:00Z,pvp_battle,,,,0,90,3214,8,0,0,0.0,BR,ios,iPad Pro,1449,5,4.3.0
GACHA_40037,GS000765,2025-01-03T08:55:00Z,guild_activity,,,,0,13,0,0,0,0,0.0,JP,android,SamsungS23,1012,0,4.2.0
GACHA_40023,GS000661,2025-01-03T09:06:00Z,level_up,,,,0,92,0,8,0,0,0.0,BR,ios,iPad Pro,4689,5,4.3.0
GACHA_40032,GS000138,2025-01-03T09:20:00Z,summon,Collab: Anime X,single,R,49,60,0,7,0,30,0.0,US,android,Pixel8,2091,13,4.2.1
GACHA_40037,GS000800,2025-01-03T09:36:00Z,level_up,,,,0,11,0,0,0,0,0.0,JP,android,SamsungS23,608,0,4.2.1
GACHA_40002,GS000681,2025-01-03T09:39:00Z,guild_activity,,,,0,51,0,4,0,0,0.0,DE,ios,iPhone13,5342,0,4.3.0
GACHA_40043,GS000466,2025-01-03T10:54:00Z,purchase,,,,0,48,0,6,0,0,29.99,KR,ios,iPhone15,2800,9,4.2.0
GACHA_40019,GS000040,2025-01-03T11:13:00Z,level_up,,,,0,27,0,0,0,0,0.0,JP,android,Pixel8,2977,6,4.2.1
GACHA_40078,GS000494,2025-01-03T11:59:00Z,pvp_battle,,,,0,22,3134,4,0,0,0.0,US,android,SamsungS24,3016,12,4.2.1
GACHA_40051,GS000196,2025-01-03T12:09:00Z,level_up,,,,0,33,0,0,0,0,0.0,JP,android,Pixel8,2420,2,4.3.0
GACHA_40002,GS000724,2025-01-03T13:04:00Z,purchase,,,,0,44,0,4,0,0,0.99,DE,ios,iPhone13,3073,0,4.3.0
GACHA_40037,GS000593,2025-01-03T13:58:00Z,level_up,,,,0,7,0,0,0,0,0.0,JP,android,SamsungS23,2823,0,4.3.0
GACHA_40037,GS000837,2025-01-03T14:08:00Z,summon,Standard,guaranteed,N,65,7,0,0,0,30,0.0,JP,android,SamsungS23,2826,0,4.3.0
GACHA_40051,GS000252,2025-01-03T14:50:00Z,quest_complete,,,,0,33,3147,0,0,0,0.0,JP,android,Pixel8,2321,2,4.3.0
GACHA_40037,GS000313,2025-01-03T15:20:00Z,login_bonus,,,,0,7,0,0,300,0,0.0,JP,android,SamsungS23,1021,0,4.2.1
GACHA_40073,GS000266,2025-01-03T15:54:00Z,pvp_battle,,,,0,21,3714,1,0,0,0.0,US,android,SamsungS23,631,2,4.3.0
GACHA_40016,GS000845,2025-01-03T16:15:00Z,quest_complete,,,,0,42,3242,3,0,0,0.0,KR,ios,iPhone15Pro,4239,5,4.3.0
GACHA_40077,GS000073,2025-01-03T17:20:00Z,level_up,,,,0,43,0,7,0,0,0.0,JP,ios,iPhone13,447,18,4.2.1
GACHA_40034,GS000426,2025-01-03T17:27:00Z,level_up,,,,0,32,0,0,0,0,0.0,TW,android,XiaomiRedmi,945,4,4.2.1
GACHA_40037,GS000551,2025-01-03T17:32:00Z,quest_complete,,,,0,14,3562,0,0,0,0.0,JP,android,SamsungS23,3457,0,4.2.0
GACHA_40037,GS000552,2025-01-03T17:33:00Z,login_bonus,,,,0,8,0,0,30,0,0.0,JP,android,SamsungS23,1727,0,4.3.0
GACHA_40016,GS000221,2025-01-03T19:00:00Z,purchase,,,,0,37,0,3,0,0,9.99,KR,ios,iPhone15Pro,2888,5,4.2.1
GACHA_40030,GS000270,2025-01-03T19:39:00Z,summon,Standard,multi_10,R,49,18,0,0,0,300,0.0,JP,ios,iPhone15Pro,3482,12,4.2.0
GACHA_40073,GS000169,2025-01-03T20:36:00Z,login_bonus,,,,0,28,0,1,100,0,0.0,US,android,SamsungS23,702,2,4.2.1
GACHA_40018,GS000244,2025-01-03T20:46:00Z,level_up,,,,0,69,0,6,0,0,0.0,FR,android,OnePlus12,1380,9,4.2.0
GACHA_40037,GS000070,2025-01-03T21:00:00Z,quest_complete,,,,0,8,3313,0,0,0,0.0,JP,android,SamsungS23,1910,0,4.2.1
GACHA_40037,GS000381,2025-01-03T22:51:00Z,guild_activity,,,,0,6,0,0,0,0,0.0,JP,android,SamsungS23,4850,0,4.2.1
GACHA_40034,GS000829,2025-01-03T23:35:00Z,login_bonus,,,,0,26,0,0,300,0,0.0,TW,android,XiaomiRedmi,1000,4,4.2.1
GACHA_40020,GS000568,2025-01-04T07:12:00Z,summon,Limited SSR Kai,guaranteed,N,1,64,0,8,0,30,0.0,FR,android,OnePlus12,598,0,4.2.1
GACHA_40020,GS000662,2025-01-04T08:03:00Z,quest_complete,,,,0,61,4974,8,0,0,0.0,FR,android,OnePlus12,5279,0,4.2.0
GACHA_40018,GS000657,2025-01-04T09:32:00Z,level_up,,,,0,70,0,6,0,0,0.0,FR,android,OnePlus12,5151,10,4.3.0
GACHA_40037,GS000468,2025-01-04T09:38:00Z,pvp_battle,,,,0,9,2969,0,0,0,0.0,JP,android,SamsungS23,4343,1,4.2.1
GACHA_40016,GS000596,2025-01-04T09:48:00Z,summon,Rate Up: Fire,multi_10,R,60,42,0,3,0,300,0.0,KR,ios,iPhone15Pro,4642,6,4.2.0
GACHA_40028,GS000483,2025-01-04T09:50:00Z,purchase,,,,0,20,0,3,0,0,4.99,BR,android,OnePlus12,588,21,4.2.0
GACHA_40040,GS000700,2025-01-04T10:33:00Z,purchase,,,,0,63,0,5,0,0,9.99,CN,ios,iPhone14Pro,5272,2,4.2.1
GACHA_40020,GS000679,2025-01-04T11:03:00Z,summon,Limited SSR Kai,multi_10,SR,22,66,0,8,0,300,0.0,FR,android,OnePlus12,3125,0,4.2.0
GACHA_40020,GS000372,2025-01-04T11:17:00Z,guild_activity,,,,0,65,0,8,0,0,0.0,FR,android,OnePlus12,1703,0,4.2.1
GACHA_40051,GS000622,2025-01-04T11:31:00Z,quest_complete,,,,0,31,567,0,0,0,0.0,JP,android,Pixel8,793,3,4.3.0
GACHA_40020,GS000638,2025-01-04T12:09:00Z,summon,Limited SSR Yuki,guaranteed,SR,12,63,0,8,0,30,0.0,FR,android,OnePlus12,493,0,4.2.1
GACHA_40020,GS000020,2025-01-04T12:51:00Z,pvp_battle,,,,0,59,2466,8,0,0,0.0,FR,android,OnePlus12,828,0,4.2.1
GACHA_40083,GS000553,2025-01-04T13:02:00Z,level_up,,,,0,15,0,0,0,0,0.0,CN,ios,iPhone15,2447,6,4.3.0
GACHA_40028,GS000788,2025-01-04T13:14:00Z,purchase,,,,0,29,0,3,0,0,9.99,BR,android,OnePlus12,2088,21,4.2.0
GACHA_40089,GS000051,2025-01-04T13:30:00Z,level_up,,,,0,65,0,4,0,0,0.0,BR,android,SamsungS23,2771,24,4.2.0
GACHA_40009,GS000016,2025-01-04T14:11:00Z,purchase,,,,0,28,0,2,0,0,0.99,FR,ios,iPhone13,4036,6,4.3.0
GACHA_40030,GS000759,2025-01-04T17:09:00Z,guild_activity,,,,0,20,0,0,0,0,0.0,JP,ios,iPhone15Pro,4034,13,4.2.1
GACHA_40057,GS000007,2025-01-04T17:11:00Z,login_bonus,,,,0,45,0,7,300,0,0.0,CN,android,SamsungS23,1716,3,4.2.1
GACHA_40040,GS000312,2025-01-04T18:15:00Z,pvp_battle,,,,0,58,2807,5,0,0,0.0,CN,ios,iPhone14Pro,1153,2,4.2.0
GACHA_40020,GS000251,2025-01-04T18:31:00Z,quest_complete,,,,0,65,1822,8,0,0,0.0,FR,android,OnePlus12,681,0,4.2.1
GACHA_40020,GS000454,2025-01-04T19:17:00Z,pvp_battle,,,,0,65,4315,8,0,0,0.0,FR,android,OnePlus12,1732,0,4.2.0
GACHA_40020,GS000624,2025-01-04T19:17:00Z,summon,Rate Up: Fire,multi_10,SR,11,62,0,8,0,300,0.0,FR,android,OnePlus12,2435,0,4.3.0
GACHA_40023,GS000491,2025-01-04T19:27:00Z,level_up,,,,0,95,0,8,0,0,0.0,BR,ios,iPad Pro,3032,6,4.3.0
GACHA_40020,GS000320,2025-01-04T19:54:00Z,login_bonus,,,,0,63,0,8,100,0,0.0,FR,android,OnePlus12,4235,0,4.2.0
GACHA_40020,GS000820,2025-01-04T19:58:00Z,purchase,,,,0,64,0,8,0,0,14.99,FR,android,OnePlus12,3406,0,4.3.0
GACHA_40089,GS000102,2025-01-04T20:02:00Z,guild_activity,,,,0,70,0,4,0,0,0.0,BR,android,SamsungS23,3712,24,4.2.1
GACHA_40071,GS000614,2025-01-04T20:29:00Z,summon,Standard,single,N,81,38,0,4,0,30,0.0,US,android,XiaomiRedmi,4114,4,4.2.1
GACHA_40020,GS000630,2025-01-04T22:19:00Z,guild_activity,,,,0,63,0,8,0,0,0.0,FR,android,OnePlus12,3555,0,4.2.1
GACHA_40057,GS000603,2025-01-04T22:38:00Z,purchase,,,,0,44,0,7,0,0,14.99,CN,android,SamsungS23,727,3,4.2.0
GACHA_40018,GS000747,2025-01-04T22:56:00Z,summon,Rate Up: Water,single,SR,31,75,0,6,0,30,0.0,FR,android,OnePlus12,3523,10,4.3.0
GACHA_40016,GS000629,2025-01-05T07:04:00Z,level_up,,,,0,39,0,3,0,0,0.0,KR,ios,iPhone15Pro,3527,7,4.2.0
GACHA_40062,GS000501,2025-01-05T07:13:00Z,pvp_battle,,,,0,43,2147,1,0,0,0.0,US,android,Pixel8,2106,0,4.2.1
GACHA_40009,GS000769,2025-01-05T07:35:00Z,level_up,,,,0,24,0,2,0,0,0.0,FR,ios,iPhone13,330,7,4.2.1
GACHA_40090,GS000112,2025-01-05T08:13:00Z,login_bonus,,,,0,20,0,4,300,0,0.0,TW,ios,iPad Pro,1278,0,4.2.0
GACHA_40088,GS000611,2025-01-05T08:55:00Z,pvp_battle,,,,0,37,584,3,0,0,0.0,US,ios,iPad Pro,2952,22,4.2.1
GACHA_40090,GS000668,2025-01-05T09:11:00Z,summon,Collab: Anime X,multi_10,R,83,18,0,4,0,300,0.0,TW,ios,iPad Pro,1096,0,4.2.1
GACHA_40090,GS000403,2025-01-05T10:39:00Z,quest_complete,,,,0,16,3309,4,0,0,0.0,TW,ios,iPad Pro,3895,0,4.2.1
GACHA_40006,GS000330,2025-01-05T10:48:00Z,summon,Anniversary Special,single,N,12,56,0,8,0,30,0.0,FR,android,XiaomiRedmi,556,10,4.3.0
GACHA_40062,GS000643,2025-01-05T11:26:00Z,guild_activity,,,,0,52,0,1,0,0,0.0,US,android,Pixel8,2707,0,4.2.0
GACHA_40062,GS000659,2025-01-05T11:27:00Z,summon,Limited SSR Kai,single,N,1,52,0,1,0,30,0.0,US,android,Pixel8,5044,0,4.3.0
GACHA_40084,GS000810,2025-01-05T11:56:00Z,quest_complete,,,,0,8,3511,0,0,0,0.0,US,ios,iPhone15Pro,2717,7,4.2.0
GACHA_40029,GS000574,2025-01-05T12:11:00Z,purchase,,,,0,16,0,0,0,0,0.0,JP,ios,iPhone15Pro,2220,5,4.2.0
GACHA_40045,GS000684,2025-01-05T12:33:00Z,quest_complete,,,,0,34,411,0,0,0,0.0,DE,android,OnePlus12,5374,20,4.3.0
GACHA_40006,GS000353,2025-01-05T14:06:00Z,summon,Limited SSR Kai,multi_10,R,22,52,0,8,0,300,0.0,FR,android,XiaomiRedmi,650,10,4.2.0
GACHA_40016,GS000078,2025-01-05T14:20:00Z,guild_activity,,,,0,38,0,3,0,0,0.0,KR,ios,iPhone15Pro,2070,7,4.3.0
GACHA_40062,GS000226,2025-01-05T14:25:00Z,summon,Limited SSR Kai,multi_10,SSR,91,46,0,1,0,300,0.0,US,android,Pixel8,3461,0,4.2.0
GACHA_40078,GS000439,2025-01-05T15:02:00Z,quest_complete,,,,0,22,2894,4,0,0,0.0,US,android,SamsungS24,3880,14,4.3.0
GACHA_40090,GS000600,2025-01-05T15:36:00Z,level_up,,,,0,18,0,4,0,0,0.0,TW,ios,iPad Pro,2308,0,4.3.0
GACHA_40084,GS000208,2025-01-05T15:58:00Z,quest_complete,,,,0,14,2713,0,0,0,0.0,US,ios,iPhone15Pro,4179,7,4.3.0
GACHA_40033,GS000120,2025-01-05T17:46:00Z,level_up,,,,0,26,0,0,0,0,0.0,KR,ios,iPhone15Pro,3482,2,4.2.1
GACHA_40089,GS000709,2025-01-05T17:56:00Z,level_up,,,,0,70,0,4,0,0,0.0,BR,android,SamsungS23,330,25,4.3.0
GACHA_40062,GS000842,2025-01-05T18:10:00Z,purchase,,,,0,44,0,1,0,0,9.99,US,android,Pixel8,2612,0,4.3.0
GACHA_40020,GS000327,2025-01-05T19:09:00Z,summon,Anniversary Special,multi_10,SSR,95,56,0,8,0,300,0.0,FR,android,OnePlus12,3601,1,4.2.0
GACHA_40071,GS000429,2025-01-05T19:37:00Z,purchase,,,,0,44,0,4,0,0,4.99,US,android,XiaomiRedmi,2617,5,4.2.1
GACHA_40016,GS000415,2025-01-05T20:09:00Z,guild_activity,,,,0,39,0,3,0,0,0.0,KR,ios,iPhone15Pro,1597,7,4.2.1
GACHA_40084,GS000540,2025-01-05T20:15:00Z,summon,Rate Up: Water,single,N,12,6,0,0,0,30,0.0,US,ios,iPhone15Pro,2655,7,4.2.0
GACHA_40040,GS000064,2025-01-05T20:20:00Z,pvp_battle,,,,0,64,1248,5,0,0,0.0,CN,ios,iPhone14Pro,2011,3,4.2.0
GACHA_40045,GS000762,2025-01-05T20:22:00Z,pvp_battle,,,,0,31,2221,0,0,0,0.0,DE,android,OnePlus12,2274,20,4.2.1
GACHA_40083,GS000255,2025-01-05T20:25:00Z,quest_complete,,,,0,13,2686,0,0,0,0.0,CN,ios,iPhone15,3853,7,4.2.0
GACHA_40062,GS000620,2025-01-05T20:26:00Z,login_bonus,,,,0,43,0,1,300,0,0.0,US,android,Pixel8,301,0,4.2.0
GACHA_40002,GS000565,2025-01-05T20:29:00Z,summon,Collab: Anime X,multi_10,SSR,32,42,0,4,0,300,0.0,DE,ios,iPhone13,4981,2,4.2.1
GACHA_40034,GS000264,2025-01-05T20:32:00Z,login_bonus,,,,0,24,0,0,50,0,0.0,TW,android,XiaomiRedmi,1280,6,4.2.0
GACHA_40090,GS000823,2025-01-05T20:47:00Z,login_bonus,,,,0,20,0,4,30,0,0.0,TW,ios,iPad Pro,1837,0,4.2.0
GACHA_40090,GS000061,2025-01-05T21:05:00Z,pvp_battle,,,,0,17,1307,4,0,0,0.0,TW,ios,iPad Pro,3253,0,4.2.1
GACHA_40090,GS000417,2025-01-05T21:47:00Z,summon,Rate Up: Fire,guaranteed,R,73,22,0,4,0,30,0.0,TW,ios,iPad Pro,3652,0,4.2.0
GACHA_40040,GS000438,2025-01-05T21:50:00Z,summon,Standard,multi_10,R,10,58,0,5,0,300,0.0,CN,ios,iPhone14Pro,4325,3,4.3.0
GACHA_40062,GS000276,2025-01-05T22:11:00Z,purchase,,,,0,52,0,1,0,0,9.99,US,android,Pixel8,595,0,4.2.1
GACHA_40057,GS000357,2025-01-05T22:13:00Z,quest_complete,,,,0,47,1267,7,0,0,0.0,CN,android,SamsungS23,822,4,4.3.0
GACHA_40062,GS000529,2025-01-05T22:48:00Z,pvp_battle,,,,0,52,3618,1,0,0,0.0,US,android,Pixel8,2554,0,4.3.0
GACHA_40090,GS000640,2025-01-05T22:49:00Z,quest_complete,,,,0,20,681,4,0,0,0.0,TW,ios,iPad Pro,3430,0,4.2.1
GACHA_40020,GS000235,2025-01-05T23:09:00Z,login_bonus,,,,0,59,0,8,30,0,0.0,FR,android,OnePlus12,2940,1,4.3.0
GACHA_40083,GS000579,2025-01-05T23:09:00Z,summon,Rate Up: Water,multi_10,R,19,10,0,0,0,300,0.0,CN,ios,iPhone15,4203,7,4.3.0
GACHA_40090,GS000597,2025-01-05T23:26:00Z,level_up,,,,0,20,0,4,0,0,0.0,TW,ios,iPad Pro,2350,0,4.2.1
GACHA_40083,GS000100,2025-01-05T23:54:00Z,login_bonus,,,,0,16,0,0,50,0,0.0,CN,ios,iPhone15,1732,7,4.3.0
GACHA_40029,GS000711,2025-01-06T07:13:00Z,summon,Rate Up: Fire,guaranteed,N,59,26,0,0,0,30,0.0,JP,ios,iPhone15Pro,4678,6,4.3.0
GACHA_40077,GS000634,2025-01-06T07:17:00Z,level_up,,,,0,50,0,7,0,0,0.0,JP,ios,iPhone13,2407,21,4.2.1
GACHA_40085,GS000452,2025-01-06T07:56:00Z,summon,Rate Up: Fire,single,R,26,23,0,4,0,30,0.0,CN,ios,iPhone15,3416,10,4.2.0
GACHA_40002,GS000442,2025-01-06T09:01:00Z,summon,Standard,guaranteed,N,21,50,0,4,0,30,0.0,DE,ios,iPhone13,4024,3,4.2.1
GACHA_40060,GS000262,2025-01-06T11:07:00Z,quest_complete,,,,0,34,2647,1,0,0,0.0,US,ios,iPhone14Pro,2789,14,4.2.1
GACHA_40034,GS000806,2025-01-06T11:14:00Z,summon,Limited SSR Yuki,multi_10,R,59,33,0,0,0,300,0.0,TW,android,XiaomiRedmi,420,7,4.2.0
GACHA_40029,GS000795,2025-01-06T11:56:00Z,login_bonus,,,,0,26,0,0,300,0,0.0,JP,ios,iPhone15Pro,2113,6,4.2.1
GACHA_40057,GS000154,2025-01-06T14:44:00Z,summon,Rate Up: Water,single,R,71,48,0,7,0,30,0.0,CN,android,SamsungS23,4338,5,4.2.1
GACHA_40089,GS000463,2025-01-06T15:19:00Z,level_up,,,,0,65,0,4,0,0,0.0,BR,android,SamsungS23,2578,26,4.3.0
GACHA_40080,GS000731,2025-01-06T15:41:00Z,login_bonus,,,,0,13,0,0,300,0,0.0,KR,android,SamsungS23,844,16,4.2.0
GACHA_40030,GS000233,2025-01-06T16:14:00Z,guild_activity,,,,0,18,0,0,0,0,0.0,JP,ios,iPhone15Pro,3825,15,4.2.0
GACHA_40006,GS000528,2025-01-06T16:28:00Z,level_up,,,,0,53,0,8,0,0,0.0,FR,android,XiaomiRedmi,763,11,4.2.1
GACHA_40073,GS000815,2025-01-06T17:43:00Z,quest_complete,,,,0,28,3228,1,0,0,0.0,US,android,SamsungS23,1566,5,4.2.1
GACHA_40029,GS000720,2025-01-06T17:50:00Z,quest_complete,,,,0,24,2991,0,0,0,0.0,JP,ios,iPhone15Pro,2484,6,4.2.1
GACHA_40071,GS000434,2025-01-06T19:39:00Z,summon,Anniversary Special,guaranteed,N,80,42,0,4,0,30,0.0,US,android,XiaomiRedmi,1464,6,4.2.1
GACHA_40002,GS000740,2025-01-06T20:19:00Z,quest_complete,,,,0,49,2841,4,0,0,0.0,DE,ios,iPhone13,3773,3,4.2.1
GACHA_40019,GS000779,2025-01-06T20:21:00Z,quest_complete,,,,0,26,2735,0,0,0,0.0,JP,android,Pixel8,2059,9,4.2.1
GACHA_40084,GS000695,2025-01-06T20:54:00Z,level_up,,,,0,5,0,0,0,0,0.0,US,ios,iPhone15Pro,5144,8,4.3.0
GACHA_40002,GS000497,2025-01-06T21:18:00Z,purchase,,,,0,44,0,4,0,0,4.99,DE,ios,iPhone13,3831,3,4.2.1
GACHA_40023,GS000418,2025-01-06T21:40:00Z,level_up,,,,0,90,0,8,0,0,0.0,BR,ios,iPad Pro,3544,8,4.2.1
GACHA_40040,GS000017,2025-01-06T22:17:00Z,purchase,,,,0,62,0,5,0,0,49.99,CN,ios,iPhone14Pro,5046,4,4.2.1
GACHA_40051,GS000500,2025-01-06T22:56:00Z,level_up,,,,0,29,0,0,0,0,0.0,JP,android,Pixel8,1557,5,4.2.1
GACHA_40002,GS000171,2025-01-06T23:23:00Z,summon,Limited SSR Kai,multi_10,R,19,42,0,4,0,300,0.0,DE,ios,iPhone13,3768,3,4.2.1
GACHA_40023,GS000457,2025-01-06T23:36:00Z,pvp_battle,,,,0,92,2512,8,0,0,0.0,BR,ios,iPad Pro,1689,8,4.3.0
GACHA_40090,GS000533,2025-01-06T23:56:00Z,purchase,,,,0,25,0,4,0,0,4.99,TW,ios,iPad Pro,5044,1,4.3.0
GACHA_40033,GS000044,2025-01-06T23:57:00Z,summon,Limited SSR Kai,guaranteed,N,19,24,0,0,0,30,0.0,KR,ios,iPhone15Pro,3329,3,4.2.1
GACHA_40085,GS000113,2025-01-07T09:16:00Z,quest_complete,,,,0,30,3146,4,0,0,0.0,CN,ios,iPhone15,5003,11,4.3.0
GACHA_40073,GS000766,2025-01-07T10:42:00Z,guild_activity,,,,0,27,0,1,0,0,0.0,US,android,SamsungS23,2574,6,4.3.0
GACHA_40033,GS000374,2025-01-07T11:04:00Z,level_up,,,,0,33,0,0,0,0,0.0,KR,ios,iPhone15Pro,1548,4,4.3.0
GACHA_40048,GS000737,2025-01-07T11:17:00Z,summon,Limited SSR Kai,multi_10,SR,68,30,0,0,0,300,0.0,TW,android,SamsungS23,1634,22,4.2.0
GACHA_40002,GS000489,2025-01-07T12:01:00Z,summon,Collab: Anime X,guaranteed,N,22,50,0,4,0,30,0.0,DE,ios,iPhone13,877,4,4.2.1
GACHA_40040,GS000185,2025-01-07T12:45:00Z,login_bonus,,,,0,65,0,5,50,0,0.0,CN,ios,iPhone14Pro,4237,5,4.2.0
GACHA_40071,GS000281,2025-01-07T12:52:00Z,quest_complete,,,,0,40,2861,4,0,0,0.0,US,android,XiaomiRedmi,743,7,4.3.0
GACHA_40071,GS000216,2025-01-07T13:07:00Z,summon,Limited SSR Yuki,multi_10,N,79,40,0,4,0,300,0.0,US,android,XiaomiRedmi,336,7,4.2.0
GACHA_40023,GS000133,2025-01-07T13:33:00Z,summon,Collab: Anime X,guaranteed,N,79,94,0,8,0,30,0.0,BR,ios,iPad Pro,4342,9,4.3.0
GACHA_40040,GS000843,2025-01-07T16:31:00Z,level_up,,,,0,65,0,5,0,0,0.0,CN,ios,iPhone14Pro,1737,5,4.2.0
GACHA_40019,GS000587,2025-01-07T16:40:00Z,login_bonus,,,,0,20,0,0,50,0,0.0,JP,android,Pixel8,2315,10,4.3.0
GACHA_40073,GS000309,2025-01-07T17:16:00Z,level_up,,,,0,23,0,1,0,0,0.0,US,android,SamsungS23,4587,6,4.2.1
GACHA_40002,GS000188,2025-01-07T18:24:00Z,pvp_battle,,,,0,44,726,4,0,0,0.0,DE,ios,iPhone13,5215,4,4.3.0
GACHA_40040,GS000758,2025-01-07T19:21:00Z,purchase,,,,0,62,0,5,0,0,49.99,CN,ios,iPhone14Pro,5388,5,4.3.0
GACHA_40029,GS000446,2025-01-07T20:24:00Z,quest_complete,,,,0,16,761,0,0,0,0.0,JP,ios,iPhone15Pro,2078,7,4.3.0
GACHA_40040,GS000666,2025-01-07T21:29:00Z,login_bonus,,,,0,65,0,5,300,0,0.0,CN,ios,iPhone14Pro,4835,5,4.3.0
GACHA_40023,GS000186,2025-01-07T22:29:00Z,login_bonus,,,,0,89,0,8,300,0,0.0,BR,ios,iPad Pro,2582,9,4.3.0
GACHA_40080,GS000129,2025-01-08T07:46:00Z,summon,Rate Up: Fire,single,R,81,23,0,0,0,30,0.0,KR,android,SamsungS23,3912,18,4.2.0
GACHA_40073,GS000691,2025-01-08T08:00:00Z,pvp_battle,,,,0,20,1682,1,0,0,0.0,US,android,SamsungS23,2631,7,4.2.1
GACHA_40018,GS000515,2025-01-08T08:43:00Z,guild_activity,,,,0,73,0,6,0,0,0.0,FR,android,OnePlus12,4654,14,4.2.1
GACHA_40033,GS000099,2025-01-08T12:23:00Z,login_bonus,,,,0,27,0,0,30,0,0.0,KR,ios,iPhone15Pro,4586,5,4.2.1
GACHA_40085,GS000192,2025-01-08T13:17:00Z,level_up,,,,0,27,0,4,0,0,0.0,CN,ios,iPhone15,4296,12,4.3.0
GACHA_40057,GS000801,2025-01-08T14:48:00Z,login_bonus,,,,0,48,0,7,30,0,0.0,CN,android,SamsungS23,1709,7,4.3.0
GACHA_40085,GS000269,2025-01-08T16:06:00Z,pvp_battle,,,,0,26,1229,4,0,0,0.0,CN,ios,iPhone15,4866,12,4.2.1
GACHA_40073,GS000764,2025-01-08T17:27:00Z,quest_complete,,,,0,19,3588,1,0,0,0.0,US,android,SamsungS23,5168,7,4.2.1
GACHA_40073,GS000583,2025-01-08T17:59:00Z,quest_complete,,,,0,20,1592,1,0,0,0.0,US,android,SamsungS23,835,7,4.2.0
GACHA_40080,GS000787,2025-01-08T18:17:00Z,summon,Rate Up: Water,multi_10,SSR,91,16,0,0,0,300,0.0,KR,android,SamsungS23,4430,18,4.2.0
GACHA_40002,GS000427,2025-01-08T18:58:00Z,purchase,,,,0,47,0,4,0,0,9.99,DE,ios,iPhone13,3515,5,4.2.1
GACHA_40030,GS000605,2025-01-08T19:27:00Z,guild_activity,,,,0,17,0,0,0,0,0.0,JP,ios,iPhone15Pro,4659,17,4.2.1
GACHA_40051,GS000580,2025-01-08T19:54:00Z,pvp_battle,,,,0,34,4460,0,0,0,0.0,JP,android,Pixel8,1424,7,4.2.0
GACHA_40028,GS000722,2025-01-08T22:13:00Z,guild_activity,,,,0,24,0,3,0,0,0.0,BR,android,OnePlus12,4765,25,4.2.0
GACHA_40030,GS000132,2025-01-08T22:21:00Z,quest_complete,,,,0,21,153,0,0,0,0.0,JP,ios,iPhone15Pro,2939,17,4.3.0
GACHA_40085,GS000063,2025-01-08T22:48:00Z,level_up,,,,0,26,0,4,0,0,0.0,CN,ios,iPhone15,3245,12,4.2.1
GACHA_40002,GS000610,2025-01-08T22:57:00Z,summon,Rate Up: Water,multi_10,R,10,45,0,4,0,300,0.0,DE,ios,iPhone13,1413,5,4.2.1
GACHA_40084,GS000793,2025-01-09T07:42:00Z,level_up,,,,0,9,0,0,0,0,0.0,US,ios,iPhone15Pro,2403,11,4.2.1
GACHA_40078,GS000712,2025-01-09T11:08:00Z,summon,Anniversary Special,single,R,64,23,0,4,0,30,0.0,US,android,SamsungS24,3858,18,4.2.1
GACHA_40078,GS000510,2025-01-09T12:32:00Z,quest_complete,,,,0,24,1580,4,0,0,0.0,US,android,SamsungS24,2948,18,4.2.0
GACHA_40040,GS000598,2025-01-09T13:52:00Z,purchase,,,,0,58,0,5,0,0,49.99,CN,ios,iPhone14Pro,2936,7,4.2.1
GACHA_40029,GS000559,2025-01-09T15:35:00Z,summon,Standard,guaranteed,N,57,22,0,0,0,30,0.0,JP,ios,iPhone15Pro,2699,9,4.2.0
GACHA_40002,GS000283,2025-01-09T16:21:00Z,quest_complete,,,,0,49,4724,4,0,0,0.0,DE,ios,iPhone13,5270,6,4.2.1
GACHA_40085,GS000029,2025-01-09T17:18:00Z,login_bonus,,,,0,25,0,4,300,0,0.0,CN,ios,iPhone15,3527,13,4.2.0
GACHA_40048,GS000581,2025-01-09T17:27:00Z,pvp_battle,,,,0,28,1131,0,0,0,0.0,TW,android,SamsungS23,1438,24,4.2.1
GACHA_40030,GS000804,2025-01-09T17:45:00Z,quest_complete,,,,0,26,3116,0,0,0,0.0,JP,ios,iPhone15Pro,4159,18,4.2.0
GACHA_40023,GS000210,2025-01-09T18:36:00Z,level_up,,,,0,96,0,8,0,0,0.0,BR,ios,iPad Pro,1754,11,4.3.0
GACHA_40043,GS000428,2025-01-09T19:05:00Z,summon,Limited SSR Yuki,guaranteed,N,33,48,0,6,0,30,0.0,KR,ios,iPhone15,666,15,4.3.0
GACHA_40019,GS000410,2025-01-09T19:24:00Z,summon,Anniversary Special,guaranteed,N,79,22,0,0,0,30,0.0,JP,android,Pixel8,5007,12,4.2.1
GACHA_40001,GS000275,2025-01-09T21:41:00Z,guild_activity,,,,0,77,0,9,0,0,0.0,CN,android,Pixel8,890,21,4.2.0
GACHA_40023,GS000151,2025-01-09T23:07:00Z,summon,Rate Up: Water,multi_10,R,89,88,0,8,0,300,0.0,BR,ios,iPad Pro,349,11,4.2.1
GACHA_40033,GS000366,2025-01-09T23:24:00Z,pvp_battle,,,,0,26,4222,0,0,0,0.0,KR,ios,iPhone15Pro,2290,6,4.3.0
GACHA_40033,GS000690,2025-01-10T07:14:00Z,login_bonus,,,,0,30,0,0,50,0,0.0,KR,ios,iPhone15Pro,3016,7,4.3.0
GACHA_40023,GS000612,2025-01-10T07:59:00Z,pvp_battle,,,,0,88,2720,8,0,0,0.0,BR,ios,iPad Pro,3881,12,4.2.0
GACHA_40029,GS000692,2025-01-10T10:24:00Z,summon,Limited SSR Kai,single,N,58,23,0,0,0,30,0.0,JP,ios,iPhone15Pro,4870,10,4.3.0
GACHA_40040,GS000025,2025-01-10T10:31:00Z,quest_complete,,,,0,63,3312,5,0,0,0.0,CN,ios,iPhone14Pro,3560,8,4.3.0
GACHA_40080,GS000698,2025-01-10T10:47:00Z,purchase,,,,0,22,0,0,0,0,0.0,KR,android,SamsungS23,412,20,4.2.1
GACHA_40078,GS000839,2025-01-10T12:22:00Z,quest_complete,,,,0,25,4376,4,0,0,0.0,US,android,SamsungS24,2392,19,4.2.1
GACHA_40002,GS000013,2025-01-10T13:34:00Z,login_bonus,,,,0,48,0,4,50,0,0.0,DE,ios,iPhone13,1229,7,4.2.0
GACHA_40057,GS000517,2025-01-10T14:28:00Z,login_bonus,,,,0,39,0,7,50,0,0.0,CN,android,SamsungS23,4093,9,4.2.0
GACHA_40089,GS000784,2025-01-10T14:33:00Z,login_bonus,,,,0,70,0,4,100,0,0.0,BR,android,SamsungS23,1808,30,4.2.1
GACHA_40029,GS000335,2025-01-10T15:18:00Z,purchase,,,,0,16,0,0,0,0,0.0,JP,ios,iPhone15Pro,5366,10,4.2.1
GACHA_40040,GS000106,2025-01-10T18:41:00Z,quest_complete,,,,0,60,3432,5,0,0,0.0,CN,ios,iPhone14Pro,3297,8,4.2.0
GACHA_40043,GS000642,2025-01-10T19:21:00Z,pvp_battle,,,,0,45,4107,6,0,0,0.0,KR,ios,iPhone15,3829,16,4.2.1
GACHA_40033,GS000670,2025-01-10T20:04:00Z,level_up,,,,0,34,0,0,0,0,0.0,KR,ios,iPhone15Pro,1371,7,4.2.1
GACHA_40002,GS000441,2025-01-10T20:41:00Z,summon,Collab: Anime X,single,N,20,47,0,4,0,30,0.0,DE,ios,iPhone13,3592,7,4.3.0
GACHA_40001,GS000018,2025-01-10T23:36:00Z,quest_complete,,,,0,75,4076,9,0,0,0.0,CN,android,Pixel8,5166,22,4.2.0
