user_id,session_id,timestamp,event_name,prestige,gold_earned,gems_spent,gems_earned,offline_minutes,upgrade_type,upgrade_level,iap_revenue,ad_revenue,country,platform,device,session_duration,days_since_install,version
IDLE_20020,IS000209,2024-12-11T06:05:00Z,upgrade,0,0,0,0,0,generator,27,0.0,0.0,US,android,SamsungS24,1748,0,1.5.0
IDLE_20042,IS000156,2024-12-11T08:10:00Z,upgrade,0,0,0,0,0,automation,21,0.0,0.0,FR,ios,iPhone15,1364,0,1.6.0
IDLE_20042,IS000560,2024-12-11T10:17:00Z,upgrade,0,0,0,0,0,speed_boost,46,0.0,0.0,FR,ios,iPhone15,2589,0,1.5.0
IDLE_20042,IS000052,2024-12-11T10:43:00Z,upgrade,0,0,0,0,0,automation,30,0.0,0.0,FR,ios,iPhone15,427,0,1.6.0
IDLE_20020,IS000294,2024-12-11T11:50:00Z,upgrade,0,0,50,0,0,offline_bonus,9,0.0,0.0,US,android,SamsungS24,2662,0,1.6.0
IDLE_20042,IS000059,2024-12-11T14:32:00Z,upgrade,0,0,0,0,0,generator,2,0.0,0.0,FR,ios,iPhone15,1320,0,1.5.1
IDLE_20020,IS000567,2024-12-11T16:15:00Z,upgrade,0,0,25,0,0,multiplier,35,0.0,0.0,US,android,SamsungS24,2348,0,1.5.1
IDLE_20020,IS000451,2024-12-11T16:17:00Z,upgrade,0,0,50,0,0,automation,25,0.0,0.0,US,android,SamsungS24,1751,0,1.5.0
IDLE_20042,IS000613,2024-12-11T16:18:00Z,session_start,0,0,0,0,418,,0,0.0,0.0,FR,ios,iPhone15,681,0,1.5.0
IDLE_20054,IS000276,2024-12-11T17:44:00Z,session_start,0,0,0,0,668,,0,0.0,0.0,US,ios,iPhone14,3199,0,1.5.1
IDLE_20054,IS000480,2024-12-11T17:52:00Z,upgrade,0,0,0,0,0,offline_bonus,13,0.0,0.0,US,ios,iPhone14,2761,0,1.5.1
IDLE_20020,IS000371,2024-12-11T19:07:00Z,upgrade,0,0,0,0,0,multiplier,21,0.0,0.0,US,android,SamsungS24,2959,0,1.5.1
IDLE_20042,IS000206,2024-12-11T19:18:00Z,upgrade,0,0,0,0,0,automation,46,0.0,0.0,FR,ios,iPhone15,2145,0,1.5.0
IDLE_20042,IS000005,2024-12-11T21:26:00Z,session_start,0,0,0,0,589,,0,0.0,0.0,FR,ios,iPhone15,281,0,1.5.0
IDLE_20020,IS000224,2024-12-11T22:48:00Z,offline_reward,0,832,0,0,321,,0,0.0,0.0,US,android,SamsungS24,2330,0,1.5.1
IDLE_20020,IS000118,2024-12-11T23:18:00Z,ad_watched,0,0,0,15,0,,0,0.0,0.0023,US,android,SamsungS24,1748,0,1.5.0
IDLE_20001,IS000481,2024-12-12T06:04:00Z,upgrade,2,0,0,0,0,offline_bonus,62,0.0,0.0,DE,ios,iPhone14,1971,0,1.5.0
IDLE_20001,IS000187,2024-12-12T08:26:00Z,offline_reward,1,19747,0,0,198,,0,0.0,0.0,DE,ios,iPhone14,1887,0,1.5.1
IDLE_20029,IS000216,2024-12-12T12:32:00Z,offline_reward,0,1941,0,0,41,,0,0.0,0.0,DE,ios,iPhone14,242,0,1.6.0
IDLE_20054,IS000266,2024-12-12T14:35:00Z,ad_watched,0,0,0,10,0,,0,0.0,0.0032,US,ios,iPhone14,2401,1,1.6.0
IDLE_20020,IS000673,2024-12-12T14:37:00Z,offline_reward,0,1419,0,0,532,,0,0.0,0.0,US,android,SamsungS24,1281,1,1.5.0
IDLE_20029,IS000525,2024-12-12T16:03:00Z,session_start,0,0,0,0,284,,0,0.0,0.0,DE,ios,iPhone14,1356,0,1.5.0
IDLE_20042,IS000502,2024-12-12T16:31:00Z,session_start,0,0,0,0,450,,0,0.0,0.0,FR,ios,iPhone15,3453,1,1.6.0
IDLE_20029,IS000547,2024-12-12T16:40:00Z,session_start,0,0,0,0,488,,0,0.0,0.0,DE,ios,iPhone14,1300,0,1.5.0
IDLE_20029,IS000092,2024-12-12T18:22:00Z,upgrade,0,0,0,0,0,generator,36,0.0,0.0,DE,ios,iPhone14,2521,0,1.5.0
IDLE_20029,IS000131,2024-12-12T18:35:00Z,ad_watched,0,0,0,10,0,,0,0.0,0.012,DE,ios,iPhone14,2965,0,1.6.0
IDLE_20029,IS000697,2024-12-13T07:28:00Z,upgrade,0,0,0,0,0,generator,3,0.0,0.0,DE,ios,iPhone14,2500,1,1.5.1
IDLE_20001,IS000538,2024-12-13T07:54:00Z,prestige,3,0,0,0,0,,0,0.0,0.0,DE,ios,iPhone14,2262,1,1.5.1
IDLE_20001,IS000495,2024-12-13T14:55:00Z,upgrade,2,0,0,0,0,offline_bonus,47,0.0,0.0,DE,ios,iPhone14,2281,1,1.6.0
IDLE_20001,IS000657,2024-12-13T21:48:00Z,offline_reward,3,1501946,0,0,132,,0,0.0,0.0,DE,ios,iPhone14,2650,1,1.5.1
IDLE_20078,IS000192,2024-12-14T06:15:00Z,upgrade,0,0,0,0,0,speed_boost,3,0.0,0.0,UK,ios,iPhone15Pro,2008,0,1.5.0
IDLE_20078,IS000049,2024-12-14T07:49:00Z,upgrade,0,0,0,0,0,speed_boost,1,0.0,0.0,UK,ios,iPhone15Pro,2042,0,1.5.1
IDLE_20078,IS000639,2024-12-14T08:55:00Z,session_start,0,0,0,0,517,,0,0.0,0.0,UK,ios,iPhone15Pro,2193,0,1.5.0
IDLE_20078,IS000497,2024-12-14T09:07:00Z,upgrade,0,0,50,0,0,automation,12,0.0,0.0,UK,ios,iPhone15Pro,2633,0,1.6.0
IDLE_20078,IS000155,2024-12-14T09:09:00Z,upgrade,0,0,0,0,0,offline_bonus,27,0.0,0.0,UK,ios,iPhone15Pro,1722,0,1.5.0
IDLE_20078,IS000053,2024-12-14T10:21:00Z,upgrade,0,0,50,0,0,generator,28,0.0,0.0,UK,ios,iPhone15Pro,1043,0,1.5.0
IDLE_20037,IS000083,2024-12-14T12:24:00Z,offline_reward,0,555,0,0,331,,0,0.0,0.0,US,android,SamsungS24,2682,0,1.5.1
IDLE_20037,IS000247,2024-12-14T13:51:00Z,ad_watched,0,0,0,10,0,,0,0.0,0.0187,US,android,SamsungS24,3213,0,1.5.0
IDLE_20078,IS000018,2024-12-14T15:28:00Z,offline_reward,0,1469,0,0,150,,0,0.0,0.0,UK,ios,iPhone15Pro,487,0,1.5.0
IDLE_20078,IS000546,2024-12-14T22:24:00Z,offline_reward,0,706,0,0,83,,0,0.0,0.0,UK,ios,iPhone15Pro,899,0,1.5.0
IDLE_20001,IS000121,2024-12-14T23:11:00Z,prestige,1,0,0,0,0,,0,0.0,0.0,DE,ios,iPhone14,3565,2,1.6.0
IDLE_20066,IS000437,2024-12-15T06:13:00Z,offline_reward,0,1861,0,0,272,,0,0.0,0.0,FR,android,SamsungS24,3374,0,1.5.0
IDLE_20073,IS000618,2024-12-15T07:55:00Z,upgrade,2,0,0,0,0,speed_boost,43,0.0,0.0,CN,android,SamsungS23,1979,0,1.5.0
IDLE_20078,IS000339,2024-12-15T08:47:00Z,session_start,0,0,0,0,567,,0,0.0,0.0,UK,ios,iPhone15Pro,1106,1,1.5.1
IDLE_20066,IS000079,2024-12-15T08:51:00Z,session_start,0,0,0,0,94,,0,0.0,0.0,FR,android,SamsungS24,404,0,1.6.0
IDLE_20073,IS000374,2024-12-15T09:04:00Z,upgrade,1,0,0,0,0,offline_bonus,54,0.0,0.0,CN,android,SamsungS23,62,0,1.6.0
IDLE_20066,IS000564,2024-12-15T09:59:00Z,offline_reward,0,1779,0,0,390,,0,0.0,0.0,FR,android,SamsungS24,341,0,1.6.0
IDLE_20066,IS000496,2024-12-15T10:29:00Z,offline_reward,0,604,0,0,444,,0,0.0,0.0,FR,android,SamsungS24,3047,0,1.5.0
IDLE_20066,IS000693,2024-12-15T11:34:00Z,session_start,1,0,0,0,333,,0,0.0,0.0,FR,android,SamsungS24,1683,0,1.5.1
IDLE_20048,IS000241,2024-12-15T11:40:00Z,prestige,1,0,0,0,0,,0,0.0,0.0,KR,ios,iPhone14,2315,2,1.5.1
IDLE_20066,IS000675,2024-12-15T14:09:00Z,offline_reward,1,11167,0,0,459,,0,0.0,0.0,FR,android,SamsungS24,3031,0,1.6.0
IDLE_20066,IS000644,2024-12-15T14:32:00Z,session_start,1,0,0,0,41,,0,0.0,0.0,FR,android,SamsungS24,2375,0,1.6.0
IDLE_20073,IS000036,2024-12-15T15:03:00Z,offline_reward,0,1269,0,0,309,,0,0.0,0.0,CN,android,SamsungS23,2501,0,1.5.1
IDLE_20013,IS000291,2024-12-15T15:38:00Z,session_start,0,0,0,0,533,,0,0.0,0.0,CA,ios,iPhone14Pro,1451,0,1.6.0
IDLE_20034,IS000471,2024-12-15T15:39:00Z,purchase,1,0,0,0,0,,0,0.0,0.0,TW,ios,iPhone15,1999,0,1.5.1
IDLE_20073,IS000366,2024-12-15T16:01:00Z,upgrade,1,0,0,0,0,multiplier,20,0.0,0.0,CN,android,SamsungS23,536,0,1.5.0
IDLE_20066,IS000400,2024-12-15T19:35:00Z,purchase,0,0,0,0,0,,0,14.99,0.0,FR,android,SamsungS24,225,0,1.5.1
IDLE_20073,IS000654,2024-12-15T20:23:00Z,ad_watched,2,0,0,5,0,,0,0.0,0.0141,CN,android,SamsungS23,991,0,1.5.1
IDLE_20066,IS000623,2024-12-15T21:06:00Z,prestige,1,0,0,0,0,,0,0.0,0.0,FR,android,SamsungS24,3175,0,1.5.1
IDLE_20073,IS000080,2024-12-15T22:59:00Z,offline_reward,0,669,0,0,321,,0,0.0,0.0,CN,android,SamsungS23,2476,0,1.6.0
IDLE_20073,IS000298,2024-12-15T23:35:00Z,prestige,1,0,0,0,0,,0,0.0,0.0,CN,android,SamsungS23,3219,0,1.5.1
IDLE_20004,IS000010,2024-12-16T06:01:00Z,upgrade,0,0,0,0,0,multiplier,34,0.0,0.0,KR,android,SamsungS23,190,0,1.5.1
IDLE_20067,IS000151,2024-12-16T07:45:00Z,milestone,0,1598,0,0,0,,0,0.0,0.0,BR,android,OnePlus12,2262,0,1.6.0
IDLE_20058,IS000180,2024-12-16T08:20:00Z,ad_watched,0,0,0,10,0,,0,0.0,0.0066,US,android,XiaomiRedmi,1320,0,1.5.1
IDLE_20004,IS000519,2024-12-16T08:20:00Z,upgrade,1,0,0,0,0,generator,20,0.0,0.0,KR,android,SamsungS23,2217,0,1.5.0
IDLE_20004,IS000343,2024-12-16T08:36:00Z,ad_watched,1,0,0,10,0,,0,0.0,0.0094,KR,android,SamsungS23,1670,0,1.5.0
IDLE_20001,IS000014,2024-12-16T08:44:00Z,upgrade,0,0,10,0,0,automation,48,0.0,0.0,DE,ios,iPhone14,1750,4,1.5.0
IDLE_20067,IS000569,2024-12-16T08:48:00Z,upgrade,0,0,50,0,0,generator,5,0.0,0.0,BR,android,OnePlus12,1110,0,1.5.1
IDLE_20073,IS000034,2024-12-16T08:59:00Z,purchase,0,0,0,0,0,,0,2.99,0.0,CN,android,SamsungS23,2524,1,1.5.0
IDLE_20054,IS000233,2024-12-16T09:18:00Z,offline_reward,0,1701,0,0,218,,0,0.0,0.0,US,ios,iPhone14,2689,5,1.5.1
IDLE_20067,IS000035,2024-12-16T09:53:00Z,session_start,0,0,0,0,625,,0,0.0,0.0,BR,android,OnePlus12,2249,0,1.5.1
IDLE_20006,IS000509,2024-12-16T10:06:00Z,upgrade,0,0,0,0,0,speed_boost,6,0.0,0.0,DE,android,SamsungS24,1978,0,1.6.0
IDLE_20067,IS000642,2024-12-16T11:21:00Z,offline_reward,0,827,0,0,631,,0,0.0,0.0,BR,android,OnePlus12,1991,0,1.5.0
IDLE_20067,IS000698,2024-12-16T12:08:00Z,session_start,0,0,0,0,222,,0,0.0,0.0,BR,android,OnePlus12,2618,0,1.5.1
IDLE_20004,IS000015,2024-12-16T12:21:00Z,prestige,1,0,0,0,0,,0,0.0,0.0,KR,android,SamsungS23,2562,0,1.5.1
IDLE_20006,IS000462,2024-12-16T13:35:00Z,offline_reward,0,1589,0,0,299,,0,0.0,0.0,DE,android,SamsungS24,1840,0,1.5.0
IDLE_20067,IS000106,2024-12-16T13:40:00Z,offline_reward,0,1711,0,0,475,,0,0.0,0.0,BR,android,OnePlus12,399,0,1.5.1
IDLE_20004,IS000634,2024-12-16T15:07:00Z,upgrade,1,0,100,0,0,speed_boost,36,0.0,0.0,KR,android,SamsungS23,1276,0,1.6.0
IDLE_20058,IS000172,2024-12-16T15:16:00Z,upgrade,0,0,0,0,0,speed_boost,21,0.0,0.0,US,android,XiaomiRedmi,1711,0,1.5.1
IDLE_20058,IS000314,2024-12-16T15:17:00Z,purchase,0,0,0,0,0,,0,2.99,0.0,US,android,XiaomiRedmi,1061,0,1.5.1
IDLE_20004,IS000586,2024-12-16T15:26:00Z,upgrade,1,0,0,0,0,offline_bonus,13,0.0,0.0,KR,android,SamsungS23,753,0,1.5.0
IDLE_20058,IS000410,2024-12-16T16:41:00Z,offline_reward,0,1049,0,0,335,,0,0.0,0.0,US,android,XiaomiRedmi,3562,0,1.6.0
IDLE_20067,IS000176,2024-12-16T16:59:00Z,upgrade,0,0,50,0,0,multiplier,6,0.0,0.0,BR,android,OnePlus12,2114,0,1.5.0
IDLE_20037,IS000423,2024-12-16T17:38:00Z,offline_reward,0,793,0,0,680,,0,0.0,0.0,US,android,SamsungS24,2072,2,1.6.0
IDLE_20001,IS000561,2024-12-16T18:04:00Z,offline_reward,3,1345490,0,0,264,,0,0.0,0.0,DE,ios,iPhone14,676,4,1.6.0
IDLE_20066,IS000055,2024-12-16T19:03:00Z,session_start,0,0,0,0,339,,0,0.0,0.0,FR,android,SamsungS24,2779,1,1.6.0
IDLE_20004,IS000672,2024-12-16T19:07:00Z,offline_reward,1,17164,0,0,602,,0,0.0,0.0,KR,android,SamsungS23,776,0,1.5.1
IDLE_20073,IS000596,2024-12-16T19:17:00Z,prestige,2,0,0,0,0,,0,0.0,0.0,CN,android,SamsungS23,3285,1,1.6.0
IDLE_20004,IS000127,2024-12-16T21:48:00Z,upgrade,1,0,25,0,0,multiplier,21,0.0,0.0,KR,android,SamsungS23,242,0,1.6.0
IDLE_20004,IS000651,2024-12-16T21:59:00Z,offline_reward,1,19980,0,0,427,,0,0.0,0.0,KR,android,SamsungS23,308,0,1.6.0
IDLE_20004,IS000256,2024-12-16T22:00:00Z,ad_watched,1,0,0,10,0,,0,0.0,0.0132,KR,android,SamsungS23,1641,0,1.5.1
IDLE_20066,IS000470,2024-12-16T22:24:00Z,session_start,0,0,0,0,425,,0,0.0,0.0,FR,android,SamsungS24,2271,1,1.6.0
IDLE_20058,IS000268,2024-12-16T22:39:00Z,purchase,0,0,0,0,0,,0,0.99,0.0,US,android,XiaomiRedmi,1581,0,1.5.1
IDLE_20067,IS000353,2024-12-16T22:46:00Z,upgrade,0,0,0,0,0,generator,49,0.0,0.0,BR,android,OnePlus12,660,0,1.6.0
IDLE_20013,IS000522,2024-12-17T07:01:00Z,session_start,0,0,0,0,531,,0,0.0,0.0,CA,ios,iPhone14Pro,2729,2,1.5.0
IDLE_20062,IS000465,2024-12-17T07:47:00Z,offline_reward,0,571,0,0,714,,0,0.0,0.0,CA,android,OnePlus12,3280,0,1.5.1
IDLE_20034,IS000436,2024-12-17T11:07:00Z,upgrade,1,0,10,0,0,multiplier,20,0.0,0.0,TW,ios,iPhone15,3296,2,1.5.1
IDLE_20037,IS000638,2024-12-17T12:11:00Z,upgrade,0,0,25,0,0,automation,18,0.0,0.0,US,android,SamsungS24,2971,3,1.6.0
IDLE_20062,IS000577,2024-12-17T12:43:00Z,session_start,0,0,0,0,279,,0,0.0,0.0,CA,android,OnePlus12,2492,0,1.5.1
IDLE_20048,IS000674,2024-12-17T12:44:00Z,prestige,2,0,0,0,0,,0,0.0,0.0,KR,ios,iPhone14,3589,4,1.5.1
IDLE_20004,IS000556,2024-12-17T14:25:00Z,offline_reward,1,16452,0,0,407,,0,0.0,0.0,KR,android,SamsungS23,2126,1,1.5.0
IDLE_20062,IS000099,2024-12-17T15:19:00Z,session_start,0,0,0,0,126,,0,0.0,0.0,CA,android,OnePlus12,715,0,1.6.0
IDLE_20037,IS000461,2024-12-17T18:27:00Z,upgrade,0,0,0,0,0,offline_bonus,38,0.0,0.0,US,android,SamsungS24,506,3,1.5.0
IDLE_20001,IS000357,2024-12-17T19:05:00Z,prestige,2,0,0,0,0,,0,0.0,0.0,DE,ios,iPhone14,2805,5,1.5.1
IDLE_20034,IS000572,2024-12-17T19:19:00Z,session_start,1,0,0,0,152,,0,0.0,0.0,TW,ios,iPhone15,2578,2,1.5.1
IDLE_20062,IS000593,2024-12-17T19:22:00Z,purchase,0,0,0,0,0,,0,4.99,0.0,CA,android,OnePlus12,1458,0,1.6.0
IDLE_20062,IS000580,2024-12-17T20:10:00Z,upgrade,0,0,0,0,0,speed_boost,25,0.0,0.0,CA,android,OnePlus12,1881,0,1.6.0
IDLE_20062,IS000252,2024-12-17T21:49:00Z,upgrade,0,0,0,0,0,offline_bonus,20,0.0,0.0,CA,android,OnePlus12,3228,0,1.6.0
IDLE_20013,IS000498,2024-12-17T22:34:00Z,upgrade,0,0,0,0,0,generator,36,0.0,0.0,CA,ios,iPhone14Pro,3108,2,1.6.0
IDLE_20004,IS000039,2024-12-17T23:30:00Z,session_start,1,0,0,0,324,,0,0.0,0.0,KR,android,SamsungS23,2706,1,1.5.0
IDLE_20062,IS000028,2024-12-18T06:46:00Z,offline_reward,0,1237,0,0,162,,0,0.0,0.0,CA,android,OnePlus12,1120,1,1.6.0
IDLE_20054,IS000690,2024-12-18T11:40:00Z,session_start,0,0,0,0,698,,0,0.0,0.0,US,ios,iPhone14,2665,7,1.6.0
IDLE_20062,IS000270,2024-12-18T12:45:00Z,session_start,0,0,0,0,661,,0,0.0,0.0,CA,android,OnePlus12,1525,1,1.6.0
IDLE_20034,IS000671,2024-12-18T15:05:00Z,upgrade,1,0,0,0,0,multiplier,9,0.0,0.0,TW,ios,iPhone15,2183,3,1.6.0
IDLE_20037,IS000548,2024-12-18T15:40:00Z,upgrade,0,0,0,0,0,offline_bonus,26,0.0,0.0,US,android,SamsungS24,297,4,1.6.0
IDLE_20034,IS000321,2024-12-18T15:43:00Z,session_start,1,0,0,0,336,,0,0.0,0.0,TW,ios,iPhone15,2866,3,1.6.0
IDLE_20019,IS000344,2024-12-18T16:54:00Z,upgrade,1,0,50,0,0,automation,33,0.0,0.0,KR,ios,iPhone13,766,7,1.5.1
IDLE_20054,IS000413,2024-12-18T20:42:00Z,upgrade,0,0,0,0,0,speed_boost,36,0.0,0.0,US,ios,iPhone14,3375,7,1.5.0
IDLE_20059,IS000295,2024-12-19T06:33:00Z,upgrade,0,0,50,0,0,offline_bonus,13,0.0,0.0,KR,android,SamsungS24,2824,0,1.6.0
IDLE_20059,IS000062,2024-12-19T08:31:00Z,upgrade,0,0,0,0,0,offline_bonus,27,0.0,0.0,KR,android,SamsungS24,1316,0,1.5.1
IDLE_20059,IS000303,2024-12-19T11:07:00Z,upgrade,0,0,10,0,0,offline_bonus,50,0.0,0.0,KR,android,SamsungS24,1715,0,1.6.0
IDLE_20013,IS000003,2024-12-19T12:27:00Z,upgrade,0,0,0,0,0,multiplier,48,0.0,0.0,CA,ios,iPhone14Pro,3479,4,1.6.0
IDLE_20034,IS000065,2024-12-19T14:08:00Z,offline_reward,0,1638,0,0,401,,0,0.0,0.0,TW,ios,iPhone15,1155,4,1.5.1
IDLE_20005,IS000312,2024-12-19T15:11:00Z,offline_reward,0,1833,0,0,451,,0,0.0,0.0,BR,ios,iPhone14,657,0,1.5.0
IDLE_20037,IS000607,2024-12-19T17:00:00Z,offline_reward,0,1119,0,0,381,,0,0.0,0.0,US,android,SamsungS24,1198,5,1.5.1
IDLE_20059,IS000186,2024-12-19T18:29:00Z,upgrade,0,0,0,0,0,automation,9,0.0,0.0,KR,android,SamsungS24,2622,0,1.5.0
IDLE_20059,IS000006,2024-12-19T19:00:00Z,ad_watched,0,0,0,15,0,,0,0.0,0.0071,KR,android,SamsungS24,3139,0,1.6.0
IDLE_20034,IS000610,2024-12-19T19:05:00Z,offline_reward,1,8413,0,0,574,,0,0.0,0.0,TW,ios,iPhone15,2965,4,1.5.0
IDLE_20005,IS000424,2024-12-19T19:44:00Z,upgrade,0,0,0,0,0,speed_boost,40,0.0,0.0,BR,ios,iPhone14,388,0,1.5.0
IDLE_20059,IS000071,2024-12-19T23:51:00Z,offline_reward,0,1020,0,0,388,,0,0.0,0.0,KR,android,SamsungS24,79,0,1.6.0
IDLE_20059,IS000476,2024-12-19T23:53:00Z,upgrade,0,0,0,0,0,automation,20,0.0,0.0,KR,android,SamsungS24,2484,0,1.6.0
IDLE_20037,IS000154,2024-12-20T06:11:00Z,offline_reward,0,1531,0,0,608,,0,0.0,0.0,US,android,SamsungS24,706,6,1.5.1
IDLE_20064,IS000617,2024-12-20T06:37:00Z,ad_watched,1,0,0,15,0,,0,0.0,0.0054,BR,ios,iPhone13,1658,0,1.5.0
IDLE_20024,IS000275,2024-12-20T07:37:00Z,session_start,0,0,0,0,148,,0,0.0,0.0,BR,android,Pixel8,2280,0,1.6.0
IDLE_20053,IS000067,2024-12-20T07:41:00Z,ad_watched,0,0,0,5,0,,0,0.0,0.0183,FR,android,OnePlus12,1392,0,1.5.0
IDLE_20037,IS000662,2024-12-20T08:04:00Z,session_start,0,0,0,0,519,,0,0.0,0.0,US,android,SamsungS24,3263,6,1.5.0
IDLE_20036,IS000307,2024-12-20T08:13:00Z,offline_reward,0,1328,0,0,598,,0,0.0,0.0,CN,ios,iPhone13,287,1,1.6.0
IDLE_20039,IS000043,2024-12-20T09:08:00Z,prestige,1,0,0,0,0,,0,0.0,0.0,US,android,XiaomiRedmi,1506,0,1.5.0
IDLE_20005,IS000694,2024-12-20T09:08:00Z,prestige,1,0,0,0,0,,0,0.0,0.0,BR,ios,iPhone14,1128,1,1.6.0
IDLE_20039,IS000306,2024-12-20T09:16:00Z,offline_reward,1,6367,0,0,720,,0,0.0,0.0,US,android,XiaomiRedmi,1713,0,1.5.0
IDLE_20059,IS000432,2024-12-20T09:57:00Z,upgrade,0,0,0,0,0,automation,47,0.0,0.0,KR,android,SamsungS24,2853,1,1.5.0
IDLE_20053,IS000191,2024-12-20T10:10:00Z,upgrade,0,0,0,0,0,multiplier,31,0.0,0.0,FR,android,OnePlus12,1953,0,1.5.1
IDLE_20039,IS000201,2024-12-20T10:26:00Z,offline_reward,1,11609,0,0,548,,0,0.0,0.0,US,android,XiaomiRedmi,1557,0,1.5.1
IDLE_20037,IS000221,2024-12-20T11:35:00Z,purchase,0,0,0,0,0,,0,0.0,0.0,US,android,SamsungS24,3273,6,1.5.0
IDLE_20065,IS000085,2024-12-20T11:36:00Z,session_start,0,0,0,0,704,,0,0.0,0.0,CA,ios,iPhone15Pro,307,0,1.5.0
IDLE_20039,IS000040,2024-12-20T12:05:00Z,offline_reward,0,1767,0,0,283,,0,0.0,0.0,US,android,XiaomiRedmi,2301,0,1.5.1
IDLE_20064,IS000501,2024-12-20T12:09:00Z,offline_reward,1,9775,0,0,696,,0,0.0,0.0,BR,ios,iPhone13,2477,0,1.5.0
IDLE_20065,IS000485,2024-12-20T12:28:00Z,session_start,1,0,0,0,411,,0,0.0,0.0,CA,ios,iPhone15Pro,2303,0,1.5.1
IDLE_20065,IS000274,2024-12-20T13:04:00Z,session_start,1,0,0,0,571,,0,0.0,0.0,CA,ios,iPhone15Pro,1313,0,1.5.0
IDLE_20065,IS000245,2024-12-20T14:59:00Z,prestige,1,0,0,0,0,,0,0.0,0.0,CA,ios,iPhone15Pro,2524,0,1.5.1
IDLE_20065,IS000669,2024-12-20T15:34:00Z,upgrade,1,0,0,0,0,generator,48,0.0,0.0,CA,ios,iPhone15Pro,74,0,1.5.1
IDLE_20039,IS000159,2024-12-20T15:43:00Z,offline_reward,1,6250,0,0,418,,0,0.0,0.0,US,android,XiaomiRedmi,257,0,1.6.0
IDLE_20024,IS000602,2024-12-20T16:17:00Z,upgrade,0,0,0,0,0,offline_bonus,9,0.0,0.0,BR,android,Pixel8,2811,0,1.6.0
IDLE_20065,IS000158,2024-12-20T16:23:00Z,ad_watched,0,0,0,10,0,,0,0.0,0.0148,CA,ios,iPhone15Pro,308,0,1.6.0
IDLE_20024,IS000549,2024-12-20T16:25:00Z,upgrade,0,0,0,0,0,offline_bonus,36,0.0,0.0,BR,android,Pixel8,667,0,1.5.1
IDLE_20065,IS000305,2024-12-20T17:35:00Z,ad_watched,1,0,0,15,0,,0,0.0,0.0098,CA,ios,iPhone15Pro,878,0,1.6.0
IDLE_20059,IS000288,2024-12-20T17:47:00Z,upgrade,0,0,0,0,0,generator,38,0.0,0.0,KR,android,SamsungS24,2202,1,1.5.1
IDLE_20065,IS000386,2024-12-20T18:16:00Z,ad_watched,1,0,0,15,0,,0,0.0,0.0064,CA,ios,iPhone15Pro,2027,0,1.6.0
IDLE_20064,IS000077,2024-12-20T18:21:00Z,prestige,1,0,0,0,0,,0,0.0,0.0,BR,ios,iPhone13,2543,0,1.6.0
IDLE_20065,IS000415,2024-12-20T18:37:00Z,upgrade,1,0,50,0,0,speed_boost,23,0.0,0.0,CA,ios,iPhone15Pro,2908,0,1.6.0
IDLE_20053,IS000494,2024-12-20T19:10:00Z,prestige,1,0,0,0,0,,0,0.0,0.0,FR,android,OnePlus12,509,0,1.5.0
IDLE_20024,IS000587,2024-12-20T19:22:00Z,session_start,0,0,0,0,245,,0,0.0,0.0,BR,android,Pixel8,271,0,1.5.1
IDLE_20064,IS000388,2024-12-20T20:49:00Z,session_start,1,0,0,0,415,,0,0.0,0.0,BR,ios,iPhone13,3396,0,1.5.1
IDLE_20053,IS000621,2024-12-20T20:50:00Z,offline_reward,2,78459,0,0,129,,0,0.0,0.0,FR,android,OnePlus12,706,0,1.6.0
IDLE_20065,IS000459,2024-12-20T20:51:00Z,session_start,1,0,0,0,230,,0,0.0,0.0,CA,ios,iPhone15Pro,1896,0,1.6.0
IDLE_20019,IS000269,2024-12-20T21:41:00Z,upgrade,0,0,0,0,0,speed_boost,17,0.0,0.0,KR,ios,iPhone13,1035,9,1.6.0
IDLE_20024,IS000457,2024-12-20T22:22:00Z,offline_reward,0,542,0,0,38,,0,0.0,0.0,BR,android,Pixel8,3480,0,1.5.0
IDLE_20039,IS000443,2024-12-20T23:03:00Z,session_start,1,0,0,0,223,,0,0.0,0.0,US,android,XiaomiRedmi,2390,0,1.5.0
IDLE_20024,IS000132,2024-12-20T23:24:00Z,session_start,0,0,0,0,386,,0,0.0,0.0,BR,android,Pixel8,955,0,1.5.1
IDLE_20065,IS000625,2024-12-20T23:51:00Z,offline_reward,1,14003,0,0,180,,0,0.0,0.0,CA,ios,iPhone15Pro,3441,0,1.5.1
IDLE_20057,IS000411,2024-12-21T06:04:00Z,offline_reward,1,17297,0,0,198,,0,0.0,0.0,JP,android,Pixel8,2574,0,1.6.0
IDLE_20075,IS000070,2024-12-21T06:53:00Z,upgrade,0,0,0,0,0,offline_bonus,45,0.0,0.0,UK,android,Pixel8,2288,0,1.6.0
IDLE_20014,IS000072,2024-12-21T07:44:00Z,upgrade,0,0,0,0,0,automation,17,0.0,0.0,CN,android,SamsungS24,1192,0,1.5.0
IDLE_20014,IS000406,2024-12-21T07:46:00Z,upgrade,0,0,0,0,0,speed_boost,48,0.0,0.0,CN,android,SamsungS24,1706,0,1.6.0
IDLE_20057,IS000012,2024-12-21T08:11:00Z,offline_reward,0,1949,0,0,295,,0,0.0,0.0,JP,android,Pixel8,443,0,1.5.0
IDLE_20032,IS000500,2024-12-21T08:14:00Z,milestone,0,1657,0,0,0,,0,0.0,0.0,DE,android,SamsungS23,3531,0,1.6.0
IDLE_20014,IS000629,2024-12-21T08:39:00Z,ad_watched,0,0,0,10,0,,0,0.0,0.0105,CN,android,SamsungS24,84,0,1.5.0
IDLE_20030,IS000063,2024-12-21T08:59:00Z,session_start,0,0,0,0,175,,0,0.0,0.0,KR,android,Pixel8,2239,0,1.5.0
IDLE_20030,IS000129,2024-12-21T09:10:00Z,offline_reward,0,1190,0,0,519,,0,0.0,0.0,KR,android,Pixel8,986,0,1.6.0
IDLE_20032,IS000101,2024-12-21T09:18:00Z,session_start,0,0,0,0,300,,0,0.0,0.0,DE,android,SamsungS23,1599,0,1.5.1
IDLE_20013,IS000531,2024-12-21T09:44:00Z,offline_reward,0,1732,0,0,336,,0,0.0,0.0,CA,ios,iPhone14Pro,1181,6,1.5.0
IDLE_20064,IS000507,2024-12-21T09:54:00Z,session_start,1,0,0,0,315,,0,0.0,0.0,BR,ios,iPhone13,764,1,1.5.0
IDLE_20032,IS000285,2024-12-21T10:12:00Z,purchase,0,0,0,0,0,,0,4.99,0.0,DE,android,SamsungS23,1378,0,1.5.1
IDLE_20057,IS000434,2024-12-21T10:24:00Z,upgrade,1,0,0,0,0,speed_boost,3,0.0,0.0,JP,android,Pixel8,1781,0,1.6.0
IDLE_20032,IS000449,2024-12-21T10:36:00Z,session_start,0,0,0,0,627,,0,0.0,0.0,DE,android,SamsungS23,2624,0,1.5.1
IDLE_20053,IS000562,2024-12-21T10:52:00Z,session_start,2,0,0,0,562,,0,0.0,0.0,FR,android,OnePlus12,1714,1,1.5.1
IDLE_20005,IS000695,2024-12-21T11:09:00Z,offline_reward,1,12406,0,0,520,,0,0.0,0.0,BR,ios,iPhone14,1496,2,1.6.0
IDLE_20014,IS000184,2024-12-21T11:51:00Z,offline_reward,0,552,0,0,358,,0,0.0,0.0,CN,android,SamsungS24,1755,0,1.6.0
IDLE_20053,IS000181,2024-12-21T12:19:00Z,offline_reward,0,1697,0,0,414,,0,0.0,0.0,FR,android,OnePlus12,392,1,1.5.1
IDLE_20032,IS000204,2024-12-21T12:52:00Z,upgrade,0,0,0,0,0,automation,20,0.0,0.0,DE,android,SamsungS23,982,0,1.5.0
IDLE_20032,IS000309,2024-12-21T13:43:00Z,ad_watched,0,0,0,5,0,,0,0.0,0.0184,DE,android,SamsungS23,341,0,1.6.0
IDLE_20030,IS000528,2024-12-21T13:55:00Z,upgrade,0,0,50,0,0,generator,25,0.0,0.0,KR,android,Pixel8,2819,0,1.5.0
IDLE_20030,IS000024,2024-12-21T14:41:00Z,milestone,0,1666,0,0,0,,0,0.0,0.0,KR,android,Pixel8,251,0,1.5.0
IDLE_20030,IS000237,2024-12-21T14:48:00Z,upgrade,0,0,0,0,0,automation,45,0.0,0.0,KR,android,Pixel8,1576,0,1.6.0
IDLE_20030,IS000296,2024-12-21T14:56:00Z,session_start,0,0,0,0,356,,0,0.0,0.0,KR,android,Pixel8,1536,0,1.5.1
IDLE_20057,IS000550,2024-12-21T15:54:00Z,upgrade,1,0,10,0,0,speed_boost,20,0.0,0.0,JP,android,Pixel8,2118,0,1.5.1
IDLE_20057,IS000007,2024-12-21T16:14:00Z,offline_reward,0,1595,0,0,422,,0,0.0,0.0,JP,android,Pixel8,2587,0,1.6.0
IDLE_20034,IS000130,2024-12-21T16:26:00Z,prestige,1,0,0,0,0,,0,0.0,0.0,TW,ios,iPhone15,1954,6,1.6.0
IDLE_20032,IS000600,2024-12-21T16:28:00Z,ad_watched,0,0,0,15,0,,0,0.0,0.0068,DE,android,SamsungS23,1055,0,1.5.0
IDLE_20039,IS000163,2024-12-21T16:29:00Z,upgrade,1,0,0,0,0,automation,46,0.0,0.0,US,android,XiaomiRedmi,667,1,1.5.0
IDLE_20032,IS000213,2024-12-21T17:30:00Z,upgrade,0,0,0,0,0,generator,24,0.0,0.0,DE,android,SamsungS23,2651,0,1.5.0
IDLE_20014,IS000197,2024-12-21T17:40:00Z,offline_reward,0,585,0,0,625,,0,0.0,0.0,CN,android,SamsungS24,376,0,1.5.1
IDLE_20057,IS000385,2024-12-21T17:44:00Z,offline_reward,1,6299,0,0,619,,0,0.0,0.0,JP,android,Pixel8,1694,0,1.5.1
IDLE_20030,IS000315,2024-12-21T17:48:00Z,upgrade,0,0,0,0,0,offline_bonus,13,0.0,0.0,KR,android,Pixel8,1549,0,1.5.0
IDLE_20030,IS000341,2024-12-21T18:20:00Z,purchase,0,0,0,0,0,,0,9.99,0.0,KR,android,Pixel8,314,0,1.5.0
IDLE_20057,IS000368,2024-12-21T18:25:00Z,prestige,1,0,0,0,0,,0,0.0,0.0,JP,android,Pixel8,2634,0,1.5.0
IDLE_20032,IS000123,2024-12-21T18:36:00Z,ad_watched,0,0,0,15,0,,0,0.0,0.0139,DE,android,SamsungS23,1909,0,1.5.0
IDLE_20034,IS000102,2024-12-21T19:08:00Z,milestone,0,1065,0,0,0,,0,0.0,0.0,TW,ios,iPhone15,433,6,1.5.0
IDLE_20032,IS000510,2024-12-21T20:16:00Z,offline_reward,0,733,0,0,231,,0,0.0,0.0,DE,android,SamsungS23,361,0,1.5.1
IDLE_20014,IS000286,2024-12-21T20:54:00Z,upgrade,0,0,0,0,0,automation,4,0.0,0.0,CN,android,SamsungS24,3062,0,1.5.0
IDLE_20032,IS000452,2024-12-21T20:54:00Z,upgrade,0,0,0,0,0,automation,5,0.0,0.0,DE,android,SamsungS23,1809,0,1.5.1
IDLE_20032,IS000479,2024-12-21T20:56:00Z,session_start,0,0,0,0,248,,0,0.0,0.0,DE,android,SamsungS23,3553,0,1.5.1
IDLE_20032,IS000665,2024-12-21T20:59:00Z,offline_reward,0,1285,0,0,684,,0,0.0,0.0,DE,android,SamsungS23,476,0,1.6.0
IDLE_20065,IS000146,2024-12-21T21:15:00Z,session_start,0,0,0,0,132,,0,0.0,0.0,CA,ios,iPhone15Pro,715,1,1.6.0
IDLE_20014,IS000027,2024-12-21T21:19:00Z,upgrade,0,0,50,0,0,multiplier,15,0.0,0.0,CN,android,SamsungS24,1501,0,1.5.1
IDLE_20030,IS000230,2024-12-21T21:31:00Z,offline_reward,0,812,0,0,255,,0,0.0,0.0,KR,android,Pixel8,1773,0,1.5.1
IDLE_20041,IS000619,2024-12-21T21:36:00Z,session_start,0,0,0,0,271,,0,0.0,0.0,US,ios,iPhone14Pro,2716,0,1.5.0
IDLE_20057,IS000319,2024-12-21T21:53:00Z,milestone,0,855,0,0,0,,0,0.0,0.0,JP,android,Pixel8,831,0,1.6.0
IDLE_20034,IS000484,2024-12-21T22:02:00Z,upgrade,1,0,0,0,0,speed_boost,15,0.0,0.0,TW,ios,iPhone15,3253,6,1.6.0
IDLE_20030,IS000359,2024-12-21T23:25:00Z,upgrade,0,0,0,0,0,multiplier,29,0.0,0.0,KR,android,Pixel8,3211,0,1.6.0
IDLE_20057,IS000601,2024-12-21T23:31:00Z,upgrade,1,0,0,0,0,generator,45,0.0,0.0,JP,android,Pixel8,679,0,1.5.1
IDLE_20057,IS000058,2024-12-21T23:39:00Z,upgrade,0,0,0,0,0,speed_boost,40,0.0,0.0,JP,android,Pixel8,1123,0,1.5.1
IDLE_20041,IS000422,2024-12-21T23:49:00Z,offline_reward,0,1340,0,0,169,,0,0.0,0.0,US,ios,iPhone14Pro,150,0,1.5.1
IDLE_20031,IS000598,2024-12-22T06:30:00Z,ad_watched,1,0,0,10,0,,0,0.0,0.0172,JP,android,SamsungS24,1946,0,1.6.0
IDLE_20041,IS000145,2024-12-22T07:38:00Z,session_start,0,0,0,0,365,,0,0.0,0.0,US,ios,iPhone14Pro,858,1,1.6.0
IDLE_20011,IS000173,2024-12-22T07:53:00Z,upgrade,0,0,50,0,0,speed_boost,4,0.0,0.0,US,ios,iPhone15,3058,0,1.5.1
IDLE_20057,IS000557,2024-12-22T08:06:00Z,ad_watched,1,0,0,10,0,,0,0.0,0.0024,JP,android,Pixel8,1534,1,1.6.0
IDLE_20031,IS000337,2024-12-22T08:45:00Z,offline_reward,1,19240,0,0,298,,0,0.0,0.0,JP,android,SamsungS24,2211,0,1.6.0
IDLE_20031,IS000128,2024-12-22T10:09:00Z,ad_watched,0,0,0,15,0,,0,0.0,0.011,JP,android,SamsungS24,842,0,1.5.1
IDLE_20030,IS000179,2024-12-22T10:16:00Z,session_start,0,0,0,0,635,,0,0.0,0.0,KR,android,Pixel8,2503,1,1.6.0
IDLE_20069,IS000348,2024-12-22T10:53:00Z,prestige,2,0,0,0,0,,0,0.0,0.0,BR,android,Pixel8,1869,0,1.5.0
IDLE_20032,IS000537,2024-12-22T11:07:00Z,offline_reward,0,582,0,0,416,,0,0.0,0.0,DE,android,SamsungS23,271,1,1.5.0
IDLE_20055,IS000398,2024-12-22T11:28:00Z,upgrade,0,0,0,0,0,multiplier,10,0.0,0.0,KR,android,SamsungS24,1781,0,1.6.0
IDLE_20053,IS000073,2024-12-22T11:49:00Z,offline_reward,0,1754,0,0,608,,0,0.0,0.0,FR,android,OnePlus12,1901,2,1.5.1
IDLE_20069,IS000521,2024-12-22T13:28:00Z,upgrade,2,0,100,0,0,generator,45,0.0,0.0,BR,android,Pixel8,1094,0,1.6.0
IDLE_20011,IS000539,2024-12-22T13:41:00Z,upgrade,0,0,100,0,0,generator,41,0.0,0.0,US,ios,iPhone15,1121,0,1.5.1
IDLE_20030,IS000632,2024-12-22T13:50:00Z,upgrade,0,0,0,0,0,offline_bonus,18,0.0,0.0,KR,android,Pixel8,1705,1,1.5.1
IDLE_20031,IS000189,2024-12-22T14:47:00Z,prestige,1,0,0,0,0,,0,0.0,0.0,JP,android,SamsungS24,2862,0,1.5.0
IDLE_20069,IS000475,2024-12-22T14:48:00Z,offline_reward,2,103950,0,0,579,,0,0.0,0.0,BR,android,Pixel8,2799,0,1.5.0
IDLE_20069,IS000169,2024-12-22T14:51:00Z,prestige,1,0,0,0,0,,0,0.0,0.0,BR,android,Pixel8,1401,0,1.5.1
IDLE_20053,IS000637,2024-12-22T15:01:00Z,upgrade,2,0,0,0,0,multiplier,23,0.0,0.0,FR,android,OnePlus12,1516,2,1.5.1
IDLE_20031,IS000649,2024-12-22T15:13:00Z,upgrade,1,0,0,0,0,multiplier,1,0.0,0.0,JP,android,SamsungS24,2464,0,1.5.0
IDLE_20009,IS000430,2024-12-22T16:43:00Z,offline_reward,0,564,0,0,579,,0,0.0,0.0,CA,ios,iPhone13,1480,0,1.5.0
IDLE_20069,IS000591,2024-12-22T17:03:00Z,session_start,2,0,0,0,377,,0,0.0,0.0,BR,android,Pixel8,2992,0,1.5.1
IDLE_20048,IS000214,2024-12-22T17:20:00Z,ad_watched,0,0,0,10,0,,0,0.0,0.0177,KR,ios,iPhone14,1975,9,1.5.1
IDLE_20069,IS000552,2024-12-22T17:28:00Z,offline_reward,2,139017,0,0,499,,0,0.0,0.0,BR,android,Pixel8,3172,0,1.5.1
IDLE_20011,IS000332,2024-12-22T17:33:00Z,session_start,0,0,0,0,407,,0,0.0,0.0,US,ios,iPhone15,2480,0,1.5.0
IDLE_20019,IS000658,2024-12-22T17:55:00Z,prestige,2,0,0,0,0,,0,0.0,0.0,KR,ios,iPhone13,2031,11,1.5.0
IDLE_20030,IS000023,2024-12-22T18:03:00Z,session_start,0,0,0,0,418,,0,0.0,0.0,KR,android,Pixel8,3236,1,1.5.1
IDLE_20041,IS000616,2024-12-22T20:22:00Z,upgrade,0,0,0,0,0,speed_boost,42,0.0,0.0,US,ios,iPhone14Pro,3404,1,1.5.1
IDLE_20050,IS000438,2024-12-22T20:23:00Z,session_start,1,0,0,0,562,,0,0.0,0.0,US,android,SamsungS24,2505,0,1.5.0
IDLE_20069,IS000627,2024-12-22T20:34:00Z,session_start,2,0,0,0,661,,0,0.0,0.0,BR,android,Pixel8,1057,0,1.5.0
IDLE_20069,IS000566,2024-12-22T20:35:00Z,offline_reward,2,171010,0,0,481,,0,0.0,0.0,BR,android,Pixel8,874,0,1.5.1
IDLE_20014,IS000688,2024-12-22T20:48:00Z,ad_watched,0,0,0,10,0,,0,0.0,0.0131,CN,android,SamsungS24,120,1,1.5.0
IDLE_20011,IS000038,2024-12-22T20:55:00Z,session_start,0,0,0,0,275,,0,0.0,0.0,US,ios,iPhone15,3332,0,1.5.0
IDLE_20019,IS000450,2024-12-22T21:08:00Z,offline_reward,1,12787,0,0,460,,0,0.0,0.0,KR,ios,iPhone13,1748,11,1.6.0
IDLE_20069,IS000581,2024-12-22T21:17:00Z,upgrade,2,0,25,0,0,offline_bonus,22,0.0,0.0,BR,android,Pixel8,834,0,1.5.1
IDLE_20031,IS000002,2024-12-22T21:36:00Z,ad_watched,0,0,0,15,0,,0,0.0,0.013,JP,android,SamsungS24,252,0,1.5.0
IDLE_20011,IS000161,2024-12-22T21:52:00Z,upgrade,0,0,0,0,0,automation,3,0.0,0.0,US,ios,iPhone15,3515,0,1.5.0
IDLE_20031,IS000380,2024-12-22T22:10:00Z,upgrade,1,0,0,0,0,offline_bonus,21,0.0,0.0,JP,android,SamsungS24,750,0,1.6.0
IDLE_20069,IS000351,2024-12-22T22:16:00Z,upgrade,2,0,25,0,0,speed_boost,1,0.0,0.0,BR,android,Pixel8,293,0,1.5.1
IDLE_20069,IS000041,2024-12-22T23:15:00Z,offline_reward,0,1994,0,0,127,,0,0.0,0.0,BR,android,Pixel8,1470,0,1.5.1
IDLE_20031,IS000612,2024-12-22T23:20:00Z,ad_watched,1,0,0,10,0,,0,0.0,0.0126,JP,android,SamsungS24,2809,0,1.5.0
IDLE_20057,IS000311,2024-12-22T23:55:00Z,offline_reward,0,1445,0,0,577,,0,0.0,0.0,JP,android,Pixel8,1135,1,1.5.0
IDLE_20068,IS000532,2024-12-23T06:32:00Z,upgrade,1,0,10,0,0,offline_bonus,54,0.0,0.0,DE,ios,iPhone13,2919,0,1.5.1
IDLE_20068,IS000372,2024-12-23T06:40:00Z,ad_watched,1,0,0,15,0,,0,0.0,0.0054,DE,ios,iPhone13,2534,0,1.5.0
IDLE_20003,IS000030,2024-12-23T07:06:00Z,session_start,0,0,0,0,338,,0,0.0,0.0,US,ios,iPhone15Pro,2097,0,1.5.1
IDLE_20068,IS000075,2024-12-23T07:13:00Z,purchase,0,0,0,0,0,,0,0.99,0.0,DE,ios,iPhone13,2658,0,1.5.0
IDLE_20005,IS000458,2024-12-23T07:39:00Z,session_start,0,0,0,0,669,,0,0.0,0.0,BR,ios,iPhone14,725,4,1.5.1
IDLE_20031,IS000166,2024-12-23T07:59:00Z,offline_reward,0,1861,0,0,290,,0,0.0,0.0,JP,android,SamsungS24,1691,1,1.5.1
IDLE_20071,IS000165,2024-12-23T08:03:00Z,offline_reward,0,1402,0,0,223,,0,0.0,0.0,US,android,OnePlus12,3590,0,1.5.1
IDLE_20068,IS000679,2024-12-23T08:37:00Z,upgrade,1,0,0,0,0,generator,35,0.0,0.0,DE,ios,iPhone13,3366,0,1.6.0
IDLE_20068,IS000583,2024-12-23T09:56:00Z,session_start,1,0,0,0,490,,0,0.0,0.0,DE,ios,iPhone13,2705,0,1.5.1
IDLE_20003,IS000661,2024-12-23T10:09:00Z,offline_reward,1,6107,0,0,152,,0,0.0,0.0,US,ios,iPhone15Pro,608,0,1.5.1
IDLE_20069,IS000384,2024-12-23T10:17:00Z,ad_watched,2,0,0,5,0,,0,0.0,0.0116,BR,android,Pixel8,255,1,1.5.1
IDLE_20068,IS000207,2024-12-23T11:28:00Z,ad_watched,1,0,0,10,0,,0,0.0,0.019,DE,ios,iPhone13,1537,0,1.6.0
IDLE_20043,IS000243,2024-12-23T11:29:00Z,purchase,0,0,0,0,0,,0,14.99,0.0,UK,ios,iPhone14,2529,6,1.5.0
IDLE_20068,IS000678,2024-12-23T12:01:00Z,session_start,1,0,0,0,529,,0,0.0,0.0,DE,ios,iPhone13,1856,0,1.5.1
IDLE_20071,IS000031,2024-12-23T12:05:00Z,upgrade,0,0,0,0,0,automation,6,0.0,0.0,US,android,OnePlus12,2850,0,1.6.0
IDLE_20009,IS000250,2024-12-23T12:21:00Z,upgrade,0,0,0,0,0,generator,27,0.0,0.0,CA,ios,iPhone13,2422,1,1.6.0
IDLE_20019,IS000322,2024-12-23T12:23:00Z,prestige,1,0,0,0,0,,0,0.0,0.0,KR,ios,iPhone13,3020,12,1.5.1
IDLE_20003,IS000235,2024-12-23T13:05:00Z,session_start,0,0,0,0,188,,0,0.0,0.0,US,ios,iPhone15Pro,2709,0,1.5.0
IDLE_20071,IS000098,2024-12-23T14:29:00Z,milestone,0,677,0,0,0,,0,0.0,0.0,US,android,OnePlus12,1108,0,1.5.1
IDLE_20011,IS000582,2024-12-23T14:39:00Z,session_start,0,0,0,0,543,,0,0.0,0.0,US,ios,iPhone15,3438,1,1.6.0
IDLE_20068,IS000143,2024-12-23T14:47:00Z,upgrade,0,0,0,0,0,offline_bonus,36,0.0,0.0,DE,ios,iPhone13,1276,0,1.6.0
IDLE_20075,IS000136,2024-12-23T14:59:00Z,session_start,1,0,0,0,168,,0,0.0,0.0,UK,android,Pixel8,2872,2,1.5.1
IDLE_20041,IS000177,2024-12-23T15:06:00Z,milestone,0,699,0,0,0,,0,0.0,0.0,US,ios,iPhone14Pro,601,2,1.6.0
IDLE_20003,IS000412,2024-12-23T15:31:00Z,session_start,0,0,0,0,271,,0,0.0,0.0,US,ios,iPhone15Pro,720,0,1.5.1
IDLE_20068,IS000199,2024-12-23T15:46:00Z,prestige,1,0,0,0,0,,0,0.0,0.0,DE,ios,iPhone13,1044,0,1.6.0
IDLE_20068,IS000622,2024-12-23T15:52:00Z,upgrade,1,0,0,0,0,speed_boost,10,0.0,0.0,DE,ios,iPhone13,323,0,1.5.1
IDLE_20003,IS000381,2024-12-23T16:28:00Z,purchase,0,0,0,0,0,,0,4.99,0.0,US,ios,iPhone15Pro,178,0,1.5.0
IDLE_20071,IS000260,2024-12-23T16:29:00Z,session_start,0,0,0,0,564,,0,0.0,0.0,US,android,OnePlus12,1720,0,1.6.0
IDLE_20003,IS000373,2024-12-23T16:34:00Z,upgrade,0,0,0,0,0,offline_bonus,46,0.0,0.0,US,ios,iPhone15Pro,3157,0,1.6.0
IDLE_20068,IS000376,2024-12-23T17:07:00Z,purchase,1,0,0,0,0,,0,4.99,0.0,DE,ios,iPhone13,2380,0,1.5.1
IDLE_20043,IS000482,2024-12-23T17:56:00Z,upgrade,0,0,0,0,0,multiplier,43,0.0,0.0,UK,ios,iPhone14,2634,6,1.5.1
IDLE_20068,IS000426,2024-12-23T18:01:00Z,upgrade,1,0,0,0,0,offline_bonus,58,0.0,0.0,DE,ios,iPhone13,2614,0,1.5.0
IDLE_20041,IS000689,2024-12-23T18:04:00Z,offline_reward,0,1713,0,0,205,,0,0.0,0.0,US,ios,iPhone14Pro,2135,2,1.5.0
IDLE_20071,IS000281,2024-12-23T18:59:00Z,session_start,0,0,0,0,153,,0,0.0,0.0,US,android,OnePlus12,3012,0,1.5.0
IDLE_20003,IS000134,2024-12-23T19:15:00Z,offline_reward,0,1550,0,0,498,,0,0.0,0.0,US,ios,iPhone15Pro,859,0,1.5.1
IDLE_20003,IS000057,2024-12-23T19:44:00Z,session_start,0,0,0,0,280,,0,0.0,0.0,US,ios,iPhone15Pro,2777,0,1.5.0
IDLE_20068,IS000299,2024-12-23T20:37:00Z,offline_reward,1,8477,0,0,254,,0,0.0,0.0,DE,ios,iPhone13,3254,0,1.5.1
IDLE_20043,IS000254,2024-12-23T21:01:00Z,offline_reward,0,579,0,0,144,,0,0.0,0.0,UK,ios,iPhone14,511,6,1.5.1
IDLE_20071,IS000491,2024-12-23T21:50:00Z,ad_watched,0,0,0,10,0,,0,0.0,0.0169,US,android,OnePlus12,2519,0,1.5.1
IDLE_20003,IS000473,2024-12-23T22:00:00Z,upgrade,0,0,0,0,0,automation,17,0.0,0.0,US,ios,iPhone15Pro,1284,0,1.5.1
IDLE_20069,IS000506,2024-12-23T22:02:00Z,upgrade,2,0,0,0,0,generator,62,0.0,0.0,BR,android,Pixel8,2741,1,1.5.0
IDLE_20068,IS000404,2024-12-23T22:13:00Z,upgrade,1,0,0,0,0,automation,33,0.0,0.0,DE,ios,iPhone13,3525,0,1.5.1
IDLE_20041,IS000026,2024-12-23T22:54:00Z,session_start,0,0,0,0,318,,0,0.0,0.0,US,ios,iPhone14Pro,2967,2,1.6.0
IDLE_20071,IS000700,2024-12-23T22:54:00Z,ad_watched,0,0,0,10,0,,0,0.0,0.0028,US,android,OnePlus12,2700,0,1.5.1
IDLE_20048,IS000258,2024-12-23T23:05:00Z,offline_reward,1,7763,0,0,663,,0,0.0,0.0,KR,ios,iPhone14,1186,10,1.6.0
IDLE_20005,IS000659,2024-12-23T23:26:00Z,offline_reward,0,1344,0,0,322,,0,0.0,0.0,BR,ios,iPhone14,908,4,1.6.0
IDLE_20003,IS000599,2024-12-23T23:36:00Z,prestige,1,0,0,0,0,,0,0.0,0.0,US,ios,iPhone15Pro,1853,0,1.5.0
IDLE_20048,IS000529,2024-12-24T06:29:00Z,upgrade,1,0,0,0,0,multiplier,43,0.0,0.0,KR,ios,iPhone14,100,11,1.5.0
IDLE_20055,IS000093,2024-12-24T06:33:00Z,offline_reward,0,1304,0,0,490,,0,0.0,0.0,KR,android,SamsungS24,2834,2,1.5.0
IDLE_20051,IS000584,2024-12-24T07:04:00Z,upgrade,0,0,0,0,0,offline_bonus,40,0.0,0.0,US,ios,iPhone15,2824,0,1.5.0
IDLE_20068,IS000585,2024-12-24T07:04:00Z,upgrade,1,0,100,0,0,generator,18,0.0,0.0,DE,ios,iPhone13,2758,1,1.6.0
IDLE_20051,IS000328,2024-12-24T07:06:00Z,session_start,0,0,0,0,169,,0,0.0,0.0,US,ios,iPhone15,3082,0,1.5.0
IDLE_20009,IS000463,2024-12-24T07:18:00Z,purchase,0,0,0,0,0,,0,0.0,0.0,CA,ios,iPhone13,519,2,1.5.0
IDLE_20063,IS000666,2024-12-24T07:20:00Z,ad_watched,2,0,0,15,0,,0,0.0,0.0134,BR,ios,iPhone14Pro,3048,0,1.5.1
IDLE_20063,IS000553,2024-12-24T07:22:00Z,prestige,2,0,0,0,0,,0,0.0,0.0,BR,ios,iPhone14Pro,405,0,1.5.1
IDLE_20079,IS000324,2024-12-24T07:43:00Z,session_start,1,0,0,0,517,,0,0.0,0.0,TW,android,SamsungS24,2998,0,1.6.0
IDLE_20079,IS000329,2024-12-24T08:27:00Z,upgrade,1,0,0,0,0,multiplier,45,0.0,0.0,TW,android,SamsungS24,2224,0,1.6.0
IDLE_20036,IS000405,2024-12-24T09:08:00Z,session_start,0,0,0,0,31,,0,0.0,0.0,CN,ios,iPhone13,2729,5,1.6.0
IDLE_20079,IS000262,2024-12-24T09:13:00Z,purchase,1,0,0,0,0,,0,2.99,0.0,TW,android,SamsungS24,1299,0,1.6.0
IDLE_20079,IS000646,2024-12-24T09:26:00Z,session_start,1,0,0,0,380,,0,0.0,0.0,TW,android,SamsungS24,805,0,1.5.0
IDLE_20052,IS000408,2024-12-24T09:35:00Z,offline_reward,0,1656,0,0,391,,0,0.0,0.0,TW,ios,iPhone14Pro,2713,0,1.6.0
IDLE_20077,IS000229,2024-12-24T10:14:00Z,milestone,0,999,0,0,0,,0,0.0,0.0,BR,ios,iPhone13,1092,1,1.5.0
IDLE_20079,IS000668,2024-12-24T10:53:00Z,upgrade,1,0,0,0,0,generator,13,0.0,0.0,TW,android,SamsungS24,1046,0,1.5.1
IDLE_20051,IS000626,2024-12-24T11:05:00Z,offline_reward,0,1947,0,0,254,,0,0.0,0.0,US,ios,iPhone15,1641,0,1.5.1
IDLE_20051,IS000349,2024-12-24T11:17:00Z,upgrade,0,0,0,0,0,generator,47,0.0,0.0,US,ios,iPhone15,1245,0,1.6.0
IDLE_20052,IS000287,2024-12-24T11:23:00Z,ad_watched,0,0,0,5,0,,0,0.0,0.0086,TW,ios,iPhone14Pro,1490,0,1.6.0
IDLE_20033,IS000265,2024-12-24T11:44:00Z,session_start,0,0,0,0,711,,0,0.0,0.0,UK,android,OnePlus12,1719,0,1.5.0
IDLE_20051,IS000590,2024-12-24T11:53:00Z,upgrade,0,0,25,0,0,offline_bonus,43,0.0,0.0,US,ios,iPhone15,3094,0,1.6.0
IDLE_20063,IS000551,2024-12-24T12:02:00Z,session_start,1,0,0,0,520,,0,0.0,0.0,BR,ios,iPhone14Pro,3221,0,1.6.0
IDLE_20063,IS000242,2024-12-24T12:42:00Z,upgrade,0,0,0,0,0,automation,9,0.0,0.0,BR,ios,iPhone14Pro,612,0,1.5.0
IDLE_20079,IS000152,2024-12-24T12:59:00Z,session_start,1,0,0,0,579,,0,0.0,0.0,TW,android,SamsungS24,1493,0,1.5.0
IDLE_20033,IS000300,2024-12-24T13:02:00Z,upgrade,0,0,0,0,0,speed_boost,44,0.0,0.0,UK,android,OnePlus12,688,0,1.5.0
IDLE_20041,IS000455,2024-12-24T13:11:00Z,offline_reward,0,867,0,0,33,,0,0.0,0.0,US,ios,iPhone14Pro,1724,3,1.5.1
IDLE_20033,IS000407,2024-12-24T13:24:00Z,offline_reward,0,1242,0,0,123,,0,0.0,0.0,UK,android,OnePlus12,740,0,1.5.0
IDLE_20063,IS000096,2024-12-24T13:45:00Z,upgrade,0,0,0,0,0,speed_boost,21,0.0,0.0,BR,ios,iPhone14Pro,336,0,1.5.1
IDLE_20055,IS000223,2024-12-24T13:56:00Z,upgrade,0,0,50,0,0,offline_bonus,28,0.0,0.0,KR,android,SamsungS24,196,2,1.5.1
IDLE_20063,IS000056,2024-12-24T14:07:00Z,upgrade,0,0,0,0,0,generator,17,0.0,0.0,BR,ios,iPhone14Pro,3054,0,1.5.1
IDLE_20079,IS000017,2024-12-24T14:25:00Z,prestige,1,0,0,0,0,,0,0.0,0.0,TW,android,SamsungS24,3034,0,1.6.0
IDLE_20051,IS000112,2024-12-24T15:19:00Z,session_start,0,0,0,0,214,,0,0.0,0.0,US,ios,iPhone15,417,0,1.5.0
IDLE_20063,IS000427,2024-12-24T15:21:00Z,offline_reward,0,1029,0,0,648,,0,0.0,0.0,BR,ios,iPhone14Pro,253,0,1.5.0
IDLE_20079,IS000468,2024-12-24T15:43:00Z,session_start,1,0,0,0,484,,0,0.0,0.0,TW,android,SamsungS24,2024,0,1.5.0
IDLE_20079,IS000361,2024-12-24T16:16:00Z,ad_watched,1,0,0,5,0,,0,0.0,0.01,TW,android,SamsungS24,1760,0,1.5.1
IDLE_20079,IS000355,2024-12-24T16:21:00Z,upgrade,1,0,0,0,0,multiplier,60,0.0,0.0,TW,android,SamsungS24,1105,0,1.6.0
IDLE_20063,IS000635,2024-12-24T16:24:00Z,upgrade,2,0,0,0,0,automation,64,0.0,0.0,BR,ios,iPhone14Pro,1870,0,1.5.0
IDLE_20052,IS000575,2024-12-24T16:54:00Z,upgrade,0,0,0,0,0,speed_boost,22,0.0,0.0,TW,ios,iPhone14Pro,2599,0,1.6.0
IDLE_20077,IS000004,2024-12-24T17:59:00Z,upgrade,0,0,25,0,0,generator,36,0.0,0.0,BR,ios,iPhone13,1396,1,1.5.1
IDLE_20079,IS000171,2024-12-24T18:01:00Z,offline_reward,1,15656,0,0,403,,0,0.0,0.0,TW,android,SamsungS24,1074,0,1.5.1
IDLE_20051,IS000263,2024-12-24T18:03:00Z,ad_watched,0,0,0,15,0,,0,0.0,0.006,US,ios,iPhone15,2875,0,1.5.1
IDLE_20041,IS000302,2024-12-24T18:14:00Z,purchase,0,0,0,0,0,,0,0.0,0.0,US,ios,iPhone14Pro,3256,3,1.6.0
IDLE_20050,IS000215,2024-12-24T18:17:00Z,offline_reward,0,1585,0,0,614,,0,0.0,0.0,US,android,SamsungS24,149,2,1.5.0
IDLE_20051,IS000094,2024-12-24T18:21:00Z,offline_reward,0,1002,0,0,302,,0,0.0,0.0,US,ios,iPhone15,3148,0,1.5.0
IDLE_20051,IS000490,2024-12-24T19:25:00Z,offline_reward,0,1617,0,0,268,,0,0.0,0.0,US,ios,iPhone15,1951,0,1.5.0
IDLE_20079,IS000563,2024-12-24T19:47:00Z,upgrade,1,0,0,0,0,offline_bonus,28,0.0,0.0,TW,android,SamsungS24,3294,0,1.5.1
IDLE_20033,IS000588,2024-12-24T19:57:00Z,session_start,0,0,0,0,54,,0,0.0,0.0,UK,android,OnePlus12,3300,0,1.6.0
IDLE_20071,IS000574,2024-12-24T20:11:00Z,offline_reward,0,1152,0,0,52,,0,0.0,0.0,US,android,OnePlus12,3392,1,1.5.0
IDLE_20063,IS000460,2024-12-24T20:19:00Z,upgrade,0,0,0,0,0,offline_bonus,22,0.0,0.0,BR,ios,iPhone14Pro,675,0,1.5.1
IDLE_20051,IS000540,2024-12-24T20:42:00Z,session_start,0,0,0,0,306,,0,0.0,0.0,US,ios,iPhone15,873,0,1.5.0
IDLE_20079,IS000620,2024-12-24T20:47:00Z,upgrade,1,0,0,0,0,multiplier,2,0.0,0.0,TW,android,SamsungS24,76,0,1.5.1
IDLE_20075,IS000530,2024-12-24T20:59:00Z,upgrade,1,0,0,0,0,multiplier,17,0.0,0.0,UK,android,Pixel8,2498,3,1.5.0
IDLE_20068,IS000696,2024-12-24T22:14:00Z,session_start,1,0,0,0,397,,0,0.0,0.0,DE,ios,iPhone13,3108,1,1.6.0
IDLE_20033,IS000356,2024-12-24T22:24:00Z,offline_reward,0,1777,0,0,225,,0,0.0,0.0,UK,android,OnePlus12,3517,0,1.5.1
IDLE_20063,IS000520,2024-12-24T22:25:00Z,offline_reward,1,10862,0,0,171,,0,0.0,0.0,BR,ios,iPhone14Pro,3521,0,1.6.0
IDLE_20079,IS000681,2024-12-24T22:40:00Z,session_start,1,0,0,0,81,,0,0.0,0.0,TW,android,SamsungS24,829,0,1.5.1
IDLE_20052,IS000578,2024-12-24T22:46:00Z,upgrade,0,0,0,0,0,offline_bonus,35,0.0,0.0,TW,ios,iPhone14Pro,3110,0,1.6.0
IDLE_20052,IS000687,2024-12-24T23:32:00Z,session_start,0,0,0,0,397,,0,0.0,0.0,TW,ios,iPhone14Pro,349,0,1.5.0
IDLE_20068,IS000089,2024-12-24T23:45:00Z,ad_watched,0,0,0,5,0,,0,0.0,0.0041,DE,ios,iPhone13,2596,1,1.5.0
IDLE_20077,IS000660,2024-12-25T07:52:00Z,prestige,1,0,0,0,0,,0,0.0,0.0,BR,ios,iPhone13,2992,2,1.6.0
IDLE_20053,IS000198,2024-12-25T08:14:00Z,session_start,0,0,0,0,617,,0,0.0,0.0,FR,android,OnePlus12,1927,5,1.6.0
IDLE_20053,IS000533,2024-12-25T08:16:00Z,prestige,2,0,0,0,0,,0,0.0,0.0,FR,android,OnePlus12,2937,5,1.5.0
IDLE_20063,IS000492,2024-12-25T08:57:00Z,prestige,1,0,0,0,0,,0,0.0,0.0,BR,ios,iPhone14Pro,1619,1,1.5.1
IDLE_20063,IS000545,2024-12-25T09:03:00Z,offline_reward,1,11972,0,0,119,,0,0.0,0.0,BR,ios,iPhone14Pro,2681,1,1.5.1
IDLE_20050,IS000255,2024-12-25T10:04:00Z,offline_reward,0,910,0,0,618,,0,0.0,0.0,US,android,SamsungS24,493,3,1.5.1
IDLE_20033,IS000308,2024-12-25T10:18:00Z,session_start,0,0,0,0,170,,0,0.0,0.0,UK,android,OnePlus12,935,1,1.5.0
IDLE_20075,IS000686,2024-12-25T10:23:00Z,session_start,1,0,0,0,565,,0,0.0,0.0,UK,android,Pixel8,2518,4,1.5.1
IDLE_20050,IS000066,2024-12-25T10:43:00Z,upgrade,0,0,0,0,0,multiplier,43,0.0,0.0,US,android,SamsungS24,1347,3,1.6.0
IDLE_20063,IS000603,2024-12-25T10:57:00Z,upgrade,2,0,10,0,0,speed_boost,3,0.0,0.0,BR,ios,iPhone14Pro,535,1,1.6.0
IDLE_20075,IS000316,2024-12-25T11:29:00Z,upgrade,1,0,0,0,0,speed_boost,37,0.0,0.0,UK,android,Pixel8,1135,4,1.5.1
IDLE_20021,IS000401,2024-12-25T11:30:00Z,ad_watched,1,0,0,5,0,,0,0.0,0.0167,US,ios,iPhone15,3469,1,1.5.1
IDLE_20005,IS000444,2024-12-25T12:33:00Z,offline_reward,0,1318,0,0,69,,0,0.0,0.0,BR,ios,iPhone14,3223,6,1.6.0
IDLE_20033,IS000264,2024-12-25T14:05:00Z,ad_watched,0,0,0,5,0,,0,0.0,0.0077,UK,android,OnePlus12,191,1,1.6.0
IDLE_20053,IS000682,2024-12-25T14:06:00Z,prestige,4,0,0,0,0,,0,0.0,0.0,FR,android,OnePlus12,2464,5,1.6.0
IDLE_20033,IS000518,2024-12-25T16:30:00Z,ad_watched,0,0,0,15,0,,0,0.0,0.0107,UK,android,OnePlus12,2429,1,1.5.1
IDLE_20055,IS000194,2024-12-25T18:03:00Z,purchase,0,0,0,0,0,,0,0.99,0.0,KR,android,SamsungS24,2844,3,1.6.0
IDLE_20033,IS000488,2024-12-25T18:50:00Z,offline_reward,0,1617,0,0,233,,0,0.0,0.0,UK,android,OnePlus12,2719,1,1.5.0
IDLE_20055,IS000110,2024-12-25T21:02:00Z,session_start,0,0,0,0,682,,0,0.0,0.0,KR,android,SamsungS24,2020,3,1.5.1
IDLE_20053,IS000655,2024-12-25T21:30:00Z,prestige,3,0,0,0,0,,0,0.0,0.0,FR,android,OnePlus12,2393,5,1.5.0
IDLE_20009,IS000248,2024-12-25T21:53:00Z,upgrade,0,0,0,0,0,generator,10,0.0,0.0,CA,ios,iPhone13,3061,3,1.5.0
IDLE_20055,IS000267,2024-12-25T22:28:00Z,ad_watched,0,0,0,15,0,,0,0.0,0.0168,KR,android,SamsungS24,1458,3,1.5.1
IDLE_20040,IS000227,2024-12-25T23:44:00Z,offline_reward,0,1592,0,0,119,,0,0.0,0.0,KR,ios,iPhone15,1525,1,1.5.1
IDLE_20005,IS000631,2024-12-25T23:52:00Z,upgrade,0,0,50,0,0,offline_bonus,36,0.0,0.0,BR,ios,iPhone14,3494,6,1.5.1
IDLE_20005,IS000418,2024-12-26T06:01:00Z,ad_watched,0,0,0,15,0,,0,0.0,0.0154,BR,ios,iPhone14,2820,7,1.5.0
IDLE_20005,IS000279,2024-12-26T06:28:00Z,offline_reward,0,970,0,0,563,,0,0.0,0.0,BR,ios,iPhone14,1809,7,1.6.0
IDLE_20041,IS000448,2024-12-26T07:26:00Z,session_start,0,0,0,0,509,,0,0.0,0.0,US,ios,iPhone14Pro,2277,5,1.5.1
IDLE_20077,IS000149,2024-12-26T08:45:00Z,offline_reward,0,846,0,0,651,,0,0.0,0.0,BR,ios,iPhone13,757,3,1.5.0
IDLE_20005,IS000428,2024-12-26T08:49:00Z,offline_reward,0,1549,0,0,193,,0,0.0,0.0,BR,ios,iPhone14,3582,7,1.5.0
IDLE_20012,IS000456,2024-12-26T09:04:00Z,upgrade,0,0,0,0,0,offline_bonus,38,0.0,0.0,BR,ios,iPhone15,2161,1,1.6.0
IDLE_20021,IS000178,2024-12-26T11:11:00Z,upgrade,1,0,0,0,0,automation,59,0.0,0.0,US,ios,iPhone15,567,2,1.6.0
IDLE_20040,IS000435,2024-12-26T11:22:00Z,offline_reward,0,1128,0,0,655,,0,0.0,0.0,KR,ios,iPhone15,1135,2,1.6.0
IDLE_20010,IS000032,2024-12-26T11:31:00Z,offline_reward,0,1673,0,0,197,,0,0.0,0.0,TW,android,XiaomiRedmi,2209,0,1.6.0
IDLE_20076,IS000095,2024-12-26T11:40:00Z,upgrade,0,0,0,0,0,offline_bonus,15,0.0,0.0,CA,android,SamsungS24,1639,0,1.6.0
IDLE_20002,IS000486,2024-12-26T11:44:00Z,session_start,0,0,0,0,688,,0,0.0,0.0,BR,ios,iPhone13,1378,0,1.5.0
IDLE_20002,IS000310,2024-12-26T12:25:00Z,upgrade,0,0,0,0,0,speed_boost,2,0.0,0.0,BR,ios,iPhone13,1763,0,1.5.1
IDLE_20045,IS000393,2024-12-26T12:36:00Z,upgrade,1,0,0,0,0,offline_bonus,34,0.0,0.0,TW,android,XiaomiRedmi,3530,0,1.5.1
IDLE_20002,IS000160,2024-12-26T12:53:00Z,upgrade,0,0,0,0,0,offline_bonus,4,0.0,0.0,BR,ios,iPhone13,2558,0,1.6.0
IDLE_20053,IS000699,2024-12-26T16:03:00Z,offline_reward,4,19006885,0,0,660,,0,0.0,0.0,FR,android,OnePlus12,1505,6,1.5.1
IDLE_20010,IS000240,2024-12-26T17:25:00Z,offline_reward,0,1173,0,0,521,,0,0.0,0.0,TW,android,XiaomiRedmi,1298,0,1.6.0
IDLE_20010,IS000139,2024-12-26T17:32:00Z,offline_reward,0,1642,0,0,198,,0,0.0,0.0,TW,android,XiaomiRedmi,2415,0,1.5.1
IDLE_20055,IS000364,2024-12-26T18:01:00Z,session_start,0,0,0,0,255,,0,0.0,0.0,KR,android,SamsungS24,423,4,1.6.0
IDLE_20045,IS000259,2024-12-26T18:27:00Z,upgrade,1,0,0,0,0,automation,16,0.0,0.0,TW,android,XiaomiRedmi,2765,0,1.5.0
IDLE_20010,IS000346,2024-12-26T18:30:00Z,offline_reward,0,1431,0,0,241,,0,0.0,0.0,TW,android,XiaomiRedmi,1044,0,1.5.0
IDLE_20002,IS000234,2024-12-26T18:45:00Z,offline_reward,0,960,0,0,587,,0,0.0,0.0,BR,ios,iPhone13,313,0,1.6.0
IDLE_20045,IS000195,2024-12-26T21:11:00Z,prestige,1,0,0,0,0,,0,0.0,0.0,TW,android,XiaomiRedmi,1877,0,1.5.0
IDLE_20045,IS000069,2024-12-26T21:59:00Z,upgrade,0,0,0,0,0,multiplier,21,0.0,0.0,TW,android,XiaomiRedmi,1455,0,1.5.1
IDLE_20045,IS000544,2024-12-26T23:25:00Z,upgrade,1,0,100,0,0,automation,5,0.0,0.0,TW,android,XiaomiRedmi,3159,0,1.6.0
IDLE_20049,IS000037,2024-12-27T06:01:00Z,upgrade,0,0,0,0,0,speed_boost,11,0.0,0.0,JP,android,XiaomiRedmi,563,0,1.6.0
IDLE_20077,IS000228,2024-12-27T06:08:00Z,upgrade,0,0,0,0,0,generator,46,0.0,0.0,BR,ios,iPhone13,1579,4,1.5.0
IDLE_20049,IS000022,2024-12-27T06:29:00Z,upgrade,0,0,0,0,0,automation,44,0.0,0.0,JP,android,XiaomiRedmi,638,0,1.6.0
IDLE_20045,IS000238,2024-12-27T06:30:00Z,session_start,1,0,0,0,193,,0,0.0,0.0,TW,android,XiaomiRedmi,3067,1,1.5.1
IDLE_20049,IS000370,2024-12-27T06:39:00Z,offline_reward,0,1959,0,0,111,,0,0.0,0.0,JP,android,XiaomiRedmi,1373,0,1.5.1
IDLE_20049,IS000183,2024-12-27T09:03:00Z,upgrade,0,0,0,0,0,generator,25,0.0,0.0,JP,android,XiaomiRedmi,3533,0,1.5.0
IDLE_20049,IS000367,2024-12-27T10:07:00Z,ad_watched,0,0,0,10,0,,0,0.0,0.0116,JP,android,XiaomiRedmi,1195,0,1.6.0
IDLE_20049,IS000650,2024-12-27T10:35:00Z,upgrade,0,0,25,0,0,automation,38,0.0,0.0,JP,android,XiaomiRedmi,1021,0,1.5.0
IDLE_20075,IS000021,2024-12-27T12:11:00Z,session_start,0,0,0,0,108,,0,0.0,0.0,UK,android,Pixel8,3400,6,1.5.0
IDLE_20075,IS000084,2024-12-27T12:47:00Z,prestige,1,0,0,0,0,,0,0.0,0.0,UK,android,Pixel8,2355,6,1.5.0
IDLE_20049,IS000664,2024-12-27T13:33:00Z,session_start,0,0,0,0,367,,0,0.0,0.0,JP,android,XiaomiRedmi,3399,0,1.6.0
IDLE_20012,IS000068,2024-12-27T13:58:00Z,offline_reward,0,1223,0,0,233,,0,0.0,0.0,BR,ios,iPhone15,1325,2,1.6.0
IDLE_20045,IS000271,2024-12-27T14:07:00Z,offline_reward,1,11352,0,0,140,,0,0.0,0.0,TW,android,XiaomiRedmi,1308,1,1.5.0
IDLE_20049,IS000320,2024-12-27T15:34:00Z,purchase,0,0,0,0,0,,0,49.99,0.0,JP,android,XiaomiRedmi,745,0,1.5.1
IDLE_20040,IS000628,2024-12-27T16:32:00Z,upgrade,0,0,0,0,0,generator,12,0.0,0.0,KR,ios,iPhone15,3392,3,1.5.0
IDLE_20053,IS000345,2024-12-27T17:54:00Z,offline_reward,0,1422,0,0,699,,0,0.0,0.0,FR,android,OnePlus12,1618,7,1.5.0
IDLE_20049,IS000352,2024-12-27T18:53:00Z,offline_reward,0,694,0,0,673,,0,0.0,0.0,JP,android,XiaomiRedmi,3135,0,1.6.0
IDLE_20049,IS000558,2024-12-27T20:18:00Z,session_start,0,0,0,0,261,,0,0.0,0.0,JP,android,XiaomiRedmi,1484,0,1.5.0
IDLE_20049,IS000513,2024-12-27T20:25:00Z,offline_reward,0,1973,0,0,198,,0,0.0,0.0,JP,android,XiaomiRedmi,1980,0,1.5.0
IDLE_20050,IS000107,2024-12-27T21:09:00Z,upgrade,0,0,0,0,0,automation,25,0.0,0.0,US,android,SamsungS24,2921,5,1.6.0
IDLE_20043,IS000683,2024-12-27T23:59:00Z,upgrade,0,0,0,0,0,automation,29,0.0,0.0,UK,ios,iPhone14,3546,10,1.5.0
IDLE_20038,IS000684,2024-12-28T06:30:00Z,upgrade,0,0,0,0,0,offline_bonus,38,0.0,0.0,FR,ios,iPhone15Pro,972,0,1.5.0
IDLE_20038,IS000439,2024-12-28T06:57:00Z,offline_reward,0,805,0,0,70,,0,0.0,0.0,FR,ios,iPhone15Pro,92,0,1.6.0
IDLE_20008,IS000208,2024-12-28T07:39:00Z,prestige,1,0,0,0,0,,0,0.0,0.0,KR,android,SamsungS23,3080,7,1.5.1
IDLE_20010,IS000140,2024-12-28T08:24:00Z,upgrade,0,0,100,0,0,automation,11,0.0,0.0,TW,android,XiaomiRedmi,2475,2,1.5.0
IDLE_20038,IS000445,2024-12-28T09:44:00Z,offline_reward,0,1935,0,0,232,,0,0.0,0.0,FR,ios,iPhone15Pro,3464,0,1.5.0
IDLE_20050,IS000652,2024-12-28T09:47:00Z,upgrade,1,0,100,0,0,speed_boost,25,0.0,0.0,US,android,SamsungS24,2338,6,1.5.1
IDLE_20036,IS000592,2024-12-28T10:45:00Z,offline_reward,0,1455,0,0,501,,0,0.0,0.0,CN,ios,iPhone13,2414,9,1.5.0
IDLE_20038,IS000047,2024-12-28T12:37:00Z,session_start,0,0,0,0,618,,0,0.0,0.0,FR,ios,iPhone15Pro,3497,0,1.5.1
IDLE_20048,IS000246,2024-12-28T14:13:00Z,purchase,1,0,0,0,0,,0,0.0,0.0,KR,ios,iPhone14,2078,15,1.6.0
IDLE_20009,IS000523,2024-12-28T14:35:00Z,ad_watched,0,0,0,5,0,,0,0.0,0.0109,CA,ios,iPhone13,479,6,1.6.0
IDLE_20049,IS000421,2024-12-28T15:09:00Z,session_start,0,0,0,0,319,,0,0.0,0.0,JP,android,XiaomiRedmi,2029,1,1.5.1
IDLE_20077,IS000447,2024-12-28T15:40:00Z,session_start,0,0,0,0,423,,0,0.0,0.0,BR,ios,iPhone13,853,5,1.6.0
IDLE_20009,IS000327,2024-12-28T17:44:00Z,upgrade,0,0,0,0,0,generator,25,0.0,0.0,CA,ios,iPhone13,866,6,1.5.0
IDLE_20038,IS000517,2024-12-28T17:55:00Z,ad_watched,0,0,0,5,0,,0,0.0,0.0198,FR,ios,iPhone15Pro,846,0,1.5.0
IDLE_20050,IS000297,2024-12-28T19:55:00Z,prestige,1,0,0,0,0,,0,0.0,0.0,US,android,SamsungS24,3186,6,1.5.1
IDLE_20023,IS000289,2024-12-28T20:27:00Z,upgrade,0,0,100,0,0,automation,2,0.0,0.0,CA,android,SamsungS23,617,2,1.5.1
IDLE_20021,IS000453,2024-12-28T21:30:00Z,prestige,2,0,0,0,0,,0,0.0,0.0,US,ios,iPhone15,1919,4,1.5.0
IDLE_20040,IS000512,2024-12-28T22:05:00Z,upgrade,0,0,0,0,0,offline_bonus,43,0.0,0.0,KR,ios,iPhone15,2743,4,1.5.0
IDLE_20043,IS000141,2024-12-28T22:13:00Z,offline_reward,0,1910,0,0,211,,0,0.0,0.0,UK,ios,iPhone14,2019,11,1.5.1
IDLE_20076,IS000317,2024-12-28T22:37:00Z,ad_watched,0,0,0,10,0,,0,0.0,0.0049,CA,android,SamsungS24,3450,2,1.5.1
IDLE_20049,IS000185,2024-12-28T22:58:00Z,offline_reward,0,1399,0,0,439,,0,0.0,0.0,JP,android,XiaomiRedmi,3061,1,1.5.0
IDLE_20043,IS000126,2024-12-29T06:57:00Z,session_start,0,0,0,0,151,,0,0.0,0.0,UK,ios,iPhone14,2896,12,1.5.0
IDLE_20055,IS000193,2024-12-29T07:29:00Z,session_start,0,0,0,0,211,,0,0.0,0.0,KR,android,SamsungS24,2397,7,1.5.0
IDLE_20012,IS000653,2024-12-29T07:45:00Z,upgrade,0,0,0,0,0,generator,29,0.0,0.0,BR,ios,iPhone15,1966,4,1.5.1
IDLE_20010,IS000425,2024-12-29T08:24:00Z,upgrade,0,0,0,0,0,speed_boost,50,0.0,0.0,TW,android,XiaomiRedmi,2613,3,1.5.1
IDLE_20026,IS000605,2024-12-29T08:26:00Z,session_start,0,0,0,0,229,,0,0.0,0.0,US,android,OnePlus12,3247,0,1.5.0
IDLE_20010,IS000555,2024-12-29T08:59:00Z,offline_reward,0,704,0,0,347,,0,0.0,0.0,TW,android,XiaomiRedmi,1750,3,1.5.1
IDLE_20038,IS000174,2024-12-29T09:11:00Z,offline_reward,0,1710,0,0,713,,0,0.0,0.0,FR,ios,iPhone15Pro,2203,1,1.5.1
IDLE_20026,IS000219,2024-12-29T09:17:00Z,upgrade,0,0,0,0,0,offline_bonus,38,0.0,0.0,US,android,OnePlus12,1950,0,1.5.1
IDLE_20026,IS000188,2024-12-29T10:59:00Z,session_start,0,0,0,0,151,,0,0.0,0.0,US,android,OnePlus12,2714,0,1.6.0
IDLE_20055,IS000441,2024-12-29T14:30:00Z,offline_reward,0,602,0,0,275,,0,0.0,0.0,KR,android,SamsungS24,1350,7,1.5.1
IDLE_20026,IS000360,2024-12-29T14:41:00Z,session_start,0,0,0,0,671,,0,0.0,0.0,US,android,OnePlus12,1346,0,1.6.0
IDLE_20026,IS000542,2024-12-29T15:42:00Z,upgrade,0,0,0,0,0,automation,28,0.0,0.0,US,android,OnePlus12,2434,0,1.5.0
IDLE_20026,IS000570,2024-12-29T15:42:00Z,ad_watched,0,0,0,5,0,,0,0.0,0.011,US,android,OnePlus12,2303,0,1.5.1
IDLE_20026,IS000016,2024-12-29T16:02:00Z,offline_reward,0,1553,0,0,537,,0,0.0,0.0,US,android,OnePlus12,1078,0,1.5.1
IDLE_20021,IS000478,2024-12-29T16:51:00Z,session_start,2,0,0,0,323,,0,0.0,0.0,US,ios,iPhone15,3087,5,1.5.0
IDLE_20026,IS000330,2024-12-29T16:58:00Z,session_start,0,0,0,0,523,,0,0.0,0.0,US,android,OnePlus12,2871,0,1.6.0
IDLE_20009,IS000175,2024-12-29T17:06:00Z,upgrade,0,0,0,0,0,offline_bonus,30,0.0,0.0,CA,ios,iPhone13,1566,7,1.5.0
IDLE_20077,IS000232,2024-12-29T17:25:00Z,session_start,0,0,0,0,91,,0,0.0,0.0,BR,ios,iPhone13,2792,6,1.5.1
IDLE_20050,IS000402,2024-12-29T17:48:00Z,offline_reward,1,10979,0,0,611,,0,0.0,0.0,US,android,SamsungS24,2310,7,1.5.1
IDLE_20026,IS000597,2024-12-29T17:53:00Z,upgrade,0,0,100,0,0,speed_boost,7,0.0,0.0,US,android,OnePlus12,3368,0,1.5.0
IDLE_20076,IS000231,2024-12-29T18:52:00Z,offline_reward,0,794,0,0,214,,0,0.0,0.0,CA,android,SamsungS24,3065,3,1.5.0
IDLE_20077,IS000387,2024-12-29T19:31:00Z,milestone,0,1871,0,0,0,,0,0.0,0.0,BR,ios,iPhone13,68,6,1.5.0
IDLE_20047,IS000641,2024-12-29T20:16:00Z,session_start,1,0,0,0,86,,0,0.0,0.0,CN,ios,iPhone14,761,2,1.5.0
IDLE_20026,IS000335,2024-12-29T21:05:00Z,upgrade,0,0,0,0,0,generator,12,0.0,0.0,US,android,OnePlus12,1020,0,1.6.0
IDLE_20026,IS000647,2024-12-29T21:32:00Z,upgrade,0,0,0,0,0,multiplier,25,0.0,0.0,US,android,OnePlus12,3165,0,1.6.0
IDLE_20026,IS000377,2024-12-29T22:42:00Z,upgrade,0,0,0,0,0,automation,38,0.0,0.0,US,android,OnePlus12,3080,0,1.5.1
IDLE_20070,IS000431,2024-12-29T23:17:00Z,upgrade,1,0,0,0,0,multiplier,38,0.0,0.0,US,ios,iPhone15,2474,0,1.5.1
IDLE_20008,IS000680,2024-12-29T23:59:00Z,offline_reward,1,7054,0,0,188,,0,0.0,0.0,KR,android,SamsungS23,1148,8,1.5.0
IDLE_20010,IS000409,2024-12-30T08:18:00Z,offline_reward,0,1025,0,0,132,,0,0.0,0.0,TW,android,XiaomiRedmi,2712,4,1.5.1
IDLE_20027,IS000399,2024-12-30T09:34:00Z,session_start,0,0,0,0,620,,0,0.0,0.0,CA,ios,iPhone15Pro,2841,0,1.6.0
IDLE_20027,IS000608,2024-12-30T10:41:00Z,session_start,0,0,0,0,482,,0,0.0,0.0,CA,ios,iPhone15Pro,2696,0,1.6.0
IDLE_20027,IS000251,2024-12-30T11:00:00Z,session_start,0,0,0,0,617,,0,0.0,0.0,CA,ios,iPhone15Pro,2093,0,1.5.0
IDLE_20012,IS000323,2024-12-30T11:34:00Z,upgrade,0,0,0,0,0,speed_boost,15,0.0,0.0,BR,ios,iPhone15,2410,5,1.5.1
IDLE_20027,IS000162,2024-12-30T14:30:00Z,upgrade,0,0,0,0,0,automation,45,0.0,0.0,CA,ios,iPhone15Pro,2401,0,1.6.0
IDLE_20070,IS000082,2024-12-30T17:46:00Z,purchase,0,0,0,0,0,,0,2.99,0.0,US,ios,iPhone15,2615,1,1.5.1
IDLE_20027,IS000051,2024-12-30T20:17:00Z,upgrade,0,0,10,0,0,automation,6,0.0,0.0,CA,ios,iPhone15Pro,1824,0,1.5.1
IDLE_20027,IS000100,2024-12-30T21:10:00Z,offline_reward,0,1047,0,0,179,,0,0.0,0.0,CA,ios,iPhone15Pro,3447,0,1.5.1
IDLE_20027,IS000446,2024-12-30T21:56:00Z,offline_reward,0,1268,0,0,348,,0,0.0,0.0,CA,ios,iPhone15Pro,222,0,1.5.1
IDLE_20012,IS000414,2024-12-30T23:28:00Z,session_start,0,0,0,0,329,,0,0.0,0.0,BR,ios,iPhone15,833,5,1.6.0
IDLE_20070,IS000390,2024-12-31T07:36:00Z,offline_reward,1,5995,0,0,343,,0,0.0,0.0,US,ios,iPhone15,3028,2,1.5.1
IDLE_20043,IS000292,2024-12-31T08:30:00Z,session_start,0,0,0,0,454,,0,0.0,0.0,UK,ios,iPhone14,1149,14,1.5.0
IDLE_20007,IS000090,2024-12-31T11:10:00Z,milestone,0,1574,0,0,0,,0,0.0,0.0,FR,ios,iPhone15Pro,2700,0,1.5.0
IDLE_20010,IS000334,2024-12-31T11:42:00Z,session_start,0,0,0,0,473,,0,0.0,0.0,TW,android,XiaomiRedmi,472,5,1.6.0
IDLE_20047,IS000340,2024-12-31T11:55:00Z,upgrade,0,0,50,0,0,multiplier,35,0.0,0.0,CN,ios,iPhone14,1224,4,1.5.0
IDLE_20007,IS000088,2024-12-31T12:36:00Z,session_start,0,0,0,0,172,,0,0.0,0.0,FR,ios,iPhone15Pro,1808,0,1.5.1
IDLE_20007,IS000244,2024-12-31T12:42:00Z,offline_reward,0,1525,0,0,132,,0,0.0,0.0,FR,ios,iPhone15Pro,2495,0,1.5.0
IDLE_20040,IS000301,2024-12-31T13:29:00Z,session_start,0,0,0,0,682,,0,0.0,0.0,KR,ios,iPhone15,1045,7,1.5.0
IDLE_20047,IS000394,2024-12-31T13:55:00Z,upgrade,0,0,0,0,0,automation,6,0.0,0.0,CN,ios,iPhone14,947,4,1.5.1
IDLE_20007,IS000419,2024-12-31T16:55:00Z,ad_watched,0,0,0,10,0,,0,0.0,0.004,FR,ios,iPhone15Pro,1600,0,1.5.0
IDLE_20070,IS000190,2024-12-31T17:30:00Z,upgrade,0,0,50,0,0,offline_bonus,1,0.0,0.0,US,ios,iPhone15,1096,2,1.6.0
IDLE_20007,IS000272,2024-12-31T18:13:00Z,upgrade,0,0,0,0,0,speed_boost,9,0.0,0.0,FR,ios,iPhone15Pro,2593,0,1.5.1
IDLE_20012,IS000113,2024-12-31T18:16:00Z,offline_reward,0,1367,0,0,487,,0,0.0,0.0,BR,ios,iPhone15,3530,6,1.6.0
IDLE_20007,IS000211,2024-12-31T19:11:00Z,upgrade,0,0,100,0,0,speed_boost,36,0.0,0.0,FR,ios,iPhone15Pro,2629,0,1.5.1
IDLE_20007,IS000477,2024-12-31T21:06:00Z,upgrade,0,0,25,0,0,automation,44,0.0,0.0,FR,ios,iPhone15Pro,3271,0,1.6.0
IDLE_20047,IS000396,2024-12-31T22:16:00Z,ad_watched,0,0,0,5,0,,0,0.0,0.0187,CN,ios,iPhone14,1039,4,1.5.0
IDLE_20021,IS000379,2024-12-31T22:51:00Z,upgrade,1,0,0,0,0,speed_boost,34,0.0,0.0,US,ios,iPhone15,2797,7,1.5.0
IDLE_20043,IS000048,2025-01-01T06:24:00Z,session_start,0,0,0,0,249,,0,0.0,0.0,UK,ios,iPhone14,68,15,1.5.0
IDLE_20007,IS000511,2025-01-01T06:25:00Z,session_start,0,0,0,0,718,,0,0.0,0.0,FR,ios,iPhone15Pro,3429,1,1.6.0
IDLE_20015,IS000109,2025-01-01T09:22:00Z,prestige,1,0,0,0,0,,0,0.0,0.0,JP,android,OnePlus12,1198,0,1.5.0
IDLE_20015,IS000060,2025-01-01T09:34:00Z,offline_reward,0,1738,0,0,313,,0,0.0,0.0,JP,android,OnePlus12,2089,0,1.5.1
IDLE_20070,IS000124,2025-01-01T10:46:00Z,offline_reward,0,1541,0,0,441,,0,0.0,0.0,US,ios,iPhone15,1158,3,1.5.1
IDLE_20015,IS000226,2025-01-01T10:55:00Z,session_start,1,0,0,0,351,,0,0.0,0.0,JP,android,OnePlus12,3293,0,1.6.0
IDLE_20015,IS000559,2025-01-01T13:56:00Z,offline_reward,1,6348,0,0,587,,0,0.0,0.0,JP,android,OnePlus12,992,0,1.6.0
IDLE_20015,IS000044,2025-01-01T15:22:00Z,ad_watched,0,0,0,10,0,,0,0.0,0.0198,JP,android,OnePlus12,3509,0,1.5.0
IDLE_20015,IS000589,2025-01-01T17:13:00Z,offline_reward,1,6315,0,0,164,,0,0.0,0.0,JP,android,OnePlus12,2774,0,1.5.0
IDLE_20076,IS000170,2025-01-01T19:42:00Z,milestone,0,682,0,0,0,,0,0.0,0.0,CA,android,SamsungS24,1224,6,1.5.1
IDLE_20040,IS000013,2025-01-01T21:19:00Z,upgrade,0,0,0,0,0,generator,23,0.0,0.0,KR,ios,iPhone15,355,8,1.5.0
IDLE_20044,IS000429,2025-01-01T22:22:00Z,upgrade,0,0,0,0,0,automation,20,0.0,0.0,CN,android,Pixel8,2272,0,1.6.0
IDLE_20015,IS000135,2025-01-01T22:47:00Z,session_start,1,0,0,0,618,,0,0.0,0.0,JP,android,OnePlus12,2028,0,1.5.0
IDLE_20023,IS000643,2025-01-01T23:08:00Z,offline_reward,0,1338,0,0,657,,0,0.0,0.0,CA,android,SamsungS23,1950,6,1.6.0
IDLE_20015,IS000105,2025-01-01T23:30:00Z,upgrade,0,0,0,0,0,speed_boost,23,0.0,0.0,JP,android,OnePlus12,1755,0,1.5.1
IDLE_20015,IS000604,2025-01-01T23:44:00Z,upgrade,1,0,0,0,0,multiplier,15,0.0,0.0,JP,android,OnePlus12,1874,0,1.5.1
IDLE_20015,IS000504,2025-01-02T06:39:00Z,offline_reward,1,7391,0,0,93,,0,0.0,0.0,JP,android,OnePlus12,1017,1,1.6.0
IDLE_20017,IS000375,2025-01-02T06:53:00Z,offline_reward,1,10583,0,0,317,,0,0.0,0.0,CA,ios,iPhone15,1556,0,1.5.1
IDLE_20035,IS000505,2025-01-02T07:34:00Z,upgrade,0,0,0,0,0,generator,13,0.0,0.0,CA,android,Pixel8,734,0,1.5.1
IDLE_20017,IS000354,2025-01-02T08:28:00Z,upgrade,1,0,100,0,0,speed_boost,58,0.0,0.0,CA,ios,iPhone15,1270,0,1.6.0
IDLE_20035,IS000225,2025-01-02T08:58:00Z,upgrade,0,0,100,0,0,generator,48,0.0,0.0,CA,android,Pixel8,3290,0,1.5.0
IDLE_20035,IS000025,2025-01-02T09:00:00Z,offline_reward,0,1502,0,0,627,,0,0.0,0.0,CA,android,Pixel8,925,0,1.5.1
IDLE_20017,IS000614,2025-01-02T09:08:00Z,upgrade,2,0,0,0,0,offline_bonus,64,0.0,0.0,CA,ios,iPhone15,321,0,1.5.1
IDLE_20047,IS000008,2025-01-02T09:21:00Z,milestone,0,928,0,0,0,,0,0.0,0.0,CN,ios,iPhone14,1531,6,1.6.0
IDLE_20035,IS000594,2025-01-02T09:53:00Z,offline_reward,0,1782,0,0,370,,0,0.0,0.0,CA,android,Pixel8,1071,0,1.5.0
IDLE_20035,IS000515,2025-01-02T10:21:00Z,offline_reward,0,723,0,0,525,,0,0.0,0.0,CA,android,Pixel8,3093,0,1.5.0
IDLE_20017,IS000579,2025-01-02T11:20:00Z,prestige,2,0,0,0,0,,0,0.0,0.0,CA,ios,iPhone15,2853,0,1.6.0
IDLE_20076,IS000526,2025-01-02T12:48:00Z,upgrade,0,0,50,0,0,generator,35,0.0,0.0,CA,android,SamsungS24,188,7,1.5.1
IDLE_20017,IS000363,2025-01-02T14:02:00Z,purchase,1,0,0,0,0,,0,2.99,0.0,CA,ios,iPhone15,477,0,1.5.0
IDLE_20017,IS000383,2025-01-02T14:06:00Z,offline_reward,1,7385,0,0,299,,0,0.0,0.0,CA,ios,iPhone15,3065,0,1.5.1
IDLE_20015,IS000182,2025-01-02T14:12:00Z,upgrade,1,0,0,0,0,offline_bonus,23,0.0,0.0,JP,android,OnePlus12,2253,1,1.6.0
IDLE_20021,IS000365,2025-01-02T14:26:00Z,ad_watched,1,0,0,10,0,,0,0.0,0.0183,US,ios,iPhone15,1521,9,1.5.1
IDLE_20017,IS000677,2025-01-02T14:41:00Z,upgrade,2,0,0,0,0,multiplier,42,0.0,0.0,CA,ios,iPhone15,2846,0,1.5.1
IDLE_20017,IS000203,2025-01-02T14:45:00Z,prestige,1,0,0,0,0,,0,0.0,0.0,CA,ios,iPhone15,930,0,1.5.0
IDLE_20035,IS000273,2025-01-02T15:12:00Z,offline_reward,0,1292,0,0,168,,0,0.0,0.0,CA,android,Pixel8,2416,0,1.5.1
IDLE_20022,IS000253,2025-01-02T15:18:00Z,session_start,0,0,0,0,533,,0,0.0,0.0,UK,android,SamsungS23,1816,0,1.5.1
IDLE_20022,IS000137,2025-01-02T15:27:00Z,offline_reward,0,807,0,0,212,,0,0.0,0.0,UK,android,SamsungS23,1533,0,1.6.0
IDLE_20040,IS000534,2025-01-02T15:57:00Z,upgrade,0,0,0,0,0,multiplier,9,0.0,0.0,KR,ios,iPhone15,2103,9,1.5.1
IDLE_20047,IS000568,2025-01-02T16:22:00Z,prestige,1,0,0,0,0,,0,0.0,0.0,CN,ios,iPhone14,2331,6,1.5.0
IDLE_20035,IS000554,2025-01-02T17:34:00Z,offline_reward,0,1957,0,0,651,,0,0.0,0.0,CA,android,Pixel8,1846,0,1.5.1
IDLE_20010,IS000144,2025-01-02T17:40:00Z,session_start,0,0,0,0,266,,0,0.0,0.0,TW,android,XiaomiRedmi,2828,7,1.6.0
IDLE_20021,IS000325,2025-01-02T19:36:00Z,upgrade,1,0,0,0,0,automation,32,0.0,0.0,US,ios,iPhone15,2161,9,1.5.0
IDLE_20008,IS000218,2025-01-02T20:13:00Z,offline_reward,1,16932,0,0,310,,0,0.0,0.0,KR,android,SamsungS23,3507,12,1.5.1
IDLE_20035,IS000378,2025-01-02T21:36:00Z,offline_reward,0,1349,0,0,564,,0,0.0,0.0,CA,android,Pixel8,1299,0,1.5.0
IDLE_20022,IS000615,2025-01-02T22:01:00Z,upgrade,1,0,0,0,0,automation,43,0.0,0.0,UK,android,SamsungS23,381,0,1.6.0
IDLE_20035,IS000282,2025-01-02T22:10:00Z,upgrade,0,0,0,0,0,multiplier,44,0.0,0.0,CA,android,Pixel8,1642,0,1.5.0
IDLE_20035,IS000692,2025-01-02T23:38:00Z,upgrade,0,0,0,0,0,offline_bonus,26,0.0,0.0,CA,android,Pixel8,1038,0,1.6.0
IDLE_20070,IS000104,2025-01-02T23:43:00Z,upgrade,0,0,0,0,0,speed_boost,39,0.0,0.0,US,ios,iPhone15,1912,4,1.5.1
IDLE_20017,IS000009,2025-01-02T23:48:00Z,upgrade,0,0,0,0,0,offline_bonus,1,0.0,0.0,CA,ios,iPhone15,2376,0,1.5.0
IDLE_20046,IS000277,2025-01-03T06:14:00Z,upgrade,0,0,0,0,0,multiplier,1,0.0,0.0,UK,android,XiaomiRedmi,1951,0,1.6.0
IDLE_20070,IS000331,2025-01-03T06:19:00Z,prestige,1,0,0,0,0,,0,0.0,0.0,US,ios,iPhone15,3032,5,1.5.1
IDLE_20046,IS000220,2025-01-03T10:01:00Z,ad_watched,0,0,0,10,0,,0,0.0,0.0167,UK,android,XiaomiRedmi,2161,0,1.5.0
IDLE_20047,IS000369,2025-01-03T10:26:00Z,offline_reward,0,1732,0,0,276,,0,0.0,0.0,CN,ios,iPhone14,162,7,1.6.0
IDLE_20035,IS000284,2025-01-03T15:17:00Z,session_start,0,0,0,0,663,,0,0.0,0.0,CA,android,Pixel8,311,1,1.5.1
IDLE_20046,IS000467,2025-01-03T16:04:00Z,offline_reward,0,1677,0,0,575,,0,0.0,0.0,UK,android,XiaomiRedmi,1988,0,1.5.1
IDLE_20036,IS000115,2025-01-03T16:39:00Z,purchase,0,0,0,0,0,,0,0.0,0.0,CN,ios,iPhone13,3119,15,1.6.0
IDLE_20017,IS000685,2025-01-03T17:12:00Z,upgrade,2,0,25,0,0,generator,24,0.0,0.0,CA,ios,iPhone15,1522,1,1.6.0
IDLE_20035,IS000336,2025-01-03T17:21:00Z,session_start,0,0,0,0,672,,0,0.0,0.0,CA,android,Pixel8,2819,1,1.6.0
IDLE_20046,IS000389,2025-01-03T17:37:00Z,session_start,0,0,0,0,697,,0,0.0,0.0,UK,android,XiaomiRedmi,2863,0,1.5.1
IDLE_20035,IS000347,2025-01-03T18:16:00Z,upgrade,0,0,10,0,0,speed_boost,12,0.0,0.0,CA,android,Pixel8,767,1,1.5.0
IDLE_20046,IS000029,2025-01-03T19:40:00Z,offline_reward,0,1265,0,0,64,,0,0.0,0.0,UK,android,XiaomiRedmi,3496,0,1.6.0
IDLE_20008,IS000086,2025-01-03T20:06:00Z,upgrade,0,0,0,0,0,generator,25,0.0,0.0,KR,android,SamsungS23,3565,13,1.5.0
IDLE_20046,IS000382,2025-01-03T21:03:00Z,session_start,0,0,0,0,323,,0,0.0,0.0,UK,android,XiaomiRedmi,3521,0,1.5.0
IDLE_20044,IS000196,2025-01-03T21:19:00Z,upgrade,0,0,0,0,0,multiplier,35,0.0,0.0,CN,android,Pixel8,1200,2,1.5.1
IDLE_20046,IS000466,2025-01-03T23:10:00Z,upgrade,0,0,0,0,0,automation,28,0.0,0.0,UK,android,XiaomiRedmi,1714,0,1.5.0
IDLE_20046,IS000391,2025-01-03T23:23:00Z,upgrade,0,0,0,0,0,multiplier,20,0.0,0.0,UK,android,XiaomiRedmi,773,0,1.5.1
IDLE_20061,IS000168,2025-01-04T06:17:00Z,prestige,1,0,0,0,0,,0,0.0,0.0,JP,ios,iPhone15Pro,1949,0,1.6.0
IDLE_20040,IS000691,2025-01-04T07:38:00Z,upgrade,0,0,100,0,0,generator,18,0.0,0.0,KR,ios,iPhone15,2691,11,1.6.0
IDLE_20056,IS000535,2025-01-04T08:06:00Z,prestige,1,0,0,0,0,,0,0.0,0.0,JP,ios,iPhone14Pro,2665,0,1.5.0
IDLE_20074,IS000142,2025-01-04T08:25:00Z,prestige,1,0,0,0,0,,0,0.0,0.0,FR,ios,iPhone14,2402,2,1.6.0
IDLE_20061,IS000239,2025-01-04T08:28:00Z,milestone,1,8750,0,0,0,,0,0.0,0.0,JP,ios,iPhone15Pro,3400,0,1.6.0
IDLE_20070,IS000202,2025-01-04T09:40:00Z,upgrade,0,0,0,0,0,offline_bonus,11,0.0,0.0,US,ios,iPhone15,1383,6,1.5.0
IDLE_20061,IS000097,2025-01-04T09:51:00Z,offline_reward,0,1418,0,0,629,,0,0.0,0.0,JP,ios,iPhone15Pro,2488,0,1.6.0
IDLE_20061,IS000200,2025-01-04T09:57:00Z,upgrade,1,0,0,0,0,speed_boost,55,0.0,0.0,JP,ios,iPhone15Pro,3537,0,1.6.0
IDLE_20076,IS000508,2025-01-04T10:03:00Z,upgrade,0,0,25,0,0,generator,28,0.0,0.0,CA,android,SamsungS24,2941,9,1.5.0
IDLE_20028,IS000313,2025-01-04T10:18:00Z,prestige,1,0,0,0,0,,0,0.0,0.0,FR,android,SamsungS23,497,0,1.6.0
IDLE_20025,IS000362,2025-01-04T13:14:00Z,upgrade,0,0,0,0,0,speed_boost,48,0.0,0.0,CA,android,OnePlus12,1552,0,1.6.0
IDLE_20021,IS000624,2025-01-04T13:45:00Z,offline_reward,2,164192,0,0,679,,0,0.0,0.0,US,ios,iPhone15,3226,11,1.5.1
IDLE_20019,IS000236,2025-01-04T14:03:00Z,ad_watched,0,0,0,15,0,,0,0.0,0.0049,KR,ios,iPhone13,2234,24,1.5.0
IDLE_20025,IS000050,2025-01-04T14:37:00Z,ad_watched,0,0,0,10,0,,0,0.0,0.0077,CA,android,OnePlus12,380,0,1.6.0
IDLE_20076,IS000119,2025-01-04T14:46:00Z,ad_watched,0,0,0,10,0,,0,0.0,0.0072,CA,android,SamsungS24,1409,9,1.5.0
IDLE_20028,IS000474,2025-01-04T15:08:00Z,ad_watched,1,0,0,10,0,,0,0.0,0.0132,FR,android,SamsungS23,3313,0,1.5.1
IDLE_20061,IS000487,2025-01-04T15:51:00Z,upgrade,1,0,0,0,0,automation,35,0.0,0.0,JP,ios,iPhone15Pro,1346,0,1.5.0
IDLE_20046,IS000108,2025-01-04T16:18:00Z,offline_reward,0,626,0,0,612,,0,0.0,0.0,UK,android,XiaomiRedmi,1952,1,1.5.0
IDLE_20046,IS000454,2025-01-04T16:35:00Z,session_start,0,0,0,0,265,,0,0.0,0.0,UK,android,XiaomiRedmi,835,1,1.5.0
IDLE_20028,IS000433,2025-01-04T16:50:00Z,upgrade,1,0,25,0,0,multiplier,37,0.0,0.0,FR,android,SamsungS23,1115,0,1.5.0
IDLE_20061,IS000326,2025-01-04T17:44:00Z,ad_watched,1,0,0,15,0,,0,0.0,0.0183,JP,ios,iPhone15Pro,1739,0,1.5.0
IDLE_20028,IS000609,2025-01-04T18:19:00Z,offline_reward,1,11477,0,0,180,,0,0.0,0.0,FR,android,SamsungS23,994,0,1.6.0
IDLE_20061,IS000676,2025-01-04T18:26:00Z,upgrade,1,0,0,0,0,generator,2,0.0,0.0,JP,ios,iPhone15Pro,2789,0,1.5.1
IDLE_20040,IS000150,2025-01-04T18:57:00Z,upgrade,0,0,0,0,0,offline_bonus,26,0.0,0.0,KR,ios,iPhone15,222,11,1.5.1
IDLE_20061,IS000350,2025-01-04T19:06:00Z,session_start,1,0,0,0,395,,0,0.0,0.0,JP,ios,iPhone15Pro,1465,0,1.5.1
IDLE_20025,IS000046,2025-01-04T19:10:00Z,upgrade,0,0,0,0,0,offline_bonus,3,0.0,0.0,CA,android,OnePlus12,1399,0,1.5.1
IDLE_20046,IS000416,2025-01-04T19:39:00Z,session_start,0,0,0,0,97,,0,0.0,0.0,UK,android,XiaomiRedmi,1978,1,1.5.0
IDLE_20028,IS000011,2025-01-04T20:32:00Z,purchase,0,0,0,0,0,,0,0.0,0.0,FR,android,SamsungS23,676,0,1.6.0
IDLE_20061,IS000147,2025-01-04T20:35:00Z,session_start,0,0,0,0,375,,0,0.0,0.0,JP,ios,iPhone15Pro,1164,0,1.5.1
IDLE_20028,IS000573,2025-01-04T22:22:00Z,upgrade,1,0,0,0,0,generator,40,0.0,0.0,FR,android,SamsungS23,3391,0,1.6.0
IDLE_20028,IS000138,2025-01-04T22:33:00Z,offline_reward,0,1765,0,0,40,,0,0.0,0.0,FR,android,SamsungS23,3332,0,1.5.1
IDLE_20022,IS000630,2025-01-04T22:36:00Z,session_start,1,0,0,0,191,,0,0.0,0.0,UK,android,SamsungS23,1218,2,1.5.0
IDLE_20028,IS000205,2025-01-04T22:47:00Z,milestone,0,1170,0,0,0,,0,0.0,0.0,FR,android,SamsungS23,746,0,1.5.1
IDLE_20025,IS000257,2025-01-04T23:05:00Z,upgrade,0,0,0,0,0,speed_boost,24,0.0,0.0,CA,android,OnePlus12,3414,0,1.6.0
IDLE_20061,IS000290,2025-01-04T23:35:00Z,upgrade,1,0,50,0,0,automation,28,0.0,0.0,JP,ios,iPhone15Pro,276,0,1.6.0
IDLE_20072,IS000663,2025-01-05T06:15:00Z,ad_watched,1,0,0,10,0,,0,0.0,0.0146,BR,android,Pixel8,1530,0,1.5.0
IDLE_20060,IS000342,2025-01-05T06:33:00Z,upgrade,1,0,0,0,0,generator,40,0.0,0.0,BR,android,OnePlus12,329,0,1.6.0
IDLE_20076,IS000503,2025-01-05T06:56:00Z,offline_reward,0,1305,0,0,673,,0,0.0,0.0,CA,android,SamsungS24,1262,10,1.5.1
IDLE_20016,IS000114,2025-01-05T06:57:00Z,offline_reward,0,1988,0,0,587,,0,0.0,0.0,JP,android,Pixel8,1411,0,1.5.0
IDLE_20060,IS000078,2025-01-05T08:41:00Z,ad_watched,0,0,0,15,0,,0,0.0,0.0195,BR,android,OnePlus12,3055,0,1.6.0
IDLE_20028,IS000420,2025-01-05T11:04:00Z,offline_reward,1,19549,0,0,471,,0,0.0,0.0,FR,android,SamsungS23,1621,1,1.5.1
IDLE_20070,IS000417,2025-01-05T11:45:00Z,session_start,1,0,0,0,720,,0,0.0,0.0,US,ios,iPhone15,1857,7,1.6.0
IDLE_20072,IS000210,2025-01-05T12:33:00Z,offline_reward,1,8808,0,0,673,,0,0.0,0.0,BR,android,Pixel8,92,0,1.5.0
IDLE_20043,IS000081,2025-01-05T12:41:00Z,offline_reward,0,972,0,0,228,,0,0.0,0.0,UK,ios,iPhone14,1571,19,1.6.0
IDLE_20080,IS000670,2025-01-05T13:01:00Z,offline_reward,0,1375,0,0,610,,0,0.0,0.0,US,android,SamsungS24,1145,0,1.6.0
IDLE_20060,IS000042,2025-01-05T13:25:00Z,offline_reward,0,1102,0,0,675,,0,0.0,0.0,BR,android,OnePlus12,1694,0,1.5.1
IDLE_20061,IS000338,2025-01-05T14:24:00Z,offline_reward,1,13324,0,0,380,,0,0.0,0.0,JP,ios,iPhone15Pro,1550,1,1.6.0
IDLE_20021,IS000103,2025-01-05T14:29:00Z,prestige,1,0,0,0,0,,0,0.0,0.0,US,ios,iPhone15,904,12,1.5.0
IDLE_20070,IS000167,2025-01-05T15:21:00Z,offline_reward,0,1467,0,0,443,,0,0.0,0.0,US,ios,iPhone15,673,7,1.5.0
IDLE_20056,IS000667,2025-01-05T16:03:00Z,session_start,1,0,0,0,369,,0,0.0,0.0,JP,ios,iPhone14Pro,1396,1,1.5.0
IDLE_20080,IS000318,2025-01-05T16:05:00Z,upgrade,0,0,25,0,0,generator,21,0.0,0.0,US,android,SamsungS24,1983,0,1.5.0
IDLE_20060,IS000019,2025-01-05T16:12:00Z,purchase,0,0,0,0,0,,0,0.0,0.0,BR,android,OnePlus12,862,0,1.5.1
IDLE_20070,IS000358,2025-01-05T16:38:00Z,session_start,1,0,0,0,552,,0,0.0,0.0,US,ios,iPhone15,2702,7,1.6.0
IDLE_20060,IS000633,2025-01-05T17:25:00Z,offline_reward,1,5515,0,0,442,,0,0.0,0.0,BR,android,OnePlus12,818,0,1.6.0
IDLE_20060,IS000064,2025-01-05T18:03:00Z,ad_watched,0,0,0,15,0,,0,0.0,0.0036,BR,android,OnePlus12,395,0,1.6.0
IDLE_20025,IS000611,2025-01-05T19:30:00Z,upgrade,0,0,0,0,0,speed_boost,22,0.0,0.0,CA,android,OnePlus12,67,1,1.6.0
IDLE_20072,IS000395,2025-01-05T19:44:00Z,upgrade,1,0,0,0,0,generator,39,0.0,0.0,BR,android,Pixel8,3407,0,1.6.0
IDLE_20080,IS000278,2025-01-05T20:08:00Z,offline_reward,0,755,0,0,426,,0,0.0,0.0,US,android,SamsungS24,801,0,1.6.0
IDLE_20080,IS000636,2025-01-05T20:14:00Z,offline_reward,0,610,0,0,489,,0,0.0,0.0,US,android,SamsungS24,1181,0,1.5.1
IDLE_20072,IS000045,2025-01-05T20:23:00Z,session_start,0,0,0,0,587,,0,0.0,0.0,BR,android,Pixel8,3553,0,1.5.1
IDLE_20080,IS000397,2025-01-05T20:52:00Z,upgrade,0,0,0,0,0,offline_bonus,45,0.0,0.0,US,android,SamsungS24,3489,0,1.5.0
IDLE_20072,IS000440,2025-01-05T22:08:00Z,upgrade,1,0,0,0,0,offline_bonus,23,0.0,0.0,BR,android,Pixel8,2660,0,1.5.0
IDLE_20076,IS000087,2025-01-05T22:31:00Z,offline_reward,0,1836,0,0,179,,0,0.0,0.0,CA,android,SamsungS24,815,10,1.5.0
IDLE_20072,IS000054,2025-01-05T23:09:00Z,prestige,1,0,0,0,0,,0,0.0,0.0,BR,android,Pixel8,1604,0,1.5.1
IDLE_20080,IS000001,2025-01-05T23:43:00Z,upgrade,0,0,0,0,0,automation,6,0.0,0.0,US,android,SamsungS24,1843,0,1.5.1
IDLE_20060,IS000464,2025-01-05T23:58:00Z,ad_watched,1,0,0,15,0,,0,0.0,0.0131,BR,android,OnePlus12,3324,0,1.6.0
IDLE_20008,IS000148,2025-01-06T06:59:00Z,milestone,0,1446,0,0,0,,0,0.0,0.0,KR,android,SamsungS23,2724,16,1.5.0
IDLE_20008,IS000280,2025-01-06T07:15:00Z,offline_reward,1,6407,0,0,167,,0,0.0,0.0,KR,android,SamsungS23,3079,16,1.6.0
IDLE_20048,IS000648,2025-01-06T10:27:00Z,offline_reward,1,18241,0,0,537,,0,0.0,0.0,KR,ios,iPhone14,2255,24,1.6.0
IDLE_20074,IS000283,2025-01-06T10:47:00Z,session_start,1,0,0,0,343,,0,0.0,0.0,FR,ios,iPhone14,96,4,1.5.1
IDLE_20080,IS000125,2025-01-06T11:21:00Z,ad_watched,0,0,0,5,0,,0,0.0,0.0028,US,android,SamsungS24,1745,1,1.5.0
IDLE_20016,IS000493,2025-01-06T12:19:00Z,upgrade,1,0,25,0,0,generator,2,0.0,0.0,JP,android,Pixel8,302,1,1.6.0
IDLE_20008,IS000656,2025-01-06T13:40:00Z,upgrade,1,0,0,0,0,speed_boost,28,0.0,0.0,KR,android,SamsungS23,2100,16,1.5.1
IDLE_20036,IS000469,2025-01-06T14:55:00Z,upgrade,0,0,0,0,0,automation,17,0.0,0.0,CN,ios,iPhone13,220,18,1.5.1
IDLE_20074,IS000117,2025-01-06T15:52:00Z,upgrade,0,0,50,0,0,speed_boost,35,0.0,0.0,FR,ios,iPhone14,1619,4,1.5.0
IDLE_20022,IS000541,2025-01-06T17:40:00Z,upgrade,0,0,10,0,0,multiplier,40,0.0,0.0,UK,android,SamsungS23,3094,4,1.5.0
IDLE_20044,IS000212,2025-01-06T17:57:00Z,upgrade,0,0,0,0,0,offline_bonus,38,0.0,0.0,CN,android,Pixel8,2062,5,1.6.0
IDLE_20072,IS000514,2025-01-06T18:27:00Z,session_start,1,0,0,0,533,,0,0.0,0.0,BR,android,Pixel8,1032,1,1.6.0
IDLE_20072,IS000516,2025-01-06T18:36:00Z,offline_reward,1,19870,0,0,251,,0,0.0,0.0,BR,android,Pixel8,1616,1,1.6.0
IDLE_20022,IS000074,2025-01-06T18:37:00Z,offline_reward,0,572,0,0,428,,0,0.0,0.0,UK,android,SamsungS23,560,4,1.5.0
IDLE_20022,IS000116,2025-01-06T21:58:00Z,session_start,0,0,0,0,504,,0,0.0,0.0,UK,android,SamsungS23,2378,4,1.6.0
IDLE_20023,IS000164,2025-01-06T22:03:00Z,offline_reward,0,1217,0,0,250,,0,0.0,0.0,CA,android,SamsungS23,2684,11,1.5.0
IDLE_20060,IS000111,2025-01-06T22:07:00Z,prestige,1,0,0,0,0,,0,0.0,0.0,BR,android,OnePlus12,427,1,1.6.0
IDLE_20044,IS000076,2025-01-06T22:17:00Z,offline_reward,0,1359,0,0,251,,0,0.0,0.0,CN,android,Pixel8,3181,5,1.5.0
IDLE_20021,IS000392,2025-01-06T22:48:00Z,offline_reward,1,16074,0,0,95,,0,0.0,0.0,US,ios,iPhone15,608,13,1.5.0
IDLE_20022,IS000033,2025-01-07T06:03:00Z,session_start,0,0,0,0,175,,0,0.0,0.0,UK,android,SamsungS23,2940,5,1.5.1
IDLE_20019,IS000472,2025-01-07T08:11:00Z,offline_reward,1,5732,0,0,118,,0,0.0,0.0,KR,ios,iPhone13,1494,27,1.5.0
IDLE_20018,IS000606,2025-01-07T08:51:00Z,session_start,0,0,0,0,407,,0,0.0,0.0,UK,android,XiaomiRedmi,2719,3,1.5.1
IDLE_20022,IS000571,2025-01-07T10:35:00Z,prestige,1,0,0,0,0,,0,0.0,0.0,UK,android,SamsungS23,717,5,1.5.1
IDLE_20022,IS000483,2025-01-07T11:07:00Z,purchase,0,0,0,0,0,,0,4.99,0.0,UK,android,SamsungS23,2202,5,1.5.0
IDLE_20056,IS000640,2025-01-07T12:45:00Z,upgrade,1,0,0,0,0,offline_bonus,46,0.0,0.0,JP,ios,iPhone14Pro,1286,3,1.5.0
IDLE_20056,IS000565,2025-01-07T16:52:00Z,upgrade,1,0,10,0,0,speed_boost,51,0.0,0.0,JP,ios,iPhone14Pro,171,3,1.5.1
IDLE_20076,IS000122,2025-01-07T17:38:00Z,ad_watched,0,0,0,15,0,,0,0.0,0.0028,CA,android,SamsungS24,2366,12,1.6.0
IDLE_20018,IS000222,2025-01-07T17:50:00Z,offline_reward,0,1911,0,0,316,,0,0.0,0.0,UK,android,XiaomiRedmi,1532,3,1.5.1
IDLE_20018,IS000293,2025-01-07T19:33:00Z,purchase,0,0,0,0,0,,0,14.99,0.0,UK,android,XiaomiRedmi,1642,3,1.5.0
IDLE_20040,IS000120,2025-01-07T20:27:00Z,milestone,0,848,0,0,0,,0,0.0,0.0,KR,ios,iPhone15,2894,14,1.5.0
IDLE_20018,IS000645,2025-01-08T12:29:00Z,session_start,0,0,0,0,486,,0,0.0,0.0,UK,android,XiaomiRedmi,3433,4,1.5.1
IDLE_20074,IS000157,2025-01-08T15:49:00Z,upgrade,1,0,0,0,0,offline_bonus,10,0.0,0.0,FR,ios,iPhone14,3525,6,1.6.0
IDLE_20016,IS000576,2025-01-08T16:34:00Z,upgrade,1,0,0,0,0,multiplier,12,0.0,0.0,JP,android,Pixel8,1932,3,1.5.0
IDLE_20056,IS000543,2025-01-08T16:59:00Z,session_start,1,0,0,0,600,,0,0.0,0.0,JP,ios,iPhone14Pro,3014,4,1.5.1
IDLE_20018,IS000304,2025-01-08T18:06:00Z,purchase,0,0,0,0,0,,0,4.99,0.0,UK,android,XiaomiRedmi,2111,4,1.5.0
IDLE_20022,IS000595,2025-01-08T20:14:00Z,offline_reward,1,10939,0,0,391,,0,0.0,0.0,UK,android,SamsungS23,1791,6,1.6.0
IDLE_20022,IS000536,2025-01-08T20:34:00Z,session_start,0,0,0,0,200,,0,0.0,0.0,UK,android,SamsungS23,2500,6,1.5.1
IDLE_20036,IS000527,2025-01-08T22:24:00Z,upgrade,0,0,100,0,0,multiplier,40,0.0,0.0,CN,ios,iPhone13,2818,20,1.5.0
IDLE_20016,IS000489,2025-01-08T22:44:00Z,upgrade,1,0,0,0,0,speed_boost,19,0.0,0.0,JP,android,Pixel8,879,3,1.5.1
IDLE_20056,IS000261,2025-01-09T09:40:00Z,upgrade,0,0,0,0,0,offline_bonus,49,0.0,0.0,JP,ios,iPhone14Pro,3394,5,1.6.0
IDLE_20018,IS000133,2025-01-09T13:08:00Z,session_start,0,0,0,0,613,,0,0.0,0.0,UK,android,XiaomiRedmi,2048,5,1.5.0
IDLE_20076,IS000153,2025-01-09T13:11:00Z,upgrade,0,0,25,0,0,automation,4,0.0,0.0,CA,android,SamsungS24,3164,14,1.5.0
IDLE_20016,IS000249,2025-01-09T20:19:00Z,prestige,1,0,0,0,0,,0,0.0,0.0,JP,android,Pixel8,3462,4,1.5.1
IDLE_20076,IS000442,2025-01-09T21:41:00Z,upgrade,0,0,50,0,0,automation,11,0.0,0.0,CA,android,SamsungS24,768,14,1.5.0
IDLE_20008,IS000217,2025-01-09T23:33:00Z,offline_reward,1,14563,0,0,129,,0,0.0,0.0,KR,android,SamsungS23,1018,19,1.6.0
IDLE_20022,IS000091,2025-01-10T06:58:00Z,session_start,0,0,0,0,210,,0,0.0,0.0,UK,android,SamsungS23,810,8,1.5.0
IDLE_20056,IS000524,2025-01-10T09:01:00Z,upgrade,0,0,0,0,0,automation,43,0.0,0.0,JP,ios,iPhone14Pro,3324,6,1.5.1
IDLE_20076,IS000403,2025-01-10T09:06:00Z,offline_reward,0,918,0,0,310,,0,0.0,0.0,CA,android,SamsungS24,3243,15,1.5.1
IDLE_20056,IS000020,2025-01-10T09:37:00Z,session_start,0,0,0,0,711,,0,0.0,0.0,JP,ios,iPhone14Pro,2798,6,1.6.0
IDLE_20016,IS000061,2025-01-10T13:47:00Z,offline_reward,0,1045,0,0,501,,0,0.0,0.0,JP,android,Pixel8,2090,5,1.5.1
IDLE_20016,IS000333,2025-01-10T16:00:00Z,upgrade,1,0,0,0,0,generator,48,0.0,0.0,JP,android,Pixel8,2700,5,1.5.0
IDLE_20018,IS000499,2025-01-10T17:40:00Z,ad_watched,0,0,0,5,0,,0,0.0,0.0113,UK,android,XiaomiRedmi,2424,6,1.5.0
