user_id,session_id,timestamp,event_name,level,moves,booster,boosters_used,score,lives,story_chapter,decoration_category,item_id,coins_earned,coins_spent,iap_revenue,ad_revenue,country,platform,device,session_duration,days_since_install,version
M3M_50016,MS000339,2024-12-11T11:25:00Z,level_complete,6,12,none,0,7512,2,0,,,465,0,0.0,0.0,BR,ios,iPad,930,0,5.1.1
M3M_50049,MS000228,2024-12-12T08:21:00Z,booster_used,9,18,shuffle,1,16388,5,0,,,0,0,0.0,0.0,UK,android,OnePlus12,1430,0,5.1.1
M3M_50049,MS000160,2024-12-12T09:34:00Z,level_start,5,20,none,0,8595,0,0,,,0,0,0.0,0.0,UK,android,OnePlus12,293,0,5.1.1
M3M_50049,MS000044,2024-12-12T10:46:00Z,level_failed,3,0,none,0,3492,5,0,,,0,0,0.0,0.0,UK,android,OnePlus12,1036,0,5.2.0
M3M_50021,MS000546,2024-12-12T10:50:00Z,booster_used,9,13,none,0,16740,3,0,,,0,0,0.0,0.0,DE,android,SamsungS23,2163,0,5.1.1
M3M_50021,MS000118,2024-12-12T11:08:00Z,purchase,4,8,none,0,5032,5,0,,,0,0,0.0,0.0,DE,android,SamsungS23,284,0,5.1.0
M3M_50049,MS000625,2024-12-12T13:38:00Z,decoration_placed,11,6,none,0,16302,2,0,garden,DECO_6104,0,666,0.0,0.0,UK,android,OnePlus12,497,0,5.1.0
M3M_50049,MS000059,2024-12-12T14:29:00Z,purchase,5,7,none,0,6930,0,0,,,0,0,0.0,0.0,UK,android,OnePlus12,1159,0,5.1.1
M3M_50016,MS000356,2024-12-12T15:41:00Z,level_complete,8,12,none,0,8104,4,0,,,76,0,0.0,0.0,BR,ios,iPad,1318,1,5.1.0
M3M_50049,MS000685,2024-12-12T15:53:00Z,level_failed,13,0,none,0,18018,3,0,,,0,0,0.0,0.0,UK,android,OnePlus12,874,0,5.2.0
M3M_50021,MS000602,2024-12-12T16:05:00Z,level_failed,14,0,none,0,23604,0,0,,,0,0,0.0,0.0,DE,android,SamsungS23,1178,0,5.2.0
M3M_50021,MS000069,2024-12-12T16:19:00Z,level_start,3,20,none,0,4446,3,0,,,0,0,0.0,0.0,DE,android,SamsungS23,2381,0,5.1.1
M3M_50021,MS000038,2024-12-12T16:28:00Z,booster_used,2,8,none,0,3586,4,0,,,0,0,0.0,0.0,DE,android,SamsungS23,1528,0,5.2.0
M3M_50021,MS000273,2024-12-12T18:27:00Z,level_complete,6,7,none,0,8286,3,0,,,234,0,0.0,0.0,DE,android,SamsungS23,512,0,5.1.0
M3M_50021,MS000597,2024-12-12T18:39:00Z,story_progress,12,3,none,0,19560,1,2,,,0,0,0.0,0.0,DE,android,SamsungS23,963,0,5.2.0
M3M_50049,MS000366,2024-12-12T20:14:00Z,level_complete,11,4,none,0,21747,1,0,,,361,0,0.0,0.0,UK,android,OnePlus12,1418,0,5.1.0
M3M_50049,MS000214,2024-12-12T20:45:00Z,story_progress,7,5,none,0,11368,3,2,,,0,0,0.0,0.0,UK,android,OnePlus12,2288,0,5.2.0
M3M_50049,MS000622,2024-12-12T21:42:00Z,level_complete,11,11,none,0,15807,1,0,,,481,0,0.0,0.0,UK,android,OnePlus12,702,0,5.1.1
M3M_50021,MS000342,2024-12-12T22:05:00Z,decoration_placed,6,8,none,0,8946,2,0,furniture,DECO_7854,0,458,0.0,0.0,DE,android,SamsungS23,993,0,5.2.0
M3M_50021,MS000219,2024-12-12T22:21:00Z,level_failed,6,0,none,0,9396,5,0,,,0,0,0.0,0.0,DE,android,SamsungS23,919,0,5.1.1
M3M_50021,MS000103,2024-12-12T22:32:00Z,booster_used,4,3,none,0,6132,2,0,,,0,0,0.0,0.0,DE,android,SamsungS23,1460,0,5.2.0
M3M_50001,MS000340,2024-12-13T08:07:00Z,level_complete,10,12,none,0,19490,4,0,,,330,0,0.0,0.0,FR,ios,iPhone13,323,0,5.1.1
M3M_50021,MS000393,2024-12-13T08:22:00Z,purchase,8,3,none,0,12920,5,0,,,0,0,0.0,0.0,DE,android,SamsungS23,2236,1,5.1.0
M3M_50001,MS000012,2024-12-13T08:42:00Z,booster_used,3,3,none,0,3663,4,0,,,0,0,0.0,0.0,FR,ios,iPhone13,1439,0,5.2.0
M3M_50067,MS000065,2024-12-13T08:50:00Z,ad_watched,3,3,shuffle,2,5014,1,0,,,0,0,0.0,0.0077,JP,ios,iPhone15,746,0,5.1.0
M3M_50067,MS000343,2024-12-13T09:32:00Z,booster_used,6,9,bomb,2,12442,3,0,,,0,0,0.0,0.0,JP,ios,iPhone15,768,0,5.2.0
M3M_50067,MS000133,2024-12-13T09:40:00Z,story_progress,6,15,none,0,11958,4,14,,,0,0,0.0,0.0,JP,ios,iPhone15,2182,0,5.1.0
M3M_50067,MS000096,2024-12-13T09:55:00Z,level_complete,4,5,shuffle,1,6608,0,0,,,331,0,0.0,0.0,JP,ios,iPhone15,367,0,5.2.0
M3M_50020,MS000525,2024-12-13T10:37:00Z,level_start,14,20,none,0,21462,3,0,,,0,0,0.0,0.0,BR,ios,iPhone13,508,0,5.1.1
M3M_50067,MS000678,2024-12-13T10:42:00Z,level_complete,13,3,none,0,13364,4,0,,,473,0,0.0,0.0,JP,ios,iPhone15,2326,0,5.2.0
M3M_50018,MS000224,2024-12-13T11:17:00Z,level_failed,2,0,hammer,1,2996,1,0,,,0,0,0.0,0.0,US,android,OnePlus12,1867,0,5.1.1
M3M_50001,MS000195,2024-12-13T13:02:00Z,level_start,6,20,none,0,7482,4,0,,,0,0,0.0,0.0,FR,ios,iPhone13,1181,0,5.1.0
M3M_50001,MS000538,2024-12-13T13:16:00Z,level_start,12,20,extra_moves,2,21268,4,0,,,0,0,0.0,0.0,FR,ios,iPhone13,1153,0,5.1.0
M3M_50067,MS000522,2024-12-13T13:25:00Z,level_start,7,20,none,0,7322,2,0,,,0,0,0.0,0.0,JP,ios,iPhone15,198,0,5.2.0
M3M_50049,MS000413,2024-12-13T13:57:00Z,level_complete,11,2,none,0,17479,2,0,,,441,0,0.0,0.0,UK,android,OnePlus12,289,1,5.1.0
M3M_50018,MS000168,2024-12-13T14:08:00Z,purchase,2,12,none,0,3740,1,0,,,0,0,2.99,0.0,US,android,OnePlus12,2022,0,5.2.0
M3M_50020,MS000236,2024-12-13T14:31:00Z,purchase,6,15,none,0,7698,3,0,,,0,0,0.0,0.0,BR,ios,iPhone13,1714,0,5.1.0
M3M_50067,MS000215,2024-12-13T15:17:00Z,level_failed,6,0,none,0,8352,0,0,,,0,0,0.0,0.0,JP,ios,iPhone15,321,0,5.2.0
M3M_50018,MS000032,2024-12-13T15:40:00Z,level_failed,2,0,hammer,2,4250,5,0,,,0,0,0.0,0.0,US,android,OnePlus12,1396,0,5.1.1
M3M_50001,MS000674,2024-12-13T15:58:00Z,purchase,13,8,none,0,25012,4,0,,,0,0,0.0,0.0,FR,ios,iPhone13,1739,0,5.2.0
M3M_50067,MS000727,2024-12-13T16:03:00Z,story_progress,15,9,none,0,19515,5,14,,,0,0,0.0,0.0,JP,ios,iPhone15,886,0,5.1.0
M3M_50067,MS000586,2024-12-13T17:20:00Z,ad_watched,11,14,none,0,14388,3,0,,,0,0,0.0,0.0155,JP,ios,iPhone15,1120,0,5.1.1
M3M_50067,MS000295,2024-12-13T17:50:00Z,level_start,6,20,hammer,2,11350,2,0,,,0,0,0.0,0.0,JP,ios,iPhone15,995,0,5.1.1
M3M_50067,MS000585,2024-12-13T19:31:00Z,level_complete,9,5,shuffle,2,14920,5,0,,,67,0,0.0,0.0,JP,ios,iPhone15,916,0,5.2.0
M3M_50016,MS000676,2024-12-13T19:58:00Z,level_start,15,20,none,0,23565,5,0,,,0,0,0.0,0.0,BR,ios,iPad,1796,2,5.2.0
M3M_50001,MS000290,2024-12-13T20:16:00Z,level_failed,8,0,none,0,13800,1,0,,,0,0,0.0,0.0,FR,ios,iPhone13,2160,0,5.2.0
M3M_50067,MS000551,2024-12-13T20:42:00Z,purchase,7,17,none,0,13083,0,0,,,0,0,14.99,0.0,JP,ios,iPhone15,1433,0,5.1.0
M3M_50001,MS000269,2024-12-13T20:53:00Z,level_complete,7,9,none,0,8456,3,0,,,142,0,0.0,0.0,FR,ios,iPhone13,1188,0,5.1.0
M3M_50018,MS000718,2024-12-13T21:29:00Z,level_complete,4,8,none,0,4288,3,0,,,442,0,0.0,0.0,US,android,OnePlus12,449,0,5.1.1
M3M_50001,MS000054,2024-12-13T22:00:00Z,booster_used,4,15,none,0,7720,5,0,,,0,0,0.0,0.0,FR,ios,iPhone13,1184,0,5.1.1
M3M_50021,MS000590,2024-12-13T22:12:00Z,level_start,11,20,none,0,14487,4,0,,,0,0,0.0,0.0,DE,android,SamsungS23,2327,1,5.2.0
M3M_50001,MS000369,2024-12-14T12:12:00Z,level_complete,10,2,none,0,19390,5,0,,,241,0,0.0,0.0,FR,ios,iPhone13,1088,1,5.2.0
M3M_50016,MS000415,2024-12-14T13:37:00Z,purchase,10,15,none,0,10870,2,0,,,0,0,0.0,0.0,BR,ios,iPad,759,3,5.2.0
M3M_50008,MS000066,2024-12-14T14:57:00Z,purchase,3,3,none,0,4488,2,0,,,0,0,0.0,0.0,IT,ios,iPhone15Pro,1128,1,5.1.0
M3M_50020,MS000294,2024-12-14T15:01:00Z,level_complete,9,12,none,0,14265,3,0,,,121,0,0.0,0.0,BR,ios,iPhone13,927,1,5.1.1
M3M_50016,MS000077,2024-12-14T17:21:00Z,level_complete,2,10,none,0,2754,3,0,,,354,0,0.0,0.0,BR,ios,iPad,1127,3,5.1.1
M3M_50001,MS000189,2024-12-14T19:41:00Z,level_start,4,20,none,0,4400,2,0,,,0,0,0.0,0.0,FR,ios,iPhone13,1095,1,5.2.0
M3M_50067,MS000745,2024-12-14T20:00:00Z,level_complete,16,8,none,0,27472,5,0,,,493,0,0.0,0.0,JP,ios,iPhone15,1235,1,5.1.1
M3M_50008,MS000509,2024-12-15T08:21:00Z,booster_used,6,3,none,0,6174,2,0,,,0,0,0.0,0.0,IT,ios,iPhone15Pro,1512,2,5.2.0
M3M_50025,MS000100,2024-12-15T08:25:00Z,level_complete,1,6,none,0,1916,3,0,,,429,0,0.0,0.0,US,android,SamsungS24,1920,0,5.2.0
M3M_50073,MS000153,2024-12-15T09:53:00Z,booster_used,3,15,none,0,5460,1,0,,,0,0,0.0,0.0,ES,ios,iPhone14,1185,0,5.2.0
M3M_50073,MS000142,2024-12-15T10:15:00Z,level_failed,3,0,hammer,1,4850,4,0,,,0,0,0.0,0.0,ES,ios,iPhone14,1086,0,5.2.0
M3M_50035,MS000490,2024-12-15T10:33:00Z,booster_used,5,11,none,0,7225,0,0,,,0,0,0.0,0.0,AU,ios,iPhone14Pro,319,3,5.1.0
M3M_50016,MS000089,2024-12-15T11:00:00Z,level_start,3,20,none,0,3204,0,0,,,0,0,0.0,0.0,BR,ios,iPad,589,4,5.1.0
M3M_50008,MS000208,2024-12-15T11:52:00Z,level_complete,5,3,none,0,9280,5,0,,,466,0,0.0,0.0,IT,ios,iPhone15Pro,2072,2,5.1.1
M3M_50025,MS000559,2024-12-15T12:39:00Z,level_complete,6,6,none,0,7908,2,0,,,339,0,0.0,0.0,US,android,SamsungS24,573,0,5.1.1
M3M_50025,MS000053,2024-12-15T16:53:00Z,level_start,1,20,bomb,1,2637,3,0,,,0,0,0.0,0.0,US,android,SamsungS24,2342,0,5.1.0
M3M_50025,MS000310,2024-12-15T17:43:00Z,booster_used,4,11,shuffle,1,5900,4,0,,,0,0,0.0,0.0,US,android,SamsungS24,584,0,5.1.1
M3M_50025,MS000734,2024-12-15T18:40:00Z,level_start,10,20,none,0,18600,0,0,,,0,0,0.0,0.0,US,android,SamsungS24,1935,0,5.1.0
M3M_50025,MS000116,2024-12-15T20:56:00Z,booster_used,2,3,none,0,2232,5,0,,,0,0,0.0,0.0,US,android,SamsungS24,1523,0,5.1.1
M3M_50025,MS000112,2024-12-15T21:14:00Z,level_start,1,20,none,0,1027,2,0,,,0,0,0.0,0.0,US,android,SamsungS24,824,0,5.1.1
M3M_50025,MS000582,2024-12-15T21:18:00Z,decoration_placed,8,4,none,0,11568,0,0,furniture,DECO_7351,0,565,0.0,0.0,US,android,SamsungS24,981,0,5.1.1
M3M_50020,MS000355,2024-12-15T22:16:00Z,level_start,11,20,none,0,21571,4,0,,,0,0,0.0,0.0,BR,ios,iPhone13,1057,2,5.1.1
M3M_50051,MS000605,2024-12-16T08:06:00Z,level_failed,9,0,none,0,13410,0,0,,,0,0,0.0,0.0,JP,ios,iPhone13,422,0,5.1.1
M3M_50019,MS000543,2024-12-16T08:09:00Z,level_complete,6,5,none,0,9756,4,0,,,270,0,0.0,0.0,CA,ios,iPhone15Pro,2154,0,5.2.0
M3M_50050,MS000172,2024-12-16T08:11:00Z,ad_watched,5,6,bomb,1,6670,3,0,,,0,0,0.0,0.0102,BR,ios,iPhone15,1253,0,5.1.0
M3M_50050,MS000140,2024-12-16T08:14:00Z,level_start,1,20,rainbow,1,2285,0,0,,,0,0,0.0,0.0,BR,ios,iPhone15,558,0,5.1.0
M3M_50050,MS000698,2024-12-16T08:28:00Z,booster_used,17,12,none,0,17000,5,0,,,0,0,0.0,0.0,BR,ios,iPhone15,1040,0,5.1.0
M3M_50050,MS000441,2024-12-16T08:32:00Z,level_failed,11,0,none,0,12782,3,0,,,0,0,0.0,0.0,BR,ios,iPhone15,1444,0,5.1.0
M3M_50051,MS000120,2024-12-16T08:42:00Z,purchase,3,10,none,0,5112,4,0,,,0,0,0.0,0.0,JP,ios,iPhone13,1780,0,5.1.1
M3M_50039,MS000518,2024-12-16T08:59:00Z,level_failed,5,0,none,0,6515,1,0,,,0,0,0.0,0.0,UK,ios,iPhone15Pro,2103,0,5.1.0
M3M_50039,MS000384,2024-12-16T09:16:00Z,booster_used,2,14,extra_moves,1,3388,3,0,,,0,0,0.0,0.0,UK,ios,iPhone15Pro,234,0,5.1.0
M3M_50050,MS000623,2024-12-16T09:19:00Z,purchase,15,10,none,0,19980,5,0,,,0,0,0.99,0.0,BR,ios,iPhone15,2183,0,5.2.0
M3M_50050,MS000171,2024-12-16T09:39:00Z,decoration_placed,3,17,none,0,5727,3,0,furniture,DECO_3696,0,815,0.0,0.0,BR,ios,iPhone15,1935,0,5.1.0
M3M_50003,MS000443,2024-12-16T09:41:00Z,level_failed,3,0,none,0,4377,0,0,,,0,0,0.0,0.0,KR,ios,iPhone13,1383,1,5.1.0
M3M_50002,MS000686,2024-12-16T09:45:00Z,story_progress,5,12,none,0,5440,3,1,,,0,0,0.0,0.0,BR,android,SamsungS24,2027,1,5.1.0
M3M_50050,MS000360,2024-12-16T10:06:00Z,decoration_placed,9,9,none,0,13014,0,0,outdoor,DECO_3417,0,957,0.0,0.0,BR,ios,iPhone15,749,0,5.1.1
M3M_50039,MS000740,2024-12-16T10:50:00Z,level_complete,9,12,none,0,13509,0,0,,,326,0,0.0,0.0,UK,ios,iPhone15Pro,1058,0,5.1.0
M3M_50019,MS000192,2024-12-16T11:10:00Z,story_progress,3,3,none,0,5067,0,4,,,0,0,0.0,0.0,CA,ios,iPhone15Pro,1904,0,5.2.0
M3M_50051,MS000262,2024-12-16T11:23:00Z,story_progress,3,16,none,0,4917,0,4,,,0,0,0.0,0.0,JP,ios,iPhone13,1493,0,5.2.0
M3M_50039,MS000692,2024-12-16T11:48:00Z,story_progress,7,6,none,0,9569,2,3,,,0,0,0.0,0.0,UK,ios,iPhone15Pro,2394,0,5.1.0
M3M_50051,MS000397,2024-12-16T12:22:00Z,level_start,5,20,none,0,7330,3,0,,,0,0,0.0,0.0,JP,ios,iPhone13,1292,0,5.1.1
M3M_50050,MS000485,2024-12-16T12:33:00Z,decoration_placed,11,10,extra_moves,1,12625,5,0,garden,DECO_1787,0,532,0.0,0.0,BR,ios,iPhone15,1186,0,5.1.0
M3M_50002,MS000462,2024-12-16T12:43:00Z,level_failed,3,0,rainbow,2,5335,3,0,,,0,0,0.0,0.0,BR,android,SamsungS24,356,1,5.2.0
M3M_50050,MS000497,2024-12-16T13:03:00Z,level_start,13,20,none,0,20072,4,0,,,0,0,0.0,0.0,BR,ios,iPhone15,1886,0,5.1.0
M3M_50039,MS000414,2024-12-16T13:41:00Z,level_complete,4,9,none,0,6224,0,0,,,465,0,0.0,0.0,UK,ios,iPhone15Pro,598,0,5.2.0
M3M_50051,MS000675,2024-12-16T14:12:00Z,level_start,9,20,none,0,13446,3,0,,,0,0,0.0,0.0,JP,ios,iPhone13,791,0,5.1.1
M3M_50016,MS000242,2024-12-16T14:20:00Z,booster_used,5,14,none,0,5440,5,0,,,0,0,0.0,0.0,BR,ios,iPad,2117,5,5.2.0
M3M_50050,MS000634,2024-12-16T14:54:00Z,level_failed,17,0,none,0,32827,4,0,,,0,0,0.0,0.0,BR,ios,iPhone15,1490,0,5.1.1
M3M_50025,MS000655,2024-12-16T15:00:00Z,decoration_placed,9,17,bomb,2,14236,2,0,seasonal,DECO_4342,0,786,0.0,0.0,US,android,SamsungS24,1207,1,5.1.0
M3M_50016,MS000446,2024-12-16T15:10:00Z,purchase,12,6,none,0,13380,2,0,,,0,0,0.0,0.0,BR,ios,iPad,1826,5,5.2.0
M3M_50002,MS000416,2024-12-16T15:19:00Z,level_complete,3,5,none,0,3114,2,0,,,133,0,0.0,0.0,BR,android,SamsungS24,940,1,5.2.0
M3M_50039,MS000680,2024-12-16T17:16:00Z,level_failed,7,0,none,0,10668,0,0,,,0,0,0.0,0.0,UK,ios,iPhone15Pro,312,0,5.1.0
M3M_50009,MS000374,2024-12-16T17:23:00Z,level_complete,8,7,none,0,9040,4,0,,,198,0,0.0,0.0,AU,android,SamsungS23,947,0,5.1.0
M3M_50019,MS000411,2024-12-16T19:44:00Z,level_start,5,20,none,0,6825,1,0,,,0,0,0.0,0.0,CA,ios,iPhone15Pro,384,0,5.1.0
M3M_50051,MS000049,2024-12-16T21:04:00Z,booster_used,2,10,none,0,2110,2,0,,,0,0,0.0,0.0,JP,ios,iPhone13,1112,0,5.1.0
M3M_50016,MS000587,2024-12-16T21:07:00Z,booster_used,14,5,none,0,22820,4,0,,,0,0,0.0,0.0,BR,ios,iPad,315,5,5.2.0
M3M_50051,MS000466,2024-12-16T21:10:00Z,level_start,6,20,none,0,9588,1,0,,,0,0,0.0,0.0,JP,ios,iPhone13,1617,0,5.1.1
M3M_50039,MS000410,2024-12-16T21:29:00Z,level_complete,3,9,rainbow,2,4729,2,0,,,301,0,0.0,0.0,UK,ios,iPhone15Pro,1451,0,5.1.0
M3M_50002,MS000102,2024-12-16T21:35:00Z,story_progress,1,6,none,0,1847,2,1,,,0,0,0.0,0.0,BR,android,SamsungS24,2264,1,5.1.1
M3M_50016,MS000523,2024-12-16T21:48:00Z,level_start,12,20,none,0,16260,5,0,,,0,0,0.0,0.0,BR,ios,iPad,2196,5,5.2.0
M3M_50039,MS000664,2024-12-16T21:54:00Z,level_complete,7,9,none,0,10458,1,0,,,483,0,0.0,0.0,UK,ios,iPhone15Pro,320,0,5.1.1
M3M_50050,MS000164,2024-12-16T22:01:00Z,story_progress,1,5,none,0,1007,4,7,,,0,0,0.0,0.0,BR,ios,iPhone15,964,0,5.2.0
M3M_50019,MS000654,2024-12-16T22:24:00Z,level_start,7,20,none,0,8463,5,0,,,0,0,0.0,0.0,CA,ios,iPhone15Pro,319,0,5.1.1
M3M_50051,MS000533,2024-12-16T22:46:00Z,level_complete,7,11,none,0,11501,5,0,,,199,0,0.0,0.0,JP,ios,iPhone13,2261,0,5.1.0
M3M_50026,MS000744,2024-12-17T08:12:00Z,booster_used,15,3,extra_moves,2,23755,3,0,,,0,0,0.0,0.0,BR,ios,iPhone15Pro,1753,0,5.2.0
M3M_50026,MS000329,2024-12-17T08:46:00Z,booster_used,9,13,rainbow,1,10790,0,0,,,0,0,0.0,0.0,BR,ios,iPhone15Pro,1327,0,5.1.0
M3M_50026,MS000183,2024-12-17T08:49:00Z,purchase,6,14,none,0,8460,0,0,,,0,0,9.99,0.0,BR,ios,iPhone15Pro,2124,0,5.1.0
M3M_50026,MS000394,2024-12-17T09:20:00Z,level_complete,9,6,none,0,16884,4,0,,,418,0,0.0,0.0,BR,ios,iPhone15Pro,736,0,5.1.1
M3M_50050,MS000257,2024-12-17T10:02:00Z,story_progress,7,12,none,0,8960,3,7,,,0,0,0.0,0.0,BR,ios,iPhone15,1693,1,5.1.0
M3M_50035,MS000033,2024-12-17T10:59:00Z,story_progress,2,13,none,0,3024,1,6,,,0,0,0.0,0.0,AU,ios,iPhone14Pro,866,5,5.2.0
M3M_50051,MS000268,2024-12-17T11:06:00Z,purchase,3,8,none,0,4731,1,0,,,0,0,0.0,0.0,JP,ios,iPhone13,2115,1,5.1.0
M3M_50019,MS000451,2024-12-17T11:07:00Z,level_failed,6,0,none,0,9660,0,0,,,0,0,0.0,0.0,CA,ios,iPhone15Pro,1597,1,5.1.0
M3M_50026,MS000534,2024-12-17T13:19:00Z,purchase,9,7,none,0,16020,5,0,,,0,0,4.99,0.0,BR,ios,iPhone15Pro,1123,0,5.1.1
M3M_50026,MS000279,2024-12-17T15:39:00Z,level_failed,7,0,none,0,9807,0,0,,,0,0,0.0,0.0,BR,ios,iPhone15Pro,1925,0,5.1.1
M3M_50026,MS000043,2024-12-17T15:44:00Z,level_complete,2,9,extra_moves,2,5082,4,0,,,489,0,0.0,0.0,BR,ios,iPhone15Pro,710,0,5.1.0
M3M_50026,MS000658,2024-12-17T18:10:00Z,level_start,12,20,none,0,21252,3,0,,,0,0,0.0,0.0,BR,ios,iPhone15Pro,228,0,5.2.0
M3M_50026,MS000570,2024-12-17T18:54:00Z,level_failed,10,0,none,0,13710,0,0,,,0,0,0.0,0.0,BR,ios,iPhone15Pro,1534,0,5.1.1
M3M_50026,MS000723,2024-12-17T18:55:00Z,level_start,13,20,hammer,1,26748,5,0,,,0,0,0.0,0.0,BR,ios,iPhone15Pro,1331,0,5.1.0
M3M_50026,MS000019,2024-12-17T21:14:00Z,booster_used,2,11,none,0,2222,2,0,,,0,0,0.0,0.0,BR,ios,iPhone15Pro,821,0,5.1.0
M3M_50026,MS000009,2024-12-17T21:21:00Z,level_complete,2,3,none,0,2296,0,0,,,105,0,0.0,0.0,BR,ios,iPhone15Pro,1071,0,5.1.1
M3M_50002,MS000628,2024-12-17T21:56:00Z,booster_used,5,12,none,0,8115,0,0,,,0,0,0.0,0.0,BR,android,SamsungS24,511,2,5.1.1
M3M_50026,MS000349,2024-12-17T22:00:00Z,level_complete,9,9,hammer,2,16675,5,0,,,299,0,0.0,0.0,BR,ios,iPhone15Pro,853,0,5.1.0
M3M_50026,MS000645,2024-12-17T22:39:00Z,decoration_placed,12,9,none,0,20976,1,0,outdoor,DECO_4660,0,115,0.0,0.0,BR,ios,iPhone15Pro,2108,0,5.1.1
M3M_50026,MS000157,2024-12-17T22:49:00Z,level_failed,4,0,none,0,7684,5,0,,,0,0,0.0,0.0,BR,ios,iPhone15Pro,1280,0,5.1.0
M3M_50029,MS000591,2024-12-18T09:49:00Z,purchase,6,5,none,0,8310,0,0,,,0,0,2.99,0.0,CA,android,XiaomiRedmi,1491,0,5.1.0
M3M_50045,MS000093,2024-12-18T09:52:00Z,level_complete,6,9,none,0,9246,1,0,,,67,0,0.0,0.0,BR,ios,iPad,1988,0,5.2.0
M3M_50003,MS000011,2024-12-18T10:01:00Z,level_start,1,20,shuffle,2,3364,5,0,,,0,0,0.0,0.0,KR,ios,iPhone13,480,3,5.1.1
M3M_50029,MS000036,2024-12-18T11:35:00Z,purchase,2,12,none,0,3130,3,0,,,0,0,4.99,0.0,CA,android,XiaomiRedmi,779,0,5.1.0
M3M_50035,MS000201,2024-12-18T11:38:00Z,story_progress,4,9,none,0,7828,1,6,,,0,0,0.0,0.0,AU,ios,iPhone14Pro,1503,6,5.1.0
M3M_50026,MS000176,2024-12-18T14:05:00Z,level_start,6,20,extra_moves,2,8656,4,0,,,0,0,0.0,0.0,BR,ios,iPhone15Pro,2326,1,5.2.0
M3M_50045,MS000401,2024-12-18T15:15:00Z,level_start,10,20,none,0,14520,3,0,,,0,0,0.0,0.0,BR,ios,iPad,2336,0,5.1.0
M3M_50016,MS000579,2024-12-18T15:39:00Z,level_failed,14,0,none,0,15540,3,0,,,0,0,0.0,0.0,BR,ios,iPad,448,7,5.2.0
M3M_50026,MS000599,2024-12-18T15:48:00Z,level_start,10,20,none,0,10230,3,0,,,0,0,0.0,0.0,BR,ios,iPhone15Pro,2148,1,5.1.1
M3M_50076,MS000510,2024-12-18T16:11:00Z,level_complete,5,12,none,0,7950,5,0,,,143,0,0.0,0.0,UK,ios,iPhone14,648,1,5.1.0
M3M_50045,MS000363,2024-12-18T16:25:00Z,level_complete,8,2,none,0,11536,0,0,,,312,0,0.0,0.0,BR,ios,iPad,864,0,5.1.0
M3M_50029,MS000439,2024-12-18T16:32:00Z,level_complete,4,3,rainbow,2,7188,3,0,,,478,0,0.0,0.0,CA,android,XiaomiRedmi,524,0,5.1.0
M3M_50020,MS000701,2024-12-18T16:32:00Z,level_start,14,20,none,0,25592,0,0,,,0,0,0.0,0.0,BR,ios,iPhone13,1946,5,5.2.0
M3M_50003,MS000068,2024-12-18T17:21:00Z,level_start,1,20,rainbow,1,2222,5,0,,,0,0,0.0,0.0,KR,ios,iPhone13,1589,3,5.1.1
M3M_50003,MS000578,2024-12-18T20:27:00Z,booster_used,7,9,none,0,11641,2,0,,,0,0,0.0,0.0,KR,ios,iPhone13,1486,3,5.1.1
M3M_50029,MS000034,2024-12-18T21:57:00Z,level_failed,2,0,shuffle,1,3412,3,0,,,0,0,0.0,0.0,CA,android,XiaomiRedmi,1492,0,5.1.1
M3M_50045,MS000747,2024-12-18T22:12:00Z,level_start,16,20,none,0,19984,3,0,,,0,0,0.0,0.0,BR,ios,iPad,1907,0,5.1.1
M3M_50003,MS000460,2024-12-18T22:33:00Z,booster_used,4,11,none,0,6520,5,0,,,0,0,0.0,0.0,KR,ios,iPhone13,1847,3,5.1.1
M3M_50076,MS000688,2024-12-18T22:46:00Z,level_start,7,20,shuffle,2,11043,3,0,,,0,0,0.0,0.0,UK,ios,iPhone14,1210,1,5.1.1
M3M_50038,MS000476,2024-12-19T08:09:00Z,level_start,5,20,none,0,6775,3,0,,,0,0,0.0,0.0,US,ios,iPhone15,1126,0,5.1.1
M3M_50027,MS000337,2024-12-19T08:26:00Z,decoration_placed,9,3,none,0,16668,2,0,house,DECO_7876,0,861,0.0,0.0,DE,android,Pixel8,479,0,5.2.0
M3M_50036,MS000296,2024-12-19T08:49:00Z,purchase,5,7,none,0,7150,3,0,,,0,0,0.0,0.0,KR,android,XiaomiRedmi,1836,0,5.1.1
M3M_50009,MS000197,2024-12-19T10:01:00Z,booster_used,4,12,none,0,4280,3,0,,,0,0,0.0,0.0,AU,android,SamsungS23,2131,3,5.1.1
M3M_50020,MS000386,2024-12-19T10:30:00Z,level_complete,11,3,none,0,15532,3,0,,,280,0,0.0,0.0,BR,ios,iPhone13,1932,6,5.1.0
M3M_50034,MS000376,2024-12-19T10:39:00Z,ad_watched,9,3,none,0,15417,2,0,,,0,0,0.0,0.0021,US,android,Pixel8,886,2,5.2.0
M3M_50027,MS000595,2024-12-19T11:10:00Z,level_complete,16,5,none,0,18560,2,0,,,347,0,0.0,0.0,DE,android,Pixel8,661,0,5.2.0
M3M_50036,MS000553,2024-12-19T11:13:00Z,purchase,10,12,none,0,14500,3,0,,,0,0,0.0,0.0,KR,android,XiaomiRedmi,2082,0,5.2.0
M3M_50008,MS000743,2024-12-19T12:08:00Z,decoration_placed,14,13,none,0,26460,0,0,furniture,DECO_6209,0,181,0.0,0.0,IT,ios,iPhone15Pro,924,6,5.2.0
M3M_50003,MS000561,2024-12-19T12:18:00Z,level_failed,6,0,none,0,7302,3,0,,,0,0,0.0,0.0,KR,ios,iPhone13,269,4,5.1.1
M3M_50027,MS000693,2024-12-19T12:56:00Z,level_complete,18,7,none,0,25902,0,0,,,489,0,0.0,0.0,DE,android,Pixel8,1163,0,5.1.0
M3M_50027,MS000351,2024-12-19T13:16:00Z,level_complete,9,5,none,0,10692,2,0,,,66,0,0.0,0.0,DE,android,Pixel8,242,0,5.1.1
M3M_50027,MS000741,2024-12-19T13:41:00Z,level_start,19,20,none,0,23047,4,0,,,0,0,0.0,0.0,DE,android,Pixel8,2352,0,5.1.1
M3M_50027,MS000079,2024-12-19T13:53:00Z,level_complete,3,4,none,0,5646,4,0,,,76,0,0.0,0.0,DE,android,Pixel8,1677,0,5.1.1
M3M_50029,MS000274,2024-12-19T14:17:00Z,level_start,4,20,none,0,5392,2,0,,,0,0,0.0,0.0,CA,android,XiaomiRedmi,1216,1,5.1.1
M3M_50036,MS000513,2024-12-19T14:54:00Z,decoration_placed,7,12,none,0,10206,4,0,seasonal,DECO_9123,0,354,0.0,0.0,KR,android,XiaomiRedmi,1435,0,5.1.0
M3M_50036,MS000097,2024-12-19T15:01:00Z,level_start,3,20,none,0,4656,1,0,,,0,0,0.0,0.0,KR,android,XiaomiRedmi,2065,0,5.1.0
M3M_50027,MS000408,2024-12-19T15:51:00Z,booster_used,9,10,none,0,15156,2,0,,,0,0,0.0,0.0,DE,android,Pixel8,882,0,5.2.0
M3M_50027,MS000440,2024-12-19T16:37:00Z,decoration_placed,10,17,none,0,11140,3,0,furniture,DECO_1740,0,367,0.0,0.0,DE,android,Pixel8,2161,0,5.1.1
M3M_50029,MS000306,2024-12-19T17:14:00Z,booster_used,4,3,none,0,7864,1,0,,,0,0,0.0,0.0,CA,android,XiaomiRedmi,1650,1,5.2.0
M3M_50029,MS000379,2024-12-19T17:14:00Z,level_complete,4,7,none,0,7484,3,0,,,408,0,0.0,0.0,CA,android,XiaomiRedmi,214,1,5.2.0
M3M_50036,MS000661,2024-12-19T17:31:00Z,booster_used,10,16,none,0,10380,5,0,,,0,0,0.0,0.0,KR,android,XiaomiRedmi,412,0,5.2.0
M3M_50003,MS000569,2024-12-19T17:46:00Z,booster_used,6,14,none,0,6492,2,0,,,0,0,0.0,0.0,KR,ios,iPhone13,2350,4,5.2.0
M3M_50076,MS000239,2024-12-19T18:22:00Z,level_complete,2,11,none,0,3248,1,0,,,55,0,0.0,0.0,UK,ios,iPhone14,309,2,5.1.0
M3M_50045,MS000447,2024-12-19T18:52:00Z,booster_used,11,3,none,0,20669,4,0,,,0,0,0.0,0.0,BR,ios,iPad,257,1,5.1.1
M3M_50076,MS000338,2024-12-19T18:58:00Z,level_complete,5,3,none,0,8355,0,0,,,102,0,0.0,0.0,UK,ios,iPhone14,1504,2,5.1.1
M3M_50036,MS000537,2024-12-19T19:01:00Z,level_complete,9,11,none,0,17235,5,0,,,242,0,0.0,0.0,KR,android,XiaomiRedmi,2265,0,5.1.1
M3M_50038,MS000070,2024-12-19T19:05:00Z,level_complete,2,9,none,0,2496,4,0,,,156,0,0.0,0.0,US,ios,iPhone15,1119,0,5.2.0
M3M_50027,MS000186,2024-12-19T19:21:00Z,booster_used,7,14,none,0,11116,3,0,,,0,0,0.0,0.0,DE,android,Pixel8,808,0,5.1.1
M3M_50036,MS000321,2024-12-19T20:03:00Z,level_failed,5,0,none,0,6520,2,0,,,0,0,0.0,0.0,KR,android,XiaomiRedmi,2346,0,5.2.0
M3M_50027,MS000662,2024-12-19T20:05:00Z,level_start,18,20,none,0,34434,3,0,,,0,0,0.0,0.0,DE,android,Pixel8,1556,0,5.2.0
M3M_50029,MS000030,2024-12-19T20:14:00Z,story_progress,2,4,bomb,1,3486,1,5,,,0,0,0.0,0.0,CA,android,XiaomiRedmi,1659,1,5.1.1
M3M_50036,MS000191,2024-12-19T21:03:00Z,level_start,3,20,none,0,4044,2,0,,,0,0,0.0,0.0,KR,android,XiaomiRedmi,2378,0,5.2.0
M3M_50027,MS000475,2024-12-19T21:45:00Z,level_start,12,20,none,0,20244,2,0,,,0,0,0.0,0.0,DE,android,Pixel8,1741,0,5.1.0
M3M_50027,MS000207,2024-12-19T21:47:00Z,booster_used,9,7,none,0,9963,0,0,,,0,0,0.0,0.0,DE,android,Pixel8,1227,0,5.1.1
M3M_50003,MS000287,2024-12-19T21:56:00Z,decoration_placed,3,5,none,0,4488,5,0,garden,DECO_1478,0,982,0.0,0.0,KR,ios,iPhone13,2035,4,5.1.0
M3M_50010,MS000436,2024-12-20T08:09:00Z,level_start,7,20,none,0,8750,4,0,,,0,0,0.0,0.0,FR,android,SamsungS24,1947,0,5.1.1
M3M_50038,MS000283,2024-12-20T08:33:00Z,level_complete,3,6,none,0,4443,1,0,,,350,0,0.0,0.0,US,ios,iPhone15,893,1,5.2.0
M3M_50002,MS000493,2024-12-20T09:29:00Z,level_failed,3,0,none,0,5994,4,0,,,0,0,0.0,0.0,BR,android,SamsungS24,854,5,5.2.0
M3M_50010,MS000663,2024-12-20T09:32:00Z,purchase,9,14,none,0,13248,0,0,,,0,0,0.0,0.0,FR,android,SamsungS24,2173,0,5.1.1
M3M_50045,MS000746,2024-12-20T09:52:00Z,booster_used,14,3,none,0,25746,2,0,,,0,0,0.0,0.0,BR,ios,iPad,2009,2,5.1.0
M3M_50010,MS000061,2024-12-20T10:34:00Z,level_failed,2,0,none,0,2556,5,0,,,0,0,0.0,0.0,FR,android,SamsungS24,1167,0,5.2.0
M3M_50038,MS000378,2024-12-20T11:09:00Z,purchase,3,12,none,0,5403,2,0,,,0,0,0.0,0.0,US,ios,iPhone15,397,1,5.1.1
M3M_50010,MS000138,2024-12-20T11:35:00Z,level_start,4,20,none,0,4916,1,0,,,0,0,0.0,0.0,FR,android,SamsungS24,296,0,5.1.0
M3M_50010,MS000560,2024-12-20T11:46:00Z,ad_watched,8,6,none,0,8648,2,0,,,0,0,0.0,0.0164,FR,android,SamsungS24,1441,0,5.1.1
M3M_50010,MS000728,2024-12-20T14:54:00Z,level_failed,11,0,none,0,20647,5,0,,,0,0,0.0,0.0,FR,android,SamsungS24,1111,0,5.1.0
M3M_50010,MS000367,2024-12-20T17:25:00Z,level_start,6,20,none,0,7296,4,0,,,0,0,0.0,0.0,FR,android,SamsungS24,404,0,5.1.1
M3M_50027,MS000169,2024-12-20T17:29:00Z,decoration_placed,5,13,none,0,8690,4,0,house,DECO_2471,0,135,0.0,0.0,DE,android,Pixel8,720,1,5.1.0
M3M_50030,MS000496,2024-12-20T18:18:00Z,story_progress,7,3,none,0,11613,3,6,,,0,0,0.0,0.0,US,android,XiaomiRedmi,2067,0,5.1.0
M3M_50010,MS000105,2024-12-20T18:55:00Z,booster_used,3,5,none,0,3384,5,0,,,0,0,0.0,0.0,FR,android,SamsungS24,1350,0,5.2.0
M3M_50045,MS000469,2024-12-20T19:48:00Z,level_complete,13,8,none,0,16965,5,0,,,303,0,0.0,0.0,BR,ios,iPad,2002,2,5.2.0
M3M_50027,MS000479,2024-12-20T19:50:00Z,level_failed,14,0,none,0,15302,5,0,,,0,0,0.0,0.0,DE,android,Pixel8,339,1,5.2.0
M3M_50009,MS000601,2024-12-20T19:52:00Z,level_complete,9,9,hammer,1,14543,0,0,,,227,0,0.0,0.0,AU,android,SamsungS23,629,4,5.1.0
M3M_50010,MS000211,2024-12-20T22:19:00Z,level_complete,6,9,none,0,9210,0,0,,,179,0,0.0,0.0,FR,android,SamsungS24,556,0,5.1.0
M3M_50009,MS000035,2024-12-20T22:50:00Z,purchase,3,5,rainbow,1,5414,5,0,,,0,0,0.99,0.0,AU,android,SamsungS23,2266,4,5.1.1
M3M_50038,MS000704,2024-12-21T08:02:00Z,level_failed,6,0,none,0,8724,5,0,,,0,0,0.0,0.0,US,ios,iPhone15,982,2,5.1.0
M3M_50074,MS000123,2024-12-21T08:09:00Z,decoration_placed,3,15,none,0,5940,0,0,outdoor,DECO_9464,0,239,0.0,0.0,KR,ios,iPhone15Pro,1136,0,5.2.0
M3M_50040,MS000717,2024-12-21T09:37:00Z,booster_used,11,14,none,0,14069,3,0,,,0,0,0.0,0.0,CA,ios,iPhone14Pro,981,0,5.1.1
M3M_50077,MS000481,2024-12-21T10:23:00Z,level_start,8,20,none,0,10168,3,0,,,0,0,0.0,0.0,CA,android,Pixel8,768,0,5.1.1
M3M_50063,MS000606,2024-12-21T10:36:00Z,decoration_placed,7,6,hammer,1,9543,1,0,house,DECO_4986,0,516,0.0,0.0,US,ios,iPad,424,1,5.1.0
M3M_50040,MS000689,2024-12-21T12:36:00Z,level_failed,9,0,none,0,15732,1,0,,,0,0,0.0,0.0,CA,ios,iPhone14Pro,477,0,5.2.0
M3M_50040,MS000155,2024-12-21T13:39:00Z,level_complete,2,3,none,0,3810,0,0,,,438,0,0.0,0.0,CA,ios,iPhone14Pro,1764,0,5.2.0
M3M_50040,MS000006,2024-12-21T13:58:00Z,level_failed,1,0,none,0,1238,3,0,,,0,0,0.0,0.0,CA,ios,iPhone14Pro,922,0,5.1.0
M3M_50074,MS000659,2024-12-21T14:27:00Z,story_progress,7,7,none,0,12803,5,1,,,0,0,0.0,0.0,KR,ios,iPhone15Pro,308,0,5.2.0
M3M_50040,MS000545,2024-12-21T14:40:00Z,ad_watched,6,11,none,0,11160,0,0,,,0,0,0.0,0.015,CA,ios,iPhone14Pro,2313,0,5.1.1
M3M_50073,MS000484,2024-12-21T14:45:00Z,level_complete,6,2,shuffle,2,11968,0,0,,,156,0,0.0,0.0,ES,ios,iPhone14,2231,6,5.1.1
M3M_50015,MS000528,2024-12-21T15:12:00Z,decoration_placed,6,14,none,0,8160,0,0,furniture,DECO_6905,0,175,0.0,0.0,US,android,SamsungS23,942,0,5.1.0
M3M_50040,MS000520,2024-12-21T15:19:00Z,level_failed,5,0,none,0,8885,1,0,,,0,0,0.0,0.0,CA,ios,iPhone14Pro,1170,0,5.2.0
M3M_50045,MS000111,2024-12-21T15:20:00Z,booster_used,7,13,none,0,13776,5,0,,,0,0,0.0,0.0,BR,ios,iPad,587,3,5.2.0
M3M_50063,MS000088,2024-12-21T15:40:00Z,story_progress,3,3,none,0,3564,0,3,,,0,0,0.0,0.0,US,ios,iPad,1429,1,5.1.1
M3M_50074,MS000270,2024-12-21T16:14:00Z,booster_used,3,17,none,0,3234,5,0,,,0,0,0.0,0.0,KR,ios,iPhone15Pro,625,0,5.2.0
M3M_50020,MS000547,2024-12-21T16:16:00Z,level_failed,14,0,none,0,19096,0,0,,,0,0,0.0,0.0,BR,ios,iPhone13,839,8,5.1.0
M3M_50073,MS000656,2024-12-21T17:16:00Z,level_complete,8,4,none,0,12288,0,0,,,307,0,0.0,0.0,ES,ios,iPhone14,886,6,5.2.0
M3M_50022,MS000370,2024-12-21T17:26:00Z,level_complete,8,1,none,0,13960,3,0,,,325,0,0.0,0.0,US,ios,iPhone14Pro,1220,1,5.1.0
M3M_50002,MS000705,2024-12-21T17:28:00Z,level_start,7,20,none,0,7056,2,0,,,0,0,0.0,0.0,BR,android,SamsungS24,189,6,5.1.0
M3M_50034,MS000719,2024-12-21T18:37:00Z,story_progress,13,18,none,0,16770,1,1,,,0,0,0.0,0.0,US,android,Pixel8,2366,4,5.1.1
M3M_50077,MS000712,2024-12-21T18:39:00Z,level_failed,9,0,none,0,15003,0,0,,,0,0,0.0,0.0,CA,android,Pixel8,724,0,5.1.0
M3M_50034,MS000180,2024-12-21T18:59:00Z,level_complete,3,8,rainbow,2,6871,1,0,,,143,0,0.0,0.0,US,android,Pixel8,1192,4,5.1.0
M3M_50040,MS000626,2024-12-21T19:06:00Z,level_start,8,20,none,0,11424,1,0,,,0,0,0.0,0.0,CA,ios,iPhone14Pro,1608,0,5.1.1
M3M_50074,MS000354,2024-12-21T20:43:00Z,level_start,5,20,none,0,8125,0,0,,,0,0,0.0,0.0,KR,ios,iPhone15Pro,1424,0,5.1.0
M3M_50074,MS000669,2024-12-21T20:57:00Z,level_start,8,20,none,0,8520,1,0,,,0,0,0.0,0.0,KR,ios,iPhone15Pro,1763,0,5.1.1
M3M_50040,MS000298,2024-12-21T21:36:00Z,level_complete,4,3,none,0,6520,5,0,,,411,0,0.0,0.0,CA,ios,iPhone14Pro,1212,0,5.2.0
M3M_50074,MS000200,2024-12-21T21:42:00Z,level_start,3,20,none,0,3678,3,0,,,0,0,0.0,0.0,KR,ios,iPhone15Pro,705,0,5.2.0
M3M_50077,MS000319,2024-12-21T22:05:00Z,level_failed,5,0,none,0,9725,5,0,,,0,0,0.0,0.0,CA,android,Pixel8,1966,0,5.1.0
M3M_50004,MS000107,2024-12-22T08:01:00Z,decoration_placed,4,5,none,0,7816,0,0,house,DECO_3856,0,312,0.0,0.0,US,android,XiaomiRedmi,329,0,5.2.0
M3M_50056,MS000684,2024-12-22T08:29:00Z,ad_watched,12,13,none,0,15984,4,0,,,0,0,0.0,0.0167,US,ios,iPhone15,1243,0,5.1.0
M3M_50056,MS000515,2024-12-22T10:12:00Z,level_start,8,20,none,0,8864,2,0,,,0,0,0.0,0.0,US,ios,iPhone15,769,0,5.1.1
M3M_50011,MS000297,2024-12-22T10:23:00Z,decoration_placed,4,8,none,0,5372,4,0,furniture,DECO_7702,0,876,0.0,0.0,US,ios,iPhone14,1571,0,5.1.1
M3M_50056,MS000352,2024-12-22T10:47:00Z,level_complete,6,6,none,0,11910,3,0,,,339,0,0.0,0.0,US,ios,iPhone15,527,0,5.2.0
M3M_50011,MS000725,2024-12-22T11:03:00Z,booster_used,8,15,none,0,10728,5,0,,,0,0,0.0,0.0,US,ios,iPhone14,634,0,5.1.0
M3M_50011,MS000449,2024-12-22T11:04:00Z,level_failed,7,0,none,0,10997,4,0,,,0,0,0.0,0.0,US,ios,iPhone14,298,0,5.2.0
M3M_50011,MS000285,2024-12-22T12:06:00Z,level_complete,3,2,none,0,3708,1,0,,,324,0,0.0,0.0,US,ios,iPhone14,2066,0,5.1.1
M3M_50004,MS000616,2024-12-22T12:17:00Z,ad_watched,8,7,none,0,11840,3,0,,,0,0,0.0,0.0169,US,android,XiaomiRedmi,465,0,5.2.0
M3M_50034,MS000435,2024-12-22T12:20:00Z,level_start,10,20,none,0,17330,3,0,,,0,0,0.0,0.0,US,android,Pixel8,1075,5,5.2.0
M3M_50076,MS000092,2024-12-22T12:54:00Z,decoration_placed,2,5,none,0,3512,2,0,furniture,DECO_6417,0,397,0.0,0.0,UK,ios,iPhone14,255,5,5.2.0
M3M_50056,MS000390,2024-12-22T13:07:00Z,ad_watched,7,8,none,0,11921,2,0,,,0,0,0.0,0.0079,US,ios,iPhone15,1315,0,5.2.0
M3M_50040,MS000254,2024-12-22T13:32:00Z,decoration_placed,3,11,none,0,6000,4,0,furniture,DECO_1687,0,617,0.0,0.0,CA,ios,iPhone14Pro,1992,1,5.1.0
M3M_50009,MS000549,2024-12-22T13:34:00Z,level_complete,9,5,none,0,10413,5,0,,,131,0,0.0,0.0,AU,android,SamsungS23,2123,6,5.1.0
M3M_50074,MS000729,2024-12-22T13:50:00Z,level_complete,9,4,none,0,16461,5,0,,,142,0,0.0,0.0,KR,ios,iPhone15Pro,1668,1,5.1.0
M3M_50004,MS000173,2024-12-22T14:15:00Z,level_failed,5,0,none,0,9490,3,0,,,0,0,0.0,0.0,US,android,XiaomiRedmi,503,0,5.1.1
M3M_50011,MS000314,2024-12-22T14:17:00Z,story_progress,6,11,shuffle,1,10190,2,9,,,0,0,0.0,0.0,US,ios,iPhone14,1433,0,5.1.1
M3M_50056,MS000144,2024-12-22T14:44:00Z,story_progress,3,15,none,0,3588,4,10,,,0,0,0.0,0.0,US,ios,iPhone15,2321,0,5.1.1
M3M_50004,MS000392,2024-12-22T14:55:00Z,level_start,6,20,none,0,11532,4,0,,,0,0,0.0,0.0,US,android,XiaomiRedmi,1961,0,5.2.0
M3M_50004,MS000336,2024-12-22T15:39:00Z,level_complete,5,7,none,0,9855,3,0,,,360,0,0.0,0.0,US,android,XiaomiRedmi,2287,0,5.1.1
M3M_50077,MS000465,2024-12-22T17:07:00Z,level_failed,8,0,none,0,14976,0,0,,,0,0,0.0,0.0,CA,android,Pixel8,462,1,5.1.0
M3M_50063,MS000188,2024-12-22T17:49:00Z,level_complete,4,2,none,0,7320,2,0,,,377,0,0.0,0.0,US,ios,iPad,1928,2,5.2.0
M3M_50077,MS000051,2024-12-22T17:52:00Z,booster_used,2,13,none,0,2926,2,0,,,0,0,0.0,0.0,CA,android,Pixel8,392,1,5.1.1
M3M_50015,MS000231,2024-12-22T17:53:00Z,level_complete,4,2,none,0,5968,3,0,,,298,0,0.0,0.0,US,android,SamsungS23,2317,1,5.2.0
M3M_50015,MS000045,2024-12-22T18:28:00Z,decoration_placed,3,13,none,0,4269,2,0,house,DECO_7068,0,194,0.0,0.0,US,android,SamsungS23,1117,1,5.1.0
M3M_50056,MS000555,2024-12-22T18:38:00Z,level_start,10,20,none,0,13730,1,0,,,0,0,0.0,0.0,US,ios,iPhone15,1530,0,5.1.0
M3M_50056,MS000247,2024-12-22T18:39:00Z,level_start,3,20,none,0,4311,3,0,,,0,0,0.0,0.0,US,ios,iPhone15,2387,0,5.2.0
M3M_50022,MS000260,2024-12-22T18:47:00Z,level_complete,7,3,none,0,10486,2,0,,,259,0,0.0,0.0,US,ios,iPhone14Pro,1027,2,5.1.0
M3M_50056,MS000702,2024-12-22T18:59:00Z,booster_used,14,14,none,0,19712,4,0,,,0,0,0.0,0.0,US,ios,iPhone15,720,0,5.1.0
M3M_50022,MS000748,2024-12-22T20:02:00Z,level_complete,8,7,none,0,9080,1,0,,,161,0,0.0,0.0,US,ios,iPhone14Pro,1622,2,5.1.1
M3M_50004,MS000091,2024-12-22T20:05:00Z,level_start,2,20,none,0,3690,4,0,,,0,0,0.0,0.0,US,android,XiaomiRedmi,743,0,5.1.0
M3M_50069,MS000202,2024-12-22T21:13:00Z,level_start,8,20,none,0,10696,5,0,,,0,0,0.0,0.0,US,ios,iPhone14,704,5,5.1.0
M3M_50056,MS000322,2024-12-22T21:18:00Z,purchase,5,9,none,0,8420,2,0,,,0,0,0.99,0.0,US,ios,iPhone15,2197,0,5.1.1
M3M_50035,MS000264,2024-12-23T08:06:00Z,level_start,5,20,none,0,5750,1,0,,,0,0,0.0,0.0,AU,ios,iPhone14Pro,715,11,5.2.0
M3M_50072,MS000320,2024-12-23T09:16:00Z,booster_used,3,17,none,0,3630,4,0,,,0,0,0.0,0.0,CA,ios,iPad,2128,0,5.1.0
M3M_50069,MS000577,2024-12-23T09:33:00Z,story_progress,15,10,none,0,27375,5,2,,,0,0,0.0,0.0,US,ios,iPhone14,1775,6,5.2.0
M3M_50022,MS000494,2024-12-23T10:04:00Z,level_start,8,20,none,0,10816,0,0,,,0,0,0.0,0.0,US,ios,iPhone14Pro,412,3,5.1.0
M3M_50056,MS000060,2024-12-23T10:30:00Z,level_complete,1,10,bomb,2,3470,2,0,,,161,0,0.0,0.0,US,ios,iPhone15,1966,1,5.1.0
M3M_50011,MS000209,2024-12-23T10:34:00Z,level_start,3,20,hammer,2,7558,3,0,,,0,0,0.0,0.0,US,ios,iPhone14,470,1,5.1.1
M3M_50076,MS000313,2024-12-23T10:41:00Z,ad_watched,3,8,none,0,5955,2,0,,,0,0,0.0,0.0065,UK,ios,iPhone14,377,6,5.2.0
M3M_50077,MS000442,2024-12-23T11:15:00Z,booster_used,8,4,none,0,13168,1,0,,,0,0,0.0,0.0,CA,android,Pixel8,290,2,5.2.0
M3M_50022,MS000603,2024-12-23T11:27:00Z,booster_used,8,4,none,0,12248,5,0,,,0,0,0.0,0.0,US,ios,iPhone14Pro,717,3,5.2.0
M3M_50045,MS000005,2024-12-23T11:28:00Z,level_start,2,20,none,0,2392,2,0,,,0,0,0.0,0.0,BR,ios,iPad,566,5,5.1.0
M3M_50014,MS000750,2024-12-23T11:56:00Z,level_complete,8,9,none,0,9864,3,0,,,201,0,0.0,0.0,ES,ios,iPhone14Pro,1916,0,5.2.0
M3M_50014,MS000544,2024-12-23T13:14:00Z,booster_used,6,14,none,0,8712,2,0,,,0,0,0.0,0.0,ES,ios,iPhone14Pro,275,0,5.2.0
M3M_50072,MS000344,2024-12-23T14:36:00Z,story_progress,4,18,none,0,7120,2,2,,,0,0,0.0,0.0,CA,ios,iPad,926,0,5.1.0
M3M_50014,MS000640,2024-12-23T14:38:00Z,decoration_placed,6,11,none,0,7650,3,0,garden,DECO_4911,0,759,0.0,0.0,ES,ios,iPhone14Pro,1663,0,5.1.1
M3M_50077,MS000238,2024-12-23T14:49:00Z,ad_watched,5,7,hammer,1,9415,4,0,,,0,0,0.0,0.0093,CA,android,Pixel8,374,2,5.1.0
M3M_50038,MS000572,2024-12-23T14:57:00Z,ad_watched,5,3,none,0,5815,3,0,,,0,0,0.0,0.0176,US,ios,iPhone15,485,4,5.1.0
M3M_50014,MS000266,2024-12-23T15:13:00Z,decoration_placed,4,17,rainbow,1,4832,4,0,house,DECO_1547,0,169,0.0,0.0,ES,ios,iPhone14Pro,1129,0,5.2.0
M3M_50014,MS000023,2024-12-23T17:28:00Z,level_complete,2,3,none,0,2774,1,0,,,416,0,0.0,0.0,ES,ios,iPhone14Pro,637,0,5.1.0
M3M_50038,MS000457,2024-12-23T17:37:00Z,level_start,5,20,none,0,5775,2,0,,,0,0,0.0,0.0,US,ios,iPhone15,2056,4,5.2.0
M3M_50038,MS000412,2024-12-23T18:08:00Z,level_failed,5,0,none,0,9015,1,0,,,0,0,0.0,0.0,US,ios,iPhone15,295,4,5.2.0
M3M_50014,MS000196,2024-12-23T18:31:00Z,decoration_placed,3,8,none,0,5589,4,0,outdoor,DECO_7471,0,780,0.0,0.0,ES,ios,iPhone14Pro,441,0,5.1.1
M3M_50022,MS000235,2024-12-23T20:58:00Z,level_complete,5,2,none,0,6995,1,0,,,455,0,0.0,0.0,US,ios,iPhone14Pro,828,3,5.2.0
M3M_50004,MS000531,2024-12-23T22:07:00Z,level_start,8,20,none,0,13432,0,0,,,0,0,0.0,0.0,US,android,XiaomiRedmi,1378,1,5.2.0
M3M_50014,MS000237,2024-12-23T22:10:00Z,level_start,4,20,none,0,4104,0,0,,,0,0,0.0,0.0,ES,ios,iPhone14Pro,1960,0,5.1.1
M3M_50045,MS000276,2024-12-23T22:46:00Z,booster_used,7,4,none,0,8897,4,0,,,0,0,0.0,0.0,BR,ios,iPad,1567,5,5.1.0
M3M_50065,MS000721,2024-12-24T08:30:00Z,story_progress,15,11,none,0,18075,2,1,,,0,0,0.0,0.0,KR,android,SamsungS23,1422,0,5.1.0
M3M_50037,MS000130,2024-12-24T08:33:00Z,story_progress,4,4,shuffle,1,7032,4,9,,,0,0,0.0,0.0,UK,android,OnePlus12,1034,0,5.2.0
M3M_50009,MS000248,2024-12-24T08:56:00Z,level_failed,6,0,none,0,7200,1,0,,,0,0,0.0,0.0,AU,android,SamsungS23,1784,8,5.1.1
M3M_50037,MS000278,2024-12-24T09:21:00Z,level_start,5,20,hammer,2,6605,2,0,,,0,0,0.0,0.0,UK,android,OnePlus12,841,0,5.1.0
M3M_50037,MS000695,2024-12-24T09:41:00Z,decoration_placed,10,17,none,0,10640,1,0,outdoor,DECO_4713,0,897,0.0,0.0,UK,android,OnePlus12,232,0,5.2.0
M3M_50037,MS000429,2024-12-24T09:48:00Z,level_complete,7,5,none,0,9135,0,0,,,118,0,0.0,0.0,UK,android,OnePlus12,2178,0,5.1.0
M3M_50037,MS000058,2024-12-24T10:22:00Z,level_complete,3,10,none,0,4185,0,0,,,58,0,0.0,0.0,UK,android,OnePlus12,1182,0,5.1.0
M3M_50065,MS000488,2024-12-24T10:26:00Z,level_start,6,20,none,0,7818,1,0,,,0,0,0.0,0.0,KR,android,SamsungS23,1917,0,5.1.1
M3M_50015,MS000267,2024-12-24T12:15:00Z,level_complete,6,1,extra_moves,1,10154,0,0,,,97,0,0.0,0.0,US,android,SamsungS23,247,3,5.2.0
M3M_50065,MS000563,2024-12-24T12:26:00Z,ad_watched,11,6,hammer,2,17517,3,0,,,0,0,0.0,0.0112,KR,android,SamsungS23,2271,0,5.2.0
M3M_50065,MS000489,2024-12-24T12:40:00Z,level_complete,8,12,none,0,10872,2,0,,,114,0,0.0,0.0,KR,android,SamsungS23,1638,0,5.1.0
M3M_50065,MS000502,2024-12-24T13:20:00Z,level_complete,10,5,none,0,10770,0,0,,,174,0,0.0,0.0,KR,android,SamsungS23,513,0,5.1.1
M3M_50065,MS000175,2024-12-24T13:41:00Z,level_start,2,20,none,0,2964,2,0,,,0,0,0.0,0.0,KR,android,SamsungS23,262,0,5.2.0
M3M_50037,MS000519,2024-12-24T14:16:00Z,purchase,9,13,none,0,10836,0,0,,,0,0,4.99,0.0,UK,android,OnePlus12,1327,0,5.2.0
M3M_50076,MS000199,2024-12-24T14:23:00Z,decoration_placed,2,18,none,0,2530,0,0,garden,DECO_5263,0,657,0.0,0.0,UK,ios,iPhone14,379,7,5.2.0
M3M_50065,MS000377,2024-12-24T14:26:00Z,booster_used,5,16,none,0,5170,0,0,,,0,0,0.0,0.0,KR,android,SamsungS23,2098,0,5.1.1
M3M_50065,MS000611,2024-12-24T15:20:00Z,level_failed,14,0,none,0,22274,2,0,,,0,0,0.0,0.0,KR,android,SamsungS23,1069,0,5.1.1
M3M_50065,MS000345,2024-12-24T15:40:00Z,level_start,4,20,none,0,5820,4,0,,,0,0,0.0,0.0,KR,android,SamsungS23,1508,0,5.2.0
M3M_50037,MS000158,2024-12-24T16:05:00Z,level_complete,4,7,none,0,7040,3,0,,,157,0,0.0,0.0,UK,android,OnePlus12,1050,0,5.1.1
M3M_50037,MS000406,2024-12-24T16:34:00Z,decoration_placed,7,15,none,0,8981,3,0,seasonal,DECO_8966,0,762,0.0,0.0,UK,android,OnePlus12,1760,0,5.1.1
M3M_50014,MS000716,2024-12-24T16:39:00Z,level_complete,6,5,none,0,7464,3,0,,,276,0,0.0,0.0,ES,ios,iPhone14Pro,184,1,5.2.0
M3M_50045,MS000018,2024-12-24T16:55:00Z,level_failed,4,0,none,0,6460,3,0,,,0,0,0.0,0.0,BR,ios,iPad,1884,6,5.1.0
M3M_50065,MS000220,2024-12-24T16:55:00Z,level_failed,3,0,none,0,5460,5,0,,,0,0,0.0,0.0,KR,android,SamsungS23,1846,0,5.1.1
M3M_50065,MS000564,2024-12-24T17:29:00Z,level_start,12,20,rainbow,1,13928,4,0,,,0,0,0.0,0.0,KR,android,SamsungS23,2100,0,5.1.1
M3M_50037,MS000396,2024-12-24T18:12:00Z,booster_used,5,8,hammer,1,10570,4,0,,,0,0,0.0,0.0,UK,android,OnePlus12,1968,0,5.1.1
M3M_50072,MS000204,2024-12-24T18:27:00Z,level_failed,2,0,none,0,3844,3,0,,,0,0,0.0,0.0,CA,ios,iPad,648,1,5.2.0
M3M_50065,MS000670,2024-12-24T18:45:00Z,level_complete,14,2,none,0,24822,5,0,,,150,0,0.0,0.0,KR,android,SamsungS23,1741,0,5.1.1
M3M_50065,MS000568,2024-12-24T20:05:00Z,level_complete,12,2,none,0,15828,3,0,,,261,0,0.0,0.0,KR,android,SamsungS23,2155,0,5.1.1
M3M_50037,MS000078,2024-12-24T20:09:00Z,level_failed,3,0,none,0,3462,2,0,,,0,0,0.0,0.0,UK,android,OnePlus12,485,0,5.1.0
M3M_50077,MS000426,2024-12-24T22:49:00Z,level_failed,7,0,none,0,11459,0,0,,,0,0,0.0,0.0,CA,android,Pixel8,328,3,5.2.0
M3M_50022,MS000241,2024-12-25T08:17:00Z,level_complete,7,9,none,0,12376,5,0,,,172,0,0.0,0.0,US,ios,iPhone14Pro,1404,5,5.2.0
M3M_50077,MS000150,2024-12-25T10:04:00Z,booster_used,4,4,none,0,6336,3,0,,,0,0,0.0,0.0,CA,android,Pixel8,917,4,5.1.1
M3M_50065,MS000530,2024-12-25T10:05:00Z,story_progress,11,10,hammer,1,20468,5,1,,,0,0,0.0,0.0,KR,android,SamsungS23,870,1,5.2.0
M3M_50070,MS000613,2024-12-25T12:11:00Z,story_progress,5,4,none,0,8715,2,2,,,0,0,0.0,0.0,KR,android,SamsungS23,361,1,5.1.0
M3M_50008,MS000014,2024-12-25T15:04:00Z,booster_used,2,15,none,0,3756,4,0,,,0,0,0.0,0.0,IT,ios,iPhone15Pro,1789,12,5.1.1
M3M_50008,MS000672,2024-12-25T16:13:00Z,story_progress,11,8,bomb,2,15900,3,5,,,0,0,0.0,0.0,IT,ios,iPhone15Pro,1892,12,5.2.0
M3M_50022,MS000048,2024-12-25T16:21:00Z,level_complete,4,1,none,0,6348,0,0,,,55,0,0.0,0.0,US,ios,iPhone14Pro,1137,5,5.1.0
M3M_50028,MS000139,2024-12-25T17:50:00Z,level_start,4,20,rainbow,2,7368,2,0,,,0,0,0.0,0.0,DE,ios,iPhone14,457,7,5.1.0
M3M_50034,MS000330,2024-12-25T18:05:00Z,story_progress,8,15,none,0,12928,3,1,,,0,0,0.0,0.0,US,android,Pixel8,1957,8,5.2.0
M3M_50022,MS000031,2024-12-25T18:40:00Z,booster_used,2,18,none,0,3018,2,0,,,0,0,0.0,0.0,US,ios,iPhone14Pro,1900,5,5.1.1
M3M_50030,MS000373,2024-12-25T19:14:00Z,level_complete,6,2,none,0,9930,5,0,,,107,0,0.0,0.0,US,android,XiaomiRedmi,1615,5,5.1.0
M3M_50079,MS000700,2024-12-26T08:23:00Z,purchase,11,9,extra_moves,2,21114,1,0,,,0,0,0.0,0.0,FR,ios,iPhone14Pro,184,0,5.1.1
M3M_50057,MS000516,2024-12-26T08:34:00Z,level_complete,11,10,none,0,12199,3,0,,,390,0,0.0,0.0,BR,ios,iPhone15,1970,0,5.1.1
M3M_50071,MS000243,2024-12-26T09:02:00Z,level_failed,6,0,none,0,10242,1,0,,,0,0,0.0,0.0,CA,ios,iPhone13,987,0,5.2.0
M3M_50071,MS000141,2024-12-26T09:40:00Z,level_complete,6,10,none,0,7674,4,0,,,165,0,0.0,0.0,CA,ios,iPhone13,790,0,5.1.1
M3M_50071,MS000305,2024-12-26T10:03:00Z,booster_used,8,13,shuffle,1,14144,2,0,,,0,0,0.0,0.0,CA,ios,iPhone13,1390,0,5.2.0
M3M_50079,MS000177,2024-12-26T10:09:00Z,level_failed,6,0,none,0,11046,3,0,,,0,0,0.0,0.0,FR,ios,iPhone14Pro,1044,0,5.2.0
M3M_50079,MS000324,2024-12-26T10:22:00Z,level_complete,8,11,none,0,15776,4,0,,,87,0,0.0,0.0,FR,ios,iPhone14Pro,1465,0,5.1.1
M3M_50072,MS000504,2024-12-26T10:57:00Z,booster_used,7,10,none,0,10948,5,0,,,0,0,0.0,0.0,CA,ios,iPad,2063,3,5.2.0
M3M_50071,MS000004,2024-12-26T11:14:00Z,level_failed,1,0,none,0,1901,3,0,,,0,0,0.0,0.0,CA,ios,iPhone13,1323,0,5.1.0
M3M_50022,MS000003,2024-12-26T11:20:00Z,level_start,1,20,none,0,1046,3,0,,,0,0,0.0,0.0,US,ios,iPhone14Pro,751,6,5.1.1
M3M_50057,MS000517,2024-12-26T11:32:00Z,ad_watched,12,6,extra_moves,1,22616,4,0,,,0,0,0.0,0.0106,BR,ios,iPhone15,1923,0,5.1.1
M3M_50022,MS000281,2024-12-26T11:48:00Z,level_start,8,20,none,0,8672,4,0,,,0,0,0.0,0.0,US,ios,iPhone14Pro,1379,6,5.1.0
M3M_50038,MS000245,2024-12-26T12:00:00Z,booster_used,3,6,none,0,4917,2,0,,,0,0,0.0,0.0,US,ios,iPhone15,505,7,5.1.0
M3M_50057,MS000385,2024-12-26T12:20:00Z,level_complete,10,12,none,0,10900,2,0,,,365,0,0.0,0.0,BR,ios,iPhone15,1158,0,5.1.0
M3M_50009,MS000732,2024-12-26T12:25:00Z,level_failed,11,0,none,0,12254,0,0,,,0,0,0.0,0.0,AU,android,SamsungS23,787,10,5.2.0
M3M_50038,MS000709,2024-12-26T12:39:00Z,decoration_placed,6,16,none,0,8322,0,0,house,DECO_1952,0,235,0.0,0.0,US,ios,iPhone15,1368,7,5.1.1
M3M_50079,MS000361,2024-12-26T13:27:00Z,level_start,10,20,rainbow,1,15600,2,0,,,0,0,0.0,0.0,FR,ios,iPhone14Pro,2200,0,5.2.0
M3M_50071,MS000072,2024-12-26T13:30:00Z,level_start,3,20,none,0,5772,1,0,,,0,0,0.0,0.0,CA,ios,iPhone13,407,0,5.1.1
M3M_50079,MS000710,2024-12-26T13:48:00Z,level_start,11,20,none,0,17149,5,0,,,0,0,0.0,0.0,FR,ios,iPhone14Pro,930,0,5.1.1
M3M_50079,MS000722,2024-12-26T14:29:00Z,decoration_placed,13,6,none,0,16783,3,0,garden,DECO_1435,0,711,0.0,0.0,FR,ios,iPhone14Pro,559,0,5.2.0
M3M_50028,MS000119,2024-12-26T15:00:00Z,level_complete,2,10,none,0,3040,1,0,,,262,0,0.0,0.0,DE,ios,iPhone14,585,8,5.1.1
M3M_50071,MS000742,2024-12-26T15:04:00Z,story_progress,17,4,none,0,18258,3,2,,,0,0,0.0,0.0,CA,ios,iPhone13,526,0,5.1.1
M3M_50071,MS000368,2024-12-26T15:21:00Z,level_failed,9,0,extra_moves,1,16793,4,0,,,0,0,0.0,0.0,CA,ios,iPhone13,1159,0,5.2.0
M3M_50038,MS000581,2024-12-26T15:24:00Z,booster_used,6,16,none,0,8604,4,0,,,0,0,0.0,0.0,US,ios,iPhone15,2109,7,5.1.0
M3M_50079,MS000013,2024-12-26T15:30:00Z,booster_used,3,18,none,0,5727,2,0,,,0,0,0.0,0.0,FR,ios,iPhone14Pro,1951,0,5.1.0
M3M_50015,MS000420,2024-12-26T15:47:00Z,level_complete,6,2,none,0,6486,0,0,,,388,0,0.0,0.0,US,android,SamsungS23,1065,5,5.1.0
M3M_50071,MS000122,2024-12-26T15:55:00Z,booster_used,4,11,none,0,4920,0,0,,,0,0,0.0,0.0,CA,ios,iPhone13,2138,0,5.2.0
M3M_50069,MS000480,2024-12-26T16:07:00Z,booster_used,13,13,none,0,16887,4,0,,,0,0,0.0,0.0,US,ios,iPhone14,1296,9,5.1.0
M3M_50079,MS000170,2024-12-26T16:30:00Z,level_start,5,20,none,0,8875,4,0,,,0,0,0.0,0.0,FR,ios,iPhone14Pro,1466,0,5.2.0
M3M_50057,MS000161,2024-12-26T17:25:00Z,level_complete,3,1,none,0,5124,0,0,,,361,0,0.0,0.0,BR,ios,iPhone15,1779,0,5.1.0
M3M_50017,MS000448,2024-12-26T17:37:00Z,level_failed,11,0,none,0,16907,5,0,,,0,0,0.0,0.0,US,android,Pixel8,1683,0,5.1.1
M3M_50079,MS000288,2024-12-26T17:40:00Z,ad_watched,7,18,none,0,12383,3,0,,,0,0,0.0,0.0129,FR,ios,iPhone14Pro,2132,0,5.1.1
M3M_50015,MS000571,2024-12-26T18:04:00Z,level_failed,6,0,shuffle,1,10274,0,0,,,0,0,0.0,0.0,US,android,SamsungS23,1137,5,5.1.1
M3M_50072,MS000660,2024-12-26T18:11:00Z,level_failed,9,0,none,0,12780,5,0,,,0,0,0.0,0.0,CA,ios,iPad,2308,3,5.1.1
M3M_50057,MS000008,2024-12-26T18:13:00Z,ad_watched,3,7,none,0,4683,0,0,,,0,0,0.0,0.003,BR,ios,iPhone15,299,0,5.1.0
M3M_50079,MS000056,2024-12-26T18:23:00Z,decoration_placed,4,5,none,0,4972,5,0,house,DECO_4101,0,997,0.0,0.0,FR,ios,iPhone14Pro,1589,0,5.1.0
M3M_50057,MS000417,2024-12-26T18:23:00Z,level_failed,11,0,none,0,13079,4,0,,,0,0,0.0,0.0,BR,ios,iPhone15,1992,0,5.1.1
M3M_50057,MS000323,2024-12-26T19:12:00Z,booster_used,7,16,none,0,8827,5,0,,,0,0,0.0,0.0,BR,ios,iPhone15,981,0,5.1.1
M3M_50017,MS000341,2024-12-26T19:14:00Z,level_start,6,20,none,0,6918,3,0,,,0,0,0.0,0.0,US,android,Pixel8,288,0,5.2.0
M3M_50057,MS000715,2024-12-26T19:18:00Z,level_complete,14,3,none,0,21630,3,0,,,177,0,0.0,0.0,BR,ios,iPhone15,1276,0,5.2.0
M3M_50071,MS000184,2024-12-26T19:44:00Z,level_failed,6,0,none,0,7536,5,0,,,0,0,0.0,0.0,CA,ios,iPhone13,690,0,5.2.0
M3M_50071,MS000380,2024-12-26T20:16:00Z,ad_watched,9,11,none,0,17253,4,0,,,0,0,0.0,0.0145,CA,ios,iPhone13,380,0,5.1.0
M3M_50017,MS000252,2024-12-26T21:37:00Z,decoration_placed,2,10,none,0,3936,5,0,seasonal,DECO_1352,0,184,0.0,0.0,US,android,Pixel8,506,0,5.1.1
M3M_50057,MS000467,2024-12-26T22:07:00Z,level_start,11,20,none,0,14047,5,0,,,0,0,0.0,0.0,BR,ios,iPhone15,1998,0,5.2.0
M3M_50077,MS000482,2024-12-26T22:39:00Z,level_complete,8,11,none,0,8784,0,0,,,488,0,0.0,0.0,CA,android,Pixel8,817,5,5.2.0
M3M_50071,MS000635,2024-12-26T22:43:00Z,level_start,15,20,none,0,24255,4,0,,,0,0,0.0,0.0,CA,ios,iPhone13,1735,0,5.1.0
M3M_50057,MS000325,2024-12-26T22:53:00Z,level_complete,9,6,none,0,12978,2,0,,,443,0,0.0,0.0,BR,ios,iPhone15,1122,0,5.1.0
M3M_50071,MS000108,2024-12-27T08:13:00Z,level_complete,4,8,none,0,6400,1,0,,,371,0,0.0,0.0,CA,ios,iPhone13,1512,1,5.1.0
M3M_50032,MS000315,2024-12-27T08:58:00Z,level_start,7,20,none,0,9793,2,0,,,0,0,0.0,0.0,CA,ios,iPhone14,1646,0,5.1.0
M3M_50032,MS000286,2024-12-27T09:12:00Z,level_start,5,20,none,0,7710,5,0,,,0,0,0.0,0.0,CA,ios,iPhone14,484,0,5.1.1
M3M_50057,MS000263,2024-12-27T10:40:00Z,booster_used,5,9,none,0,6860,3,0,,,0,0,0.0,0.0,BR,ios,iPhone15,2293,1,5.1.1
M3M_50070,MS000347,2024-12-27T12:29:00Z,level_complete,3,5,none,0,4299,1,0,,,111,0,0.0,0.0,KR,android,SamsungS23,1773,3,5.2.0
M3M_50024,MS000618,2024-12-27T13:35:00Z,booster_used,6,17,none,0,11988,1,0,,,0,0,0.0,0.0,FR,ios,iPad,1329,0,5.2.0
M3M_50079,MS000588,2024-12-27T13:58:00Z,level_failed,11,0,none,0,17974,4,0,,,0,0,0.0,0.0,FR,ios,iPhone14Pro,2179,1,5.1.1
M3M_50024,MS000536,2024-12-27T14:46:00Z,level_failed,6,0,none,0,6072,1,0,,,0,0,0.0,0.0,FR,ios,iPad,1783,0,5.1.0
M3M_50032,MS000087,2024-12-27T14:59:00Z,decoration_placed,1,10,none,0,1085,0,0,house,DECO_3488,0,840,0.0,0.0,CA,ios,iPhone14,184,0,5.2.0
M3M_50077,MS000024,2024-12-27T15:18:00Z,purchase,1,4,hammer,1,2312,5,0,,,0,0,0.0,0.0,CA,android,Pixel8,807,6,5.1.1
M3M_50024,MS000427,2024-12-27T15:18:00Z,decoration_placed,2,11,none,0,3784,0,0,furniture,DECO_3679,0,854,0.0,0.0,FR,ios,iPad,658,0,5.2.0
M3M_50024,MS000487,2024-12-27T16:01:00Z,level_failed,4,0,none,0,5868,5,0,,,0,0,0.0,0.0,FR,ios,iPad,656,0,5.1.0
M3M_50057,MS000232,2024-12-27T16:42:00Z,level_failed,5,0,none,0,5455,1,0,,,0,0,0.0,0.0,BR,ios,iPhone15,1760,1,5.1.1
M3M_50034,MS000216,2024-12-27T19:01:00Z,level_start,4,20,none,0,7800,0,0,,,0,0,0.0,0.0,US,android,Pixel8,978,10,5.2.0
M3M_50071,MS000450,2024-12-27T19:03:00Z,decoration_placed,11,13,none,0,13233,0,0,seasonal,DECO_3379,0,706,0.0,0.0,CA,ios,iPhone13,1478,1,5.1.0
M3M_50024,MS000391,2024-12-27T19:21:00Z,decoration_placed,2,5,none,0,3060,0,0,outdoor,DECO_8766,0,274,0.0,0.0,FR,ios,iPad,670,0,5.2.0
M3M_50032,MS000423,2024-12-27T19:59:00Z,level_start,7,20,none,0,9401,3,0,,,0,0,0.0,0.0,CA,ios,iPhone14,1590,0,5.1.1
M3M_50024,MS000074,2024-12-27T20:39:00Z,booster_used,1,11,none,0,1024,1,0,,,0,0,0.0,0.0,FR,ios,iPad,316,0,5.1.1
M3M_50024,MS000508,2024-12-27T20:51:00Z,level_failed,4,0,none,0,6068,2,0,,,0,0,0.0,0.0,FR,ios,iPad,1129,0,5.2.0
M3M_50071,MS000434,2024-12-27T21:26:00Z,booster_used,11,7,none,0,14179,0,0,,,0,0,0.0,0.0,CA,ios,iPhone13,227,1,5.1.1
M3M_50032,MS000067,2024-12-27T21:30:00Z,level_complete,1,9,none,0,1902,3,0,,,246,0,0.0,0.0,CA,ios,iPhone14,1887,0,5.1.1
M3M_50024,MS000086,2024-12-27T21:33:00Z,level_complete,1,4,shuffle,1,2041,1,0,,,282,0,0.0,0.0,FR,ios,iPad,2324,0,5.1.1
M3M_50030,MS000617,2024-12-27T21:54:00Z,level_complete,9,5,none,0,10224,4,0,,,231,0,0.0,0.0,US,android,XiaomiRedmi,788,7,5.1.0
M3M_50032,MS000159,2024-12-27T22:47:00Z,booster_used,3,4,none,0,4275,5,0,,,0,0,0.0,0.0,CA,ios,iPhone14,1521,0,5.2.0
M3M_50071,MS000556,2024-12-27T22:53:00Z,ad_watched,13,3,none,0,16120,1,0,,,0,0,0.0,0.0072,CA,ios,iPhone13,2392,1,5.1.0
M3M_50072,MS000163,2024-12-27T22:54:00Z,level_complete,1,4,none,0,1565,4,0,,,235,0,0.0,0.0,CA,ios,iPad,928,4,5.1.0
M3M_50020,MS000521,2024-12-28T09:47:00Z,level_start,12,20,none,0,13716,0,0,,,0,0,0.0,0.0,BR,ios,iPhone13,292,15,5.1.0
M3M_50012,MS000512,2024-12-28T10:00:00Z,level_failed,5,0,none,0,5505,0,0,,,0,0,0.0,0.0,IT,android,Pixel8,1025,0,5.2.0
M3M_50046,MS000166,2024-12-28T10:25:00Z,level_complete,3,12,none,0,3090,0,0,,,492,0,0.0,0.0,UK,ios,iPhone14Pro,1830,0,5.1.1
M3M_50077,MS000095,2024-12-28T10:53:00Z,level_start,4,20,none,0,6124,4,0,,,0,0,0.0,0.0,CA,android,Pixel8,1619,7,5.1.1
M3M_50017,MS000284,2024-12-28T11:32:00Z,decoration_placed,4,17,bomb,2,8032,3,0,outdoor,DECO_9415,0,697,0.0,0.0,US,android,Pixel8,1191,2,5.1.1
M3M_50008,MS000650,2024-12-28T12:36:00Z,booster_used,8,3,none,0,15952,4,0,,,0,0,0.0,0.0,IT,ios,iPhone15Pro,2243,15,5.2.0
M3M_50077,MS000407,2024-12-28T13:37:00Z,ad_watched,7,14,none,0,13972,5,0,,,0,0,0.0,0.0148,CA,android,Pixel8,558,7,5.1.1
M3M_50023,MS000110,2024-12-28T13:47:00Z,booster_used,1,8,none,0,1155,2,0,,,0,0,0.0,0.0,BR,android,OnePlus12,1177,2,5.1.1
M3M_50046,MS000501,2024-12-28T14:14:00Z,level_complete,4,6,none,0,5680,4,0,,,370,0,0.0,0.0,UK,ios,iPhone14Pro,591,0,5.2.0
M3M_50017,MS000029,2024-12-28T16:07:00Z,level_start,2,20,none,0,3984,0,0,,,0,0,0.0,0.0,US,android,Pixel8,2138,2,5.1.1
M3M_50046,MS000637,2024-12-28T16:21:00Z,purchase,5,7,extra_moves,1,7005,0,0,,,0,0,9.99,0.0,UK,ios,iPhone14Pro,2308,0,5.1.1
M3M_50046,MS000514,2024-12-28T18:16:00Z,level_complete,4,12,extra_moves,1,7772,2,0,,,161,0,0.0,0.0,UK,ios,iPhone14Pro,922,0,5.1.1
M3M_50012,MS000244,2024-12-28T18:39:00Z,ad_watched,2,14,none,0,2884,5,0,,,0,0,0.0,0.0145,IT,android,Pixel8,2322,0,5.1.0
M3M_50012,MS000218,2024-12-28T18:52:00Z,level_start,2,20,none,0,3828,5,0,,,0,0,0.0,0.0,IT,android,Pixel8,2244,0,5.2.0
M3M_50012,MS000303,2024-12-28T21:49:00Z,level_complete,4,9,none,0,5832,0,0,,,58,0,0.0,0.0,IT,android,Pixel8,226,0,5.2.0
M3M_50012,MS000250,2024-12-28T22:44:00Z,level_failed,2,0,none,0,2028,2,0,,,0,0,0.0,0.0,IT,android,Pixel8,2066,0,5.2.0
M3M_50030,MS000010,2024-12-28T22:51:00Z,level_start,1,20,none,0,1551,4,0,,,0,0,0.0,0.0,US,android,XiaomiRedmi,2144,8,5.1.1
M3M_50048,MS000614,2024-12-29T08:09:00Z,decoration_placed,14,14,none,0,20244,5,0,outdoor,DECO_5795,0,739,0.0,0.0,US,ios,iPad,247,0,5.1.1
M3M_50048,MS000733,2024-12-29T08:34:00Z,level_failed,17,0,none,0,21675,1,0,,,0,0,0.0,0.0,US,ios,iPad,416,0,5.2.0
M3M_50023,MS000230,2024-12-29T08:41:00Z,level_start,5,20,none,0,6525,0,0,,,0,0,0.0,0.0,BR,android,OnePlus12,2338,3,5.1.1
M3M_50028,MS000259,2024-12-29T09:35:00Z,level_failed,4,0,none,0,4900,1,0,,,0,0,0.0,0.0,DE,ios,iPhone14,1697,11,5.1.0
M3M_50048,MS000331,2024-12-29T09:36:00Z,level_start,5,20,shuffle,2,6790,2,0,,,0,0,0.0,0.0,US,ios,iPad,871,0,5.1.1
M3M_50072,MS000620,2024-12-29T10:41:00Z,level_complete,9,12,none,0,10836,3,0,,,153,0,0.0,0.0,CA,ios,iPad,373,6,5.1.1
M3M_50048,MS000567,2024-12-29T11:00:00Z,purchase,14,15,none,0,23156,3,0,,,0,0,0.0,0.0,US,ios,iPad,448,0,5.1.0
M3M_50063,MS000387,2024-12-29T11:19:00Z,level_failed,5,0,none,0,5980,4,0,,,0,0,0.0,0.0,US,ios,iPad,1804,9,5.2.0
M3M_50048,MS000477,2024-12-29T13:23:00Z,level_complete,10,2,none,0,19010,3,0,,,334,0,0.0,0.0,US,ios,iPad,2348,0,5.1.0
M3M_50017,MS000020,2024-12-29T13:26:00Z,level_complete,1,4,none,0,1470,2,0,,,110,0,0.0,0.0,US,android,Pixel8,1166,3,5.1.1
M3M_50073,MS000127,2024-12-29T13:34:00Z,decoration_placed,1,8,none,0,1903,1,0,house,DECO_6010,0,955,0.0,0.0,ES,ios,iPhone14,443,14,5.2.0
M3M_50046,MS000668,2024-12-29T13:36:00Z,story_progress,5,6,extra_moves,1,7020,5,13,,,0,0,0.0,0.0,UK,ios,iPhone14Pro,2338,1,5.1.1
M3M_50048,MS000178,2024-12-29T13:47:00Z,level_complete,4,4,none,0,7940,4,0,,,309,0,0.0,0.0,US,ios,iPad,1441,0,5.1.0
M3M_50017,MS000641,2024-12-29T14:33:00Z,story_progress,11,4,none,0,17677,1,1,,,0,0,0.0,0.0,US,android,Pixel8,672,3,5.1.1
M3M_50008,MS000607,2024-12-29T15:03:00Z,level_complete,6,2,none,0,8658,0,0,,,57,0,0.0,0.0,IT,ios,iPhone15Pro,1219,16,5.2.0
M3M_50046,MS000452,2024-12-29T15:15:00Z,level_failed,4,0,rainbow,1,8064,5,0,,,0,0,0.0,0.0,UK,ios,iPhone14Pro,669,1,5.1.1
M3M_50034,MS000458,2024-12-29T15:59:00Z,level_failed,10,0,none,0,19530,5,0,,,0,0,0.0,0.0,US,android,Pixel8,708,12,5.2.0
M3M_50048,MS000357,2024-12-29T16:51:00Z,booster_used,8,9,none,0,15424,2,0,,,0,0,0.0,0.0,US,ios,iPad,2133,0,5.1.0
M3M_50048,MS000646,2024-12-29T17:47:00Z,level_complete,15,2,none,0,18495,0,0,,,292,0,0.0,0.0,US,ios,iPad,1314,0,5.2.0
M3M_50072,MS000362,2024-12-29T17:55:00Z,decoration_placed,6,7,none,0,6336,5,0,outdoor,DECO_5789,0,271,0.0,0.0,CA,ios,iPad,1162,6,5.1.0
M3M_50072,MS000726,2024-12-29T18:20:00Z,level_complete,11,12,none,0,15037,1,0,,,286,0,0.0,0.0,CA,ios,iPad,1574,6,5.1.0
M3M_50048,MS000526,2024-12-29T18:42:00Z,level_start,13,20,none,0,24310,4,0,,,0,0,0.0,0.0,US,ios,iPad,226,0,5.1.1
M3M_50048,MS000495,2024-12-29T19:05:00Z,booster_used,12,18,none,0,19452,3,0,,,0,0,0.0,0.0,US,ios,iPad,769,0,5.1.0
M3M_50020,MS000665,2024-12-29T20:25:00Z,level_failed,14,0,none,0,19754,3,0,,,0,0,0.0,0.0,BR,ios,iPhone13,772,16,5.1.1
M3M_50017,MS000134,2024-12-29T20:51:00Z,level_start,2,20,none,0,3556,4,0,,,0,0,0.0,0.0,US,android,Pixel8,606,3,5.1.1
M3M_50046,MS000210,2024-12-29T21:07:00Z,level_start,4,20,rainbow,2,7744,5,0,,,0,0,0.0,0.0,UK,ios,iPhone14Pro,1971,1,5.1.0
M3M_50006,MS000040,2024-12-30T09:13:00Z,purchase,2,4,none,0,2630,2,0,,,0,0,2.99,0.0,DE,ios,iPhone13,1868,0,5.1.0
M3M_50073,MS000052,2024-12-30T09:17:00Z,level_complete,1,4,none,0,1041,2,0,,,335,0,0.0,0.0,ES,ios,iPhone14,1137,15,5.2.0
M3M_50047,MS000554,2024-12-30T09:56:00Z,level_start,9,20,none,0,10629,2,0,,,0,0,0.0,0.0,IT,android,SamsungS24,555,0,5.2.0
M3M_50028,MS000304,2024-12-30T10:11:00Z,booster_used,5,16,none,0,9515,3,0,,,0,0,0.0,0.0,DE,ios,iPhone14,1123,12,5.2.0
M3M_50066,MS000203,2024-12-30T10:14:00Z,level_failed,2,0,none,0,2006,0,0,,,0,0,0.0,0.0,DE,ios,iPhone14,1155,0,5.1.0
M3M_50006,MS000027,2024-12-30T10:15:00Z,booster_used,1,4,none,0,1236,3,0,,,0,0,0.0,0.0,DE,ios,iPhone13,1814,0,5.1.0
M3M_50005,MS000584,2024-12-30T10:37:00Z,purchase,12,9,none,0,15780,5,0,,,0,0,0.0,0.0,US,android,SamsungS23,1134,0,5.1.1
M3M_50048,MS000332,2024-12-30T11:51:00Z,level_start,6,20,none,0,8706,2,0,,,0,0,0.0,0.0,US,ios,iPad,668,1,5.1.0
M3M_50068,MS000673,2024-12-30T11:51:00Z,level_complete,11,6,none,0,12529,1,0,,,475,0,0.0,0.0,JP,ios,iPhone14Pro,977,0,5.1.1
M3M_50066,MS000629,2024-12-30T12:10:00Z,level_start,4,20,none,0,5760,1,0,,,0,0,0.0,0.0,DE,ios,iPhone14,1062,0,5.2.0
M3M_50068,MS000258,2024-12-30T12:44:00Z,level_complete,1,8,none,0,1142,2,0,,,269,0,0.0,0.0,JP,ios,iPhone14Pro,391,0,5.1.0
M3M_50020,MS000529,2024-12-30T12:59:00Z,level_start,14,20,none,0,20258,5,0,,,0,0,0.0,0.0,BR,ios,iPhone13,486,17,5.1.1
M3M_50068,MS000539,2024-12-30T13:22:00Z,level_complete,6,8,none,0,6564,3,0,,,468,0,0.0,0.0,JP,ios,iPhone14Pro,1350,0,5.1.0
M3M_50068,MS000632,2024-12-30T13:30:00Z,level_complete,9,6,none,0,16614,5,0,,,84,0,0.0,0.0,JP,ios,iPhone14Pro,1642,0,5.1.1
M3M_50006,MS000532,2024-12-30T13:38:00Z,level_start,11,20,none,0,19041,0,0,,,0,0,0.0,0.0,DE,ios,iPhone13,967,0,5.2.0
M3M_50047,MS000007,2024-12-30T14:09:00Z,level_complete,3,12,none,0,4872,0,0,,,217,0,0.0,0.0,IT,android,SamsungS24,778,0,5.1.0
M3M_50068,MS000444,2024-12-30T15:54:00Z,story_progress,5,15,none,0,7160,5,3,,,0,0,0.0,0.0,JP,ios,iPhone14Pro,1799,0,5.2.0
M3M_50006,MS000713,2024-12-30T15:58:00Z,level_complete,14,2,none,0,24304,3,0,,,428,0,0.0,0.0,DE,ios,iPhone13,1809,0,5.1.1
M3M_50048,MS000425,2024-12-30T16:02:00Z,level_start,8,20,none,0,14632,1,0,,,0,0,0.0,0.0,US,ios,iPad,311,1,5.2.0
M3M_50047,MS000468,2024-12-30T16:12:00Z,booster_used,6,12,none,0,6606,1,0,,,0,0,0.0,0.0,IT,android,SamsungS24,1940,0,5.1.0
M3M_50068,MS000372,2024-12-30T16:24:00Z,ad_watched,4,13,none,0,7420,2,0,,,0,0,0.0,0.0166,JP,ios,iPhone14Pro,2001,0,5.2.0
M3M_50047,MS000730,2024-12-30T16:45:00Z,decoration_placed,9,6,none,0,16290,1,0,outdoor,DECO_1824,0,681,0.0,0.0,IT,android,SamsungS24,1066,0,5.2.0
M3M_50008,MS000542,2024-12-30T17:06:00Z,level_start,6,20,none,0,8058,2,0,,,0,0,0.0,0.0,IT,ios,iPhone15Pro,2114,17,5.2.0
M3M_50068,MS000580,2024-12-30T17:59:00Z,level_complete,6,6,none,0,6750,0,0,,,406,0,0.0,0.0,JP,ios,iPhone14Pro,2222,0,5.1.0
M3M_50047,MS000042,2024-12-30T20:11:00Z,level_complete,4,4,none,0,4800,3,0,,,194,0,0.0,0.0,IT,android,SamsungS24,413,0,5.2.0
M3M_50017,MS000071,2024-12-30T20:15:00Z,story_progress,2,7,hammer,1,3988,5,1,,,0,0,0.0,0.0,US,android,Pixel8,1546,4,5.2.0
M3M_50017,MS000404,2024-12-30T20:35:00Z,booster_used,7,6,none,0,12418,1,0,,,0,0,0.0,0.0,US,android,Pixel8,594,4,5.1.1
M3M_50068,MS000271,2024-12-30T20:47:00Z,level_complete,3,1,none,0,5241,1,0,,,392,0,0.0,0.0,JP,ios,iPhone14Pro,1391,0,5.1.0
M3M_50047,MS000335,2024-12-30T21:02:00Z,booster_used,4,3,none,0,4388,0,0,,,0,0,0.0,0.0,IT,android,SamsungS24,1927,0,5.1.0
M3M_50048,MS000124,2024-12-30T21:16:00Z,level_complete,2,7,none,0,3384,3,0,,,305,0,0.0,0.0,US,ios,iPad,599,1,5.1.0
M3M_50047,MS000500,2024-12-30T21:19:00Z,level_complete,8,8,none,0,13736,4,0,,,423,0,0.0,0.0,IT,android,SamsungS24,1946,0,5.2.0
M3M_50035,MS000132,2024-12-30T21:41:00Z,level_start,3,20,none,0,3384,1,0,,,0,0,0.0,0.0,AU,ios,iPhone14Pro,786,18,5.1.0
M3M_50047,MS000346,2024-12-30T22:06:00Z,level_start,6,20,none,0,10182,5,0,,,0,0,0.0,0.0,IT,android,SamsungS24,1994,0,5.1.1
M3M_50068,MS000612,2024-12-30T22:20:00Z,level_start,8,20,none,0,14192,1,0,,,0,0,0.0,0.0,JP,ios,iPhone14Pro,208,0,5.1.1
M3M_50063,MS000540,2024-12-31T08:01:00Z,level_start,5,20,none,0,5180,2,0,,,0,0,0.0,0.0,US,ios,iPad,1816,11,5.1.0
M3M_50041,MS000463,2024-12-31T08:11:00Z,story_progress,6,3,extra_moves,2,11092,1,5,,,0,0,0.0,0.0,DE,android,SamsungS23,2050,0,5.1.0
M3M_50080,MS000129,2024-12-31T08:26:00Z,booster_used,3,11,none,0,4236,5,0,,,0,0,0.0,0.0,CA,android,SamsungS23,835,0,5.1.0
M3M_50064,MS000506,2024-12-31T08:50:00Z,level_start,2,20,bomb,1,4504,1,0,,,0,0,0.0,0.0,FR,android,SamsungS24,1357,0,5.2.0
M3M_50005,MS000697,2024-12-31T08:54:00Z,booster_used,13,5,none,0,13247,1,0,,,0,0,0.0,0.0,US,android,SamsungS23,965,1,5.1.0
M3M_50075,MS000229,2024-12-31T09:20:00Z,decoration_placed,11,11,none,0,20867,1,0,garden,DECO_6968,0,338,0.0,0.0,IT,android,Pixel8,1481,0,5.1.1
M3M_50075,MS000064,2024-12-31T09:53:00Z,purchase,4,15,hammer,1,5072,3,0,,,0,0,9.99,0.0,IT,android,Pixel8,1621,0,5.1.0
M3M_50006,MS000739,2024-12-31T09:56:00Z,level_complete,15,11,none,0,26430,2,0,,,132,0,0.0,0.0,DE,ios,iPhone13,928,1,5.1.0
M3M_50033,MS000152,2024-12-31T09:58:00Z,decoration_placed,5,7,none,0,8175,4,0,house,DECO_6760,0,585,0.0,0.0,DE,ios,iPhone15,1040,0,5.1.0
M3M_50033,MS000364,2024-12-31T10:00:00Z,story_progress,6,13,none,0,9048,3,5,,,0,0,0.0,0.0,DE,ios,iPhone15,231,0,5.2.0
M3M_50075,MS000115,2024-12-31T10:07:00Z,decoration_placed,5,18,rainbow,1,5960,1,0,house,DECO_1150,0,398,0.0,0.0,IT,android,Pixel8,1267,0,5.2.0
M3M_50064,MS000558,2024-12-31T10:14:00Z,level_start,4,20,none,0,4296,0,0,,,0,0,0.0,0.0,FR,android,SamsungS24,783,0,5.1.0
M3M_50005,MS000121,2024-12-31T10:44:00Z,decoration_placed,7,6,none,0,11648,2,0,garden,DECO_4809,0,177,0.0,0.0,US,android,SamsungS23,1908,1,5.1.1
M3M_50075,MS000737,2024-12-31T10:44:00Z,decoration_placed,21,16,none,0,37149,5,0,outdoor,DECO_7266,0,128,0.0,0.0,IT,android,Pixel8,720,0,5.1.0
M3M_50041,MS000094,2024-12-31T10:48:00Z,ad_watched,3,11,none,0,3486,4,0,,,0,0,0.0,0.0165,DE,android,SamsungS23,787,0,5.1.0
M3M_50080,MS000333,2024-12-31T11:01:00Z,purchase,8,15,none,0,8928,1,0,,,0,0,0.0,0.0,CA,android,SamsungS23,1082,0,5.2.0
M3M_50075,MS000002,2024-12-31T11:32:00Z,level_complete,2,6,extra_moves,2,4074,2,0,,,129,0,0.0,0.0,IT,android,Pixel8,1635,0,5.1.1
M3M_50075,MS000046,2024-12-31T12:15:00Z,level_failed,4,0,shuffle,1,8044,2,0,,,0,0,0.0,0.0,IT,android,Pixel8,242,0,5.1.0
M3M_50009,MS000691,2024-12-31T13:00:00Z,level_start,9,20,hammer,1,18395,4,0,,,0,0,0.0,0.0,AU,android,SamsungS23,1412,15,5.1.1
M3M_50080,MS000246,2024-12-31T13:06:00Z,story_progress,6,17,none,0,7236,3,3,,,0,0,0.0,0.0,CA,android,SamsungS23,187,0,5.2.0
M3M_50041,MS000154,2024-12-31T13:12:00Z,level_complete,4,10,hammer,2,8364,4,0,,,309,0,0.0,0.0,DE,android,SamsungS23,1241,0,5.1.1
M3M_50068,MS000596,2024-12-31T13:32:00Z,decoration_placed,7,13,none,0,12110,1,0,furniture,DECO_8220,0,274,0.0,0.0,JP,ios,iPhone14Pro,193,1,5.1.0
M3M_50075,MS000117,2024-12-31T13:41:00Z,booster_used,6,4,bomb,1,8510,1,0,,,0,0,0.0,0.0,IT,android,Pixel8,1869,0,5.1.0
M3M_50075,MS000651,2024-12-31T13:44:00Z,booster_used,20,16,none,0,21500,3,0,,,0,0,0.0,0.0,IT,android,Pixel8,1295,0,5.1.0
M3M_50075,MS000636,2024-12-31T14:33:00Z,level_start,16,20,none,0,19712,1,0,,,0,0,0.0,0.0,IT,android,Pixel8,725,0,5.1.1
M3M_50075,MS000643,2024-12-31T14:40:00Z,booster_used,18,5,none,0,31536,1,0,,,0,0,0.0,0.0,IT,android,Pixel8,487,0,5.2.0
M3M_50080,MS000647,2024-12-31T15:23:00Z,level_complete,13,4,none,0,20553,3,0,,,142,0,0.0,0.0,CA,android,SamsungS23,2008,0,5.1.0
M3M_50075,MS000165,2024-12-31T15:26:00Z,level_complete,9,11,none,0,16695,1,0,,,475,0,0.0,0.0,IT,android,Pixel8,2034,0,5.2.0
M3M_50033,MS000473,2024-12-31T15:28:00Z,level_start,7,20,bomb,1,14457,1,0,,,0,0,0.0,0.0,DE,ios,iPhone15,2244,0,5.1.0
M3M_50034,MS000028,2024-12-31T15:32:00Z,level_failed,2,0,none,0,3658,2,0,,,0,0,0.0,0.0,US,android,Pixel8,1550,14,5.2.0
M3M_50041,MS000255,2024-12-31T16:08:00Z,level_start,5,20,none,0,7480,0,0,,,0,0,0.0,0.0,DE,android,SamsungS23,1881,0,5.1.1
M3M_50080,MS000047,2024-12-31T16:18:00Z,level_complete,2,7,none,0,2668,2,0,,,289,0,0.0,0.0,CA,android,SamsungS23,1126,0,5.1.0
M3M_50017,MS000359,2024-12-31T16:38:00Z,booster_used,7,12,none,0,11760,4,0,,,0,0,0.0,0.0,US,android,Pixel8,1064,5,5.1.0
M3M_50080,MS000478,2024-12-31T16:51:00Z,level_complete,13,1,none,0,18057,4,0,,,266,0,0.0,0.0,CA,android,SamsungS23,1965,0,5.1.1
M3M_50030,MS000226,2024-12-31T16:57:00Z,level_start,3,20,shuffle,1,5732,3,0,,,0,0,0.0,0.0,US,android,XiaomiRedmi,2167,11,5.1.1
M3M_50017,MS000282,2024-12-31T16:57:00Z,level_complete,3,3,none,0,4083,5,0,,,146,0,0.0,0.0,US,android,Pixel8,796,5,5.2.0
M3M_50008,MS000399,2024-12-31T17:26:00Z,level_start,6,20,none,0,10818,0,0,,,0,0,0.0,0.0,IT,ios,iPhone15Pro,1037,18,5.1.1
M3M_50033,MS000145,2024-12-31T17:35:00Z,level_complete,5,2,none,0,5400,5,0,,,164,0,0.0,0.0,DE,ios,iPhone15,956,0,5.2.0
M3M_50075,MS000156,2024-12-31T18:08:00Z,level_complete,7,2,hammer,1,12238,2,0,,,358,0,0.0,0.0,IT,android,Pixel8,1131,0,5.1.1
M3M_50006,MS000179,2024-12-31T18:10:00Z,booster_used,6,9,none,0,11196,0,0,,,0,0,0.0,0.0,DE,ios,iPhone13,404,1,5.1.0
M3M_50080,MS000690,2024-12-31T18:12:00Z,booster_used,14,12,hammer,2,29558,2,0,,,0,0,0.0,0.0,CA,android,SamsungS23,970,0,5.2.0
M3M_50020,MS000419,2024-12-31T18:13:00Z,decoration_placed,11,5,none,0,21076,5,0,outdoor,DECO_2222,0,193,0.0,0.0,BR,ios,iPhone13,1602,18,5.1.0
M3M_50075,MS000083,2024-12-31T18:17:00Z,ad_watched,4,3,hammer,1,8192,0,0,,,0,0,0.0,0.0135,IT,android,Pixel8,2060,0,5.1.0
M3M_50080,MS000350,2024-12-31T18:30:00Z,story_progress,10,17,none,0,19040,3,3,,,0,0,0.0,0.0,CA,android,SamsungS23,1764,0,5.1.0
M3M_50075,MS000524,2024-12-31T18:34:00Z,level_complete,13,11,none,0,15522,0,0,,,235,0,0.0,0.0,IT,android,Pixel8,1696,0,5.1.1
M3M_50030,MS000223,2024-12-31T18:46:00Z,booster_used,2,16,none,0,2442,1,0,,,0,0,0.0,0.0,US,android,XiaomiRedmi,1533,11,5.1.1
M3M_50075,MS000573,2024-12-31T18:51:00Z,level_start,14,20,bomb,2,16692,2,0,,,0,0,0.0,0.0,IT,android,Pixel8,1662,0,5.2.0
M3M_50080,MS000125,2024-12-31T19:01:00Z,level_failed,3,0,none,0,4089,3,0,,,0,0,0.0,0.0,CA,android,SamsungS23,1337,0,5.2.0
M3M_50066,MS000453,2024-12-31T19:25:00Z,booster_used,4,6,none,0,5160,2,0,,,0,0,0.0,0.0,DE,ios,iPhone14,322,1,5.1.1
M3M_50033,MS000431,2024-12-31T19:33:00Z,booster_used,6,3,none,0,10014,5,0,,,0,0,0.0,0.0,DE,ios,iPhone15,309,0,5.1.1
M3M_50041,MS000505,2024-12-31T19:45:00Z,booster_used,6,14,none,0,7938,2,0,,,0,0,0.0,0.0,DE,android,SamsungS23,2261,0,5.1.0
M3M_50006,MS000403,2024-12-31T20:52:00Z,level_start,8,20,none,0,9616,4,0,,,0,0,0.0,0.0,DE,ios,iPhone13,2012,1,5.2.0
M3M_50080,MS000619,2024-12-31T21:14:00Z,level_complete,13,8,none,0,15743,2,0,,,391,0,0.0,0.0,CA,android,SamsungS23,2166,0,5.2.0
M3M_50080,MS000604,2024-12-31T21:19:00Z,level_failed,13,0,none,0,14261,2,0,,,0,0,0.0,0.0,CA,android,SamsungS23,1291,0,5.1.0
M3M_50033,MS000021,2024-12-31T22:00:00Z,story_progress,3,17,none,0,5142,0,5,,,0,0,0.0,0.0,DE,ios,iPhone15,2152,0,5.1.0
M3M_50033,MS000438,2024-12-31T22:10:00Z,level_complete,7,12,hammer,2,14683,3,0,,,210,0,0.0,0.0,DE,ios,iPhone15,1271,0,5.1.0
M3M_50041,MS000318,2024-12-31T22:26:00Z,decoration_placed,6,15,none,0,10974,2,0,house,DECO_3260,0,354,0.0,0.0,DE,android,SamsungS23,2154,0,5.2.0
M3M_50042,MS000062,2025-01-01T08:41:00Z,level_complete,3,1,none,0,5733,3,0,,,237,0,0.0,0.0,UK,android,SamsungS24,1500,0,5.1.0
M3M_50030,MS000565,2025-01-01T09:42:00Z,level_complete,8,6,none,0,11184,5,0,,,169,0,0.0,0.0,US,android,XiaomiRedmi,1952,12,5.1.1
M3M_50033,MS000631,2025-01-01T09:59:00Z,booster_used,8,10,none,0,10072,2,0,,,0,0,0.0,0.0,DE,ios,iPhone15,2353,1,5.1.1
M3M_50069,MS000148,2025-01-01T10:09:00Z,story_progress,4,12,none,0,5060,0,2,,,0,0,0.0,0.0,US,ios,iPhone14,1656,15,5.2.0
M3M_50017,MS000735,2025-01-01T12:34:00Z,level_failed,13,0,none,0,20618,0,0,,,0,0,0.0,0.0,US,android,Pixel8,737,6,5.1.1
M3M_50005,MS000327,2025-01-01T12:45:00Z,booster_used,10,15,none,0,11070,5,0,,,0,0,0.0,0.0,US,android,SamsungS23,2203,2,5.1.0
M3M_50078,MS000383,2025-01-01T15:12:00Z,level_complete,6,1,none,0,8772,3,0,,,360,0,0.0,0.0,JP,android,Pixel8,2318,0,5.2.0
M3M_50080,MS000459,2025-01-01T15:50:00Z,level_complete,11,1,none,0,15180,1,0,,,475,0,0.0,0.0,CA,android,SamsungS23,548,1,5.1.1
M3M_50030,MS000302,2025-01-01T16:09:00Z,level_failed,5,0,none,0,6390,1,0,,,0,0,0.0,0.0,US,android,XiaomiRedmi,1821,12,5.1.0
M3M_50041,MS000174,2025-01-01T17:15:00Z,level_failed,5,0,none,0,9685,1,0,,,0,0,0.0,0.0,DE,android,SamsungS23,1976,1,5.1.1
M3M_50034,MS000326,2025-01-01T17:50:00Z,level_complete,7,11,none,0,7546,5,0,,,93,0,0.0,0.0,US,android,Pixel8,1963,15,5.1.1
M3M_50017,MS000445,2025-01-01T19:31:00Z,level_complete,9,7,none,0,16236,1,0,,,194,0,0.0,0.0,US,android,Pixel8,1896,6,5.2.0
M3M_50080,MS000135,2025-01-01T20:28:00Z,level_complete,4,4,none,0,5552,5,0,,,58,0,0.0,0.0,CA,android,SamsungS23,1473,1,5.1.1
M3M_50080,MS000167,2025-01-01T20:48:00Z,level_start,5,20,none,0,9640,5,0,,,0,0,0.0,0.0,CA,android,SamsungS23,1450,1,5.1.0
M3M_50064,MS000300,2025-01-01T21:05:00Z,booster_used,1,7,none,0,1857,4,0,,,0,0,0.0,0.0,FR,android,SamsungS24,992,1,5.1.1
M3M_50008,MS000714,2025-01-01T21:07:00Z,story_progress,13,16,none,0,16848,2,5,,,0,0,0.0,0.0,IT,ios,iPhone15Pro,1097,19,5.1.1
M3M_50035,MS000187,2025-01-02T08:13:00Z,level_start,3,20,none,0,4725,1,0,,,0,0,0.0,0.0,AU,ios,iPhone14Pro,477,21,5.1.1
M3M_50060,MS000589,2025-01-02T08:26:00Z,booster_used,10,4,none,0,13540,2,0,,,0,0,0.0,0.0,UK,ios,iPad,1357,0,5.2.0
M3M_50006,MS000627,2025-01-02T08:30:00Z,level_start,14,20,none,0,27832,4,0,,,0,0,0.0,0.0,DE,ios,iPhone13,1192,3,5.2.0
M3M_50062,MS000724,2025-01-02T08:40:00Z,booster_used,8,12,none,0,15632,5,0,,,0,0,0.0,0.0,BR,android,XiaomiRedmi,651,0,5.2.0
M3M_50060,MS000240,2025-01-02T09:16:00Z,level_complete,7,6,none,0,10983,2,0,,,456,0,0.0,0.0,UK,ios,iPad,923,0,5.1.0
M3M_50030,MS000251,2025-01-02T09:18:00Z,level_complete,3,8,none,0,3360,3,0,,,165,0,0.0,0.0,US,android,XiaomiRedmi,2154,13,5.1.0
M3M_50078,MS000470,2025-01-02T09:47:00Z,purchase,11,15,none,0,17314,0,0,,,0,0,4.99,0.0,JP,android,Pixel8,1941,1,5.1.0
M3M_50060,MS000151,2025-01-02T09:48:00Z,ad_watched,7,13,none,0,8820,0,0,,,0,0,0.0,0.0166,UK,ios,iPad,807,0,5.1.1
M3M_50028,MS000063,2025-01-02T10:05:00Z,ad_watched,1,14,none,0,1209,2,0,,,0,0,0.0,0.0123,DE,ios,iPhone14,876,15,5.1.1
M3M_50020,MS000113,2025-01-02T10:35:00Z,booster_used,4,14,none,0,7148,3,0,,,0,0,0.0,0.0,BR,ios,iPhone13,422,20,5.2.0
M3M_50017,MS000328,2025-01-02T11:22:00Z,level_start,6,20,none,0,11604,5,0,,,0,0,0.0,0.0,US,android,Pixel8,1778,7,5.2.0
M3M_50020,MS000280,2025-01-02T12:58:00Z,level_start,8,20,none,0,8064,5,0,,,0,0,0.0,0.0,BR,ios,iPhone13,600,20,5.1.1
M3M_50060,MS000075,2025-01-02T14:10:00Z,level_start,3,20,shuffle,2,6535,5,0,,,0,0,0.0,0.0,UK,ios,iPad,2118,0,5.1.0
M3M_50060,MS000422,2025-01-02T14:57:00Z,level_complete,8,2,none,0,11384,3,0,,,418,0,0.0,0.0,UK,ios,iPad,2162,0,5.1.0
M3M_50060,MS000098,2025-01-02T15:27:00Z,decoration_placed,5,18,none,0,8820,1,0,furniture,DECO_7366,0,965,0.0,0.0,UK,ios,iPad,562,0,5.2.0
M3M_50069,MS000600,2025-01-02T15:59:00Z,level_complete,15,9,none,0,21315,5,0,,,258,0,0.0,0.0,US,ios,iPhone14,1597,16,5.2.0
M3M_50060,MS000511,2025-01-02T16:00:00Z,level_complete,9,11,none,0,9576,1,0,,,474,0,0.0,0.0,UK,ios,iPad,1229,0,5.1.0
M3M_50069,MS000057,2025-01-02T16:43:00Z,level_start,3,20,none,0,4557,0,0,,,0,0,0.0,0.0,US,ios,iPhone14,1342,16,5.1.1
M3M_50058,MS000428,2025-01-02T16:55:00Z,level_complete,2,8,none,0,3776,5,0,,,161,0,0.0,0.0,UK,android,SamsungS23,1680,2,5.2.0
M3M_50063,MS000749,2025-01-02T18:01:00Z,decoration_placed,7,4,none,0,13629,3,0,seasonal,DECO_5310,0,633,0.0,0.0,US,ios,iPad,387,13,5.2.0
M3M_50058,MS000706,2025-01-02T19:13:00Z,level_start,9,20,hammer,2,10672,4,0,,,0,0,0.0,0.0,UK,android,SamsungS23,2145,2,5.1.0
M3M_50006,MS000253,2025-01-02T20:56:00Z,level_start,8,20,none,0,9960,1,0,,,0,0,0.0,0.0,DE,ios,iPhone13,2165,3,5.2.0
M3M_50060,MS000456,2025-01-02T21:51:00Z,decoration_placed,8,6,none,0,10856,1,0,furniture,DECO_2573,0,566,0.0,0.0,UK,ios,iPad,1430,0,5.1.1
M3M_50063,MS000507,2025-01-02T22:13:00Z,level_complete,5,7,none,0,5820,5,0,,,383,0,0.0,0.0,US,ios,iPad,764,13,5.1.0
M3M_50060,MS000265,2025-01-02T22:43:00Z,level_start,7,20,none,0,10794,2,0,,,0,0,0.0,0.0,UK,ios,iPad,257,0,5.1.0
M3M_50043,MS000104,2025-01-03T10:21:00Z,level_start,2,20,none,0,3894,5,0,,,0,0,0.0,0.0,BR,ios,iPhone15,2283,0,5.1.0
M3M_50043,MS000736,2025-01-03T11:12:00Z,level_complete,11,3,none,0,19987,1,0,,,117,0,0.0,0.0,BR,ios,iPhone15,330,0,5.1.0
M3M_50006,MS000498,2025-01-03T13:26:00Z,purchase,10,16,none,0,14180,2,0,,,0,0,0.99,0.0,DE,ios,iPhone13,2371,4,5.1.1
M3M_50030,MS000076,2025-01-03T16:57:00Z,decoration_placed,2,6,none,0,3364,2,0,house,DECO_2025,0,329,0.0,0.0,US,android,XiaomiRedmi,2220,14,5.2.0
M3M_50042,MS000472,2025-01-03T17:03:00Z,booster_used,9,9,none,0,15327,1,0,,,0,0,0.0,0.0,UK,android,SamsungS24,1478,2,5.1.0
M3M_50028,MS000711,2025-01-03T17:37:00Z,level_failed,8,0,none,0,11872,3,0,,,0,0,0.0,0.0,DE,ios,iPhone14,948,16,5.1.0
M3M_50005,MS000474,2025-01-03T19:27:00Z,level_failed,12,0,none,0,14016,0,0,,,0,0,0.0,0.0,US,android,SamsungS23,269,4,5.2.0
M3M_50052,MS000371,2025-01-03T19:49:00Z,level_complete,3,5,none,0,5733,3,0,,,211,0,0.0,0.0,US,android,XiaomiRedmi,410,0,5.1.0
M3M_50073,MS000398,2025-01-03T20:09:00Z,booster_used,6,10,bomb,1,10856,0,0,,,0,0,0.0,0.0,ES,ios,iPhone14,250,19,5.1.0
M3M_50060,MS000630,2025-01-03T20:33:00Z,level_start,10,20,none,0,11510,1,0,,,0,0,0.0,0.0,UK,ios,iPad,928,1,5.1.1
M3M_50078,MS000471,2025-01-03T20:52:00Z,level_complete,11,8,none,0,14256,2,0,,,114,0,0.0,0.0,JP,android,Pixel8,2198,2,5.1.0
M3M_50078,MS000261,2025-01-03T20:59:00Z,level_complete,4,7,none,0,4208,5,0,,,93,0,0.0,0.0,JP,android,Pixel8,588,2,5.1.0
M3M_50062,MS000388,2025-01-03T20:59:00Z,level_failed,4,0,none,0,4484,4,0,,,0,0,0.0,0.0,BR,android,XiaomiRedmi,1905,1,5.1.1
M3M_50006,MS000575,2025-01-03T21:34:00Z,booster_used,13,12,none,0,20787,4,0,,,0,0,0.0,0.0,DE,ios,iPhone13,1527,4,5.1.1
M3M_50052,MS000146,2025-01-03T21:52:00Z,booster_used,2,17,none,0,2514,1,0,,,0,0,0.0,0.0,US,android,XiaomiRedmi,2293,0,5.2.0
M3M_50062,MS000001,2025-01-03T22:02:00Z,level_failed,3,0,none,0,3174,4,0,,,0,0,0.0,0.0,BR,android,XiaomiRedmi,1747,1,5.1.0
M3M_50052,MS000682,2025-01-03T22:24:00Z,level_complete,7,8,none,0,11564,4,0,,,221,0,0.0,0.0,US,android,XiaomiRedmi,1913,0,5.2.0
M3M_50062,MS000430,2025-01-04T08:00:00Z,level_start,5,20,none,0,6990,5,0,,,0,0,0.0,0.0,BR,android,XiaomiRedmi,1368,2,5.2.0
M3M_50031,MS000707,2025-01-04T08:02:00Z,decoration_placed,18,7,none,0,23598,1,0,outdoor,DECO_2922,0,304,0.0,0.0,IT,ios,iPhone15Pro,1820,0,5.2.0
M3M_50005,MS000699,2025-01-04T08:29:00Z,level_start,14,20,shuffle,2,17182,0,0,,,0,0,0.0,0.0,US,android,SamsungS23,925,5,5.1.0
M3M_50069,MS000041,2025-01-04T08:31:00Z,level_complete,2,6,none,0,2090,1,0,,,160,0,0.0,0.0,US,ios,iPhone14,1347,18,5.1.1
M3M_50059,MS000703,2025-01-04T08:50:00Z,level_start,7,20,none,0,12446,4,0,,,0,0,0.0,0.0,UK,android,SamsungS24,1525,0,5.2.0
M3M_50044,MS000633,2025-01-04T10:08:00Z,level_start,8,20,none,0,15024,0,0,,,0,0,0.0,0.0,KR,android,SamsungS23,1960,0,5.2.0
M3M_50007,MS000409,2025-01-04T10:10:00Z,level_start,5,20,none,0,7345,0,0,,,0,0,0.0,0.0,IT,ios,iPhone15Pro,1375,0,5.2.0
M3M_50005,MS000080,2025-01-04T10:13:00Z,decoration_placed,5,7,none,0,9860,5,0,outdoor,DECO_9557,0,198,0.0,0.0,US,android,SamsungS23,547,5,5.2.0
M3M_50044,MS000432,2025-01-04T10:17:00Z,booster_used,6,8,none,0,8508,0,0,,,0,0,0.0,0.0,KR,android,SamsungS23,1866,0,5.2.0
M3M_50054,MS000649,2025-01-04T10:42:00Z,ad_watched,10,8,none,0,17540,0,0,,,0,0,0.0,0.0071,ES,android,SamsungS23,1287,0,5.1.1
M3M_50028,MS000552,2025-01-04T11:09:00Z,level_start,6,20,none,0,7014,2,0,,,0,0,0.0,0.0,DE,ios,iPhone14,2364,17,5.1.0
M3M_50007,MS000212,2025-01-04T11:43:00Z,story_progress,2,14,none,0,3644,4,3,,,0,0,0.0,0.0,IT,ios,iPhone15Pro,669,0,5.2.0
M3M_50044,MS000317,2025-01-04T12:20:00Z,purchase,3,14,none,0,3777,5,0,,,0,0,0.0,0.0,KR,android,SamsungS23,1885,0,5.2.0
M3M_50007,MS000527,2025-01-04T12:47:00Z,decoration_placed,9,17,bomb,2,16585,0,0,garden,DECO_6038,0,623,0.0,0.0,IT,ios,iPhone15Pro,2113,0,5.2.0
M3M_50044,MS000389,2025-01-04T13:13:00Z,ad_watched,4,16,none,0,7268,2,0,,,0,0,0.0,0.0105,KR,android,SamsungS23,1541,0,5.1.1
M3M_50070,MS000334,2025-01-04T13:30:00Z,level_failed,3,0,rainbow,1,6635,2,0,,,0,0,0.0,0.0,KR,android,SamsungS23,464,11,5.1.1
M3M_50054,MS000535,2025-01-04T13:31:00Z,level_start,8,20,none,0,8576,5,0,,,0,0,0.0,0.0,ES,android,SamsungS23,1439,0,5.1.1
M3M_50007,MS000492,2025-01-04T13:33:00Z,level_start,7,20,none,0,11277,3,0,,,0,0,0.0,0.0,IT,ios,iPhone15Pro,1301,0,5.2.0
M3M_50055,MS000198,2025-01-04T13:34:00Z,level_start,6,20,none,0,6546,1,0,,,0,0,0.0,0.0,JP,android,SamsungS24,2328,0,5.1.0
M3M_50055,MS000106,2025-01-04T14:47:00Z,decoration_placed,4,7,none,0,4836,0,0,house,DECO_7850,0,501,0.0,0.0,JP,android,SamsungS24,1682,0,5.1.0
M3M_50044,MS000016,2025-01-04T15:14:00Z,booster_used,2,7,none,0,2196,3,0,,,0,0,0.0,0.0,KR,android,SamsungS23,1115,0,5.1.0
M3M_50059,MS000272,2025-01-04T15:28:00Z,ad_watched,4,13,none,0,4036,5,0,,,0,0,0.0,0.0156,UK,android,SamsungS24,1790,0,5.1.1
M3M_50007,MS000084,2025-01-04T15:43:00Z,level_start,1,20,none,0,1726,4,0,,,0,0,0.0,0.0,IT,ios,iPhone15Pro,1648,0,5.2.0
M3M_50044,MS000353,2025-01-04T15:56:00Z,level_start,4,20,none,0,7852,0,0,,,0,0,0.0,0.0,KR,android,SamsungS23,658,0,5.1.0
M3M_50054,MS000503,2025-01-04T16:05:00Z,level_start,6,20,none,0,8094,5,0,,,0,0,0.0,0.0,ES,android,SamsungS23,1365,0,5.1.1
M3M_50054,MS000022,2025-01-04T16:11:00Z,level_start,3,20,none,0,3987,1,0,,,0,0,0.0,0.0,ES,android,SamsungS23,1138,0,5.1.1
M3M_50054,MS000128,2025-01-04T17:02:00Z,level_complete,6,11,none,0,6894,4,0,,,229,0,0.0,0.0,ES,android,SamsungS23,2005,0,5.2.0
M3M_50054,MS000055,2025-01-04T17:34:00Z,booster_used,4,5,none,0,6368,2,0,,,0,0,0.0,0.0,ES,android,SamsungS23,2256,0,5.2.0
M3M_50007,MS000213,2025-01-04T17:40:00Z,booster_used,3,4,hammer,2,5743,1,0,,,0,0,0.0,0.0,IT,ios,iPhone15Pro,1946,0,5.1.1
M3M_50055,MS000015,2025-01-04T17:41:00Z,level_failed,3,0,none,0,4200,0,0,,,0,0,0.0,0.0,JP,android,SamsungS24,518,0,5.2.0
M3M_50031,MS000162,2025-01-04T17:54:00Z,level_complete,4,6,none,0,4048,5,0,,,55,0,0.0,0.0,IT,ios,iPhone15Pro,988,0,5.1.0
M3M_50059,MS000687,2025-01-04T18:05:00Z,level_complete,6,12,none,0,6840,1,0,,,124,0,0.0,0.0,UK,android,SamsungS24,685,0,5.2.0
M3M_50058,MS000464,2025-01-04T18:39:00Z,booster_used,4,16,none,0,5308,5,0,,,0,0,0.0,0.0,UK,android,SamsungS23,2178,4,5.1.1
M3M_50054,MS000234,2025-01-04T18:48:00Z,level_complete,6,9,none,0,11964,0,0,,,270,0,0.0,0.0,ES,android,SamsungS23,1722,0,5.1.0
M3M_50052,MS000681,2025-01-04T18:49:00Z,level_start,7,20,none,0,13888,3,0,,,0,0,0.0,0.0,US,android,XiaomiRedmi,2202,1,5.1.0
M3M_50007,MS000610,2025-01-04T19:10:00Z,decoration_placed,10,7,none,0,13810,2,0,house,DECO_6451,0,964,0.0,0.0,IT,ios,iPhone15Pro,2229,0,5.2.0
M3M_50044,MS000683,2025-01-04T19:18:00Z,purchase,10,5,none,0,11700,0,0,,,0,0,0.0,0.0,KR,android,SamsungS23,516,0,5.1.0
M3M_50031,MS000050,2025-01-04T19:28:00Z,story_progress,3,11,none,0,5403,4,4,,,0,0,0.0,0.0,IT,ios,iPhone15Pro,1740,0,5.1.0
M3M_50044,MS000405,2025-01-04T19:47:00Z,level_complete,5,5,none,0,8830,0,0,,,173,0,0.0,0.0,KR,android,SamsungS23,1968,0,5.1.1
M3M_50054,MS000101,2025-01-04T20:00:00Z,level_start,6,20,none,0,9780,5,0,,,0,0,0.0,0.0,ES,android,SamsungS23,1164,0,5.1.0
M3M_50044,MS000652,2025-01-04T20:07:00Z,decoration_placed,9,18,none,0,17352,4,0,furniture,DECO_2117,0,659,0.0,0.0,KR,android,SamsungS23,447,0,5.1.0
M3M_50059,MS000109,2025-01-04T20:37:00Z,level_complete,1,10,none,0,1469,2,0,,,485,0,0.0,0.0,UK,android,SamsungS24,1064,0,5.1.0
M3M_50059,MS000309,2025-01-04T20:41:00Z,level_failed,4,0,none,0,5412,2,0,,,0,0,0.0,0.0,UK,android,SamsungS24,1350,0,5.1.0
M3M_50055,MS000114,2025-01-04T21:39:00Z,level_complete,4,1,none,0,7300,5,0,,,229,0,0.0,0.0,JP,android,SamsungS24,2155,0,5.1.1
M3M_50031,MS000190,2025-01-04T21:55:00Z,decoration_placed,7,11,shuffle,2,10070,3,0,seasonal,DECO_9160,0,836,0.0,0.0,IT,ios,iPhone15Pro,1559,0,5.2.0
M3M_50073,MS000193,2025-01-04T22:21:00Z,level_start,5,20,hammer,2,7385,0,0,,,0,0,0.0,0.0,ES,ios,iPhone14,1543,20,5.1.0
M3M_50005,MS000400,2025-01-04T22:23:00Z,booster_used,11,4,extra_moves,1,16486,5,0,,,0,0,0.0,0.0,US,android,SamsungS23,2225,5,5.1.1
M3M_50007,MS000081,2025-01-04T22:25:00Z,decoration_placed,1,14,none,0,1807,5,0,garden,DECO_4841,0,794,0.0,0.0,IT,ios,iPhone15Pro,1557,0,5.1.1
M3M_50059,MS000143,2025-01-04T22:27:00Z,booster_used,2,6,none,0,2774,3,0,,,0,0,0.0,0.0,UK,android,SamsungS24,1664,0,5.2.0
M3M_50061,MS000402,2025-01-05T11:21:00Z,purchase,8,11,none,0,12064,5,0,,,0,0,0.0,0.0,US,android,XiaomiRedmi,570,1,5.1.1
M3M_50059,MS000293,2025-01-05T11:54:00Z,level_start,4,20,none,0,7544,4,0,,,0,0,0.0,0.0,UK,android,SamsungS24,1942,1,5.2.0
M3M_50044,MS000648,2025-01-05T12:06:00Z,booster_used,9,9,none,0,9639,2,0,,,0,0,0.0,0.0,KR,android,SamsungS23,1694,1,5.1.1
M3M_50043,MS000375,2025-01-05T12:13:00Z,level_start,8,20,none,0,8168,2,0,,,0,0,0.0,0.0,BR,ios,iPhone15,628,2,5.2.0
M3M_50006,MS000418,2025-01-05T12:13:00Z,level_complete,10,2,none,0,17640,3,0,,,364,0,0.0,0.0,DE,ios,iPhone13,2098,6,5.1.1
M3M_50013,MS000609,2025-01-05T12:14:00Z,level_start,10,20,none,0,15750,0,0,,,0,0,0.0,0.0,FR,android,Pixel8,2048,0,5.2.0
M3M_50023,MS000738,2025-01-05T12:52:00Z,level_complete,8,4,none,0,14792,5,0,,,347,0,0.0,0.0,BR,android,OnePlus12,1132,10,5.2.0
M3M_50005,MS000039,2025-01-05T12:57:00Z,level_start,3,20,none,0,5397,0,0,,,0,0,0.0,0.0,US,android,SamsungS23,400,6,5.1.0
M3M_50062,MS000381,2025-01-05T13:31:00Z,level_complete,4,3,none,0,7576,1,0,,,487,0,0.0,0.0,BR,android,XiaomiRedmi,1726,3,5.1.0
M3M_50044,MS000182,2025-01-05T14:09:00Z,level_start,3,20,none,0,3387,4,0,,,0,0,0.0,0.0,KR,android,SamsungS23,1132,1,5.1.1
M3M_50020,MS000017,2025-01-05T14:10:00Z,booster_used,2,8,none,0,2854,1,0,,,0,0,0.0,0.0,BR,ios,iPhone13,664,23,5.1.1
M3M_50061,MS000308,2025-01-05T15:11:00Z,level_complete,6,1,none,0,11412,2,0,,,290,0,0.0,0.0,US,android,XiaomiRedmi,2117,1,5.1.0
M3M_50052,MS000222,2025-01-05T16:13:00Z,level_complete,3,4,none,0,3093,3,0,,,204,0,0.0,0.0,US,android,XiaomiRedmi,2145,2,5.1.0
M3M_50053,MS000225,2025-01-05T17:04:00Z,level_start,6,20,none,0,10692,1,0,,,0,0,0.0,0.0,AU,ios,iPhone15,2171,0,5.2.0
M3M_50078,MS000455,2025-01-05T18:12:00Z,level_complete,10,10,none,0,10030,2,0,,,61,0,0.0,0.0,JP,android,Pixel8,785,4,5.1.0
M3M_50078,MS000421,2025-01-05T18:41:00Z,decoration_placed,6,8,none,0,10194,5,0,seasonal,DECO_3179,0,918,0.0,0.0,JP,android,Pixel8,1854,4,5.2.0
M3M_50028,MS000292,2025-01-05T20:21:00Z,level_complete,5,9,none,0,6470,0,0,,,291,0,0.0,0.0,DE,ios,iPhone14,1844,18,5.1.1
M3M_50078,MS000608,2025-01-05T20:28:00Z,level_start,14,20,none,0,20230,4,0,,,0,0,0.0,0.0,JP,android,Pixel8,2248,4,5.1.0
M3M_50061,MS000205,2025-01-05T20:35:00Z,decoration_placed,3,13,none,0,5772,2,0,seasonal,DECO_7202,0,605,0.0,0.0,US,android,XiaomiRedmi,529,1,5.1.0
M3M_50042,MS000348,2025-01-05T21:58:00Z,level_failed,7,0,none,0,11340,5,0,,,0,0,0.0,0.0,UK,android,SamsungS24,212,4,5.2.0
M3M_50006,MS000085,2025-01-06T09:23:00Z,level_complete,4,10,rainbow,2,7116,4,0,,,283,0,0.0,0.0,DE,ios,iPhone13,753,7,5.1.0
M3M_50031,MS000233,2025-01-06T10:31:00Z,story_progress,9,8,none,0,17055,0,4,,,0,0,0.0,0.0,IT,ios,iPhone15Pro,1795,2,5.1.0
M3M_50023,MS000149,2025-01-06T10:56:00Z,story_progress,3,5,none,0,3891,0,4,,,0,0,0.0,0.0,BR,android,OnePlus12,200,11,5.2.0
M3M_50078,MS000593,2025-01-06T12:56:00Z,level_failed,12,0,rainbow,2,18316,4,0,,,0,0,0.0,0.0,JP,android,Pixel8,1282,5,5.2.0
M3M_50013,MS000025,2025-01-06T13:22:00Z,story_progress,3,10,none,0,3888,4,9,,,0,0,0.0,0.0,FR,android,Pixel8,1335,1,5.1.0
M3M_50042,MS000566,2025-01-06T13:36:00Z,booster_used,11,13,none,0,19668,1,0,,,0,0,0.0,0.0,UK,android,SamsungS24,761,5,5.2.0
M3M_50008,MS000677,2025-01-06T13:48:00Z,level_complete,12,3,none,0,23316,0,0,,,322,0,0.0,0.0,IT,ios,iPhone15Pro,1746,24,5.2.0
M3M_50031,MS000301,2025-01-06T14:46:00Z,level_start,10,20,none,0,18290,3,0,,,0,0,0.0,0.0,IT,ios,iPhone15Pro,1454,2,5.1.0
M3M_50005,MS000583,2025-01-06T16:45:00Z,booster_used,12,8,none,0,13464,0,0,,,0,0,0.0,0.0,US,android,SamsungS23,1898,7,5.1.1
M3M_50005,MS000289,2025-01-06T16:59:00Z,level_start,9,20,none,0,16092,2,0,,,0,0,0.0,0.0,US,android,SamsungS23,239,7,5.1.1
M3M_50069,MS000639,2025-01-06T19:01:00Z,level_start,15,20,none,0,24975,4,0,,,0,0,0.0,0.0,US,ios,iPhone14,1141,20,5.1.0
M3M_50069,MS000194,2025-01-06T19:42:00Z,level_failed,6,0,none,0,11796,4,0,,,0,0,0.0,0.0,US,ios,iPhone14,1582,20,5.1.0
M3M_50043,MS000256,2025-01-06T20:05:00Z,level_complete,3,5,none,0,3960,4,0,,,394,0,0.0,0.0,BR,ios,iPhone15,1849,3,5.2.0
M3M_50042,MS000598,2025-01-06T22:06:00Z,level_start,12,20,none,0,16968,2,0,,,0,0,0.0,0.0,UK,android,SamsungS24,2164,5,5.1.1
M3M_50042,MS000206,2025-01-07T08:40:00Z,purchase,6,5,none,0,6792,1,0,,,0,0,2.99,0.0,UK,android,SamsungS24,948,6,5.1.1
M3M_50043,MS000307,2025-01-07T08:46:00Z,level_start,7,20,none,0,9898,5,0,,,0,0,0.0,0.0,BR,ios,iPhone15,1999,4,5.2.0
M3M_50052,MS000365,2025-01-07T09:58:00Z,level_failed,3,0,extra_moves,1,6494,4,0,,,0,0,0.0,0.0,US,android,XiaomiRedmi,747,4,5.1.0
M3M_50043,MS000382,2025-01-07T10:00:00Z,level_start,10,20,none,0,15020,5,0,,,0,0,0.0,0.0,BR,ios,iPhone15,1940,4,5.1.0
M3M_50008,MS000653,2025-01-07T11:04:00Z,level_complete,10,12,rainbow,1,17510,3,0,,,322,0,0.0,0.0,IT,ios,iPhone15Pro,207,25,5.2.0
M3M_50043,MS000550,2025-01-07T11:14:00Z,booster_used,10,8,none,0,19400,3,0,,,0,0,0.0,0.0,BR,ios,iPhone15,2090,4,5.1.1
M3M_50031,MS000642,2025-01-07T11:27:00Z,booster_used,13,12,none,0,14209,3,0,,,0,0,0.0,0.0,IT,ios,iPhone15Pro,598,3,5.2.0
M3M_50008,MS000708,2025-01-07T11:45:00Z,level_start,13,20,none,0,25025,4,0,,,0,0,0.0,0.0,IT,ios,iPhone15Pro,864,25,5.1.0
M3M_50031,MS000679,2025-01-07T12:47:00Z,level_complete,16,6,none,0,18720,2,0,,,391,0,0.0,0.0,IT,ios,iPhone15Pro,2208,3,5.1.0
M3M_50052,MS000131,2025-01-07T13:36:00Z,level_complete,2,7,none,0,3062,0,0,,,474,0,0.0,0.0,US,android,XiaomiRedmi,1679,4,5.1.1
M3M_50070,MS000666,2025-01-07T14:03:00Z,level_start,5,20,none,0,8605,4,0,,,0,0,0.0,0.0,KR,android,SamsungS23,2147,14,5.1.0
M3M_50070,MS000486,2025-01-07T15:28:00Z,level_complete,3,3,none,0,3132,3,0,,,51,0,0.0,0.0,KR,android,SamsungS23,801,14,5.1.0
M3M_50058,MS000615,2025-01-07T16:02:00Z,level_complete,7,1,none,0,9814,4,0,,,65,0,0.0,0.0,UK,android,SamsungS23,1650,7,5.1.0
M3M_50078,MS000073,2025-01-07T16:07:00Z,level_start,2,20,none,0,3974,5,0,,,0,0,0.0,0.0,JP,android,Pixel8,2153,6,5.2.0
M3M_50042,MS000316,2025-01-07T18:27:00Z,level_complete,6,7,rainbow,2,10972,2,0,,,190,0,0.0,0.0,UK,android,SamsungS24,806,6,5.2.0
M3M_50013,MS000548,2025-01-07T18:43:00Z,level_start,7,20,none,0,13692,3,0,,,0,0,0.0,0.0,FR,android,Pixel8,596,2,5.1.1
M3M_50009,MS000592,2025-01-07T18:53:00Z,story_progress,9,5,none,0,12384,1,5,,,0,0,0.0,0.0,AU,android,SamsungS23,819,22,5.2.0
M3M_50078,MS000090,2025-01-07T19:20:00Z,booster_used,2,12,none,0,3664,1,0,,,0,0,0.0,0.0,JP,android,Pixel8,1500,6,5.1.0
M3M_50061,MS000433,2025-01-07T19:38:00Z,story_progress,8,8,none,0,8408,0,4,,,0,0,0.0,0.0,US,android,XiaomiRedmi,1531,3,5.1.0
M3M_50013,MS000126,2025-01-07T20:15:00Z,booster_used,6,14,extra_moves,2,8212,5,0,,,0,0,0.0,0.0,FR,android,Pixel8,565,2,5.1.1
M3M_50023,MS000483,2025-01-07T22:43:00Z,booster_used,5,8,none,0,5070,2,0,,,0,0,0.0,0.0,BR,android,OnePlus12,1930,12,5.1.1
M3M_50020,MS000720,2025-01-08T08:18:00Z,level_complete,14,6,none,0,23464,1,0,,,451,0,0.0,0.0,BR,ios,iPhone13,647,26,5.1.0
M3M_50013,MS000574,2025-01-08T12:04:00Z,level_complete,8,7,none,0,14072,3,0,,,87,0,0.0,0.0,FR,android,Pixel8,846,3,5.1.0
M3M_50031,MS000499,2025-01-08T13:57:00Z,booster_used,12,11,none,0,16596,1,0,,,0,0,0.0,0.0,IT,ios,iPhone15Pro,595,4,5.1.1
M3M_50078,MS000437,2025-01-08T14:33:00Z,booster_used,8,18,none,0,14056,2,0,,,0,0,0.0,0.0,JP,android,Pixel8,433,7,5.1.0
M3M_50058,MS000557,2025-01-08T15:06:00Z,purchase,6,3,bomb,2,11026,0,0,,,0,0,0.0,0.0,UK,android,SamsungS23,255,8,5.1.1
M3M_50073,MS000311,2025-01-08T16:06:00Z,level_start,5,20,none,0,7870,0,0,,,0,0,0.0,0.0,ES,ios,iPhone14,932,24,5.1.0
M3M_50078,MS000576,2025-01-08T17:46:00Z,level_failed,11,0,none,0,20262,0,0,,,0,0,0.0,0.0,JP,android,Pixel8,674,7,5.1.0
M3M_50062,MS000667,2025-01-08T18:13:00Z,level_complete,6,1,none,0,9654,3,0,,,467,0,0.0,0.0,BR,android,XiaomiRedmi,1979,6,5.1.1
M3M_50008,MS000312,2025-01-08T18:23:00Z,level_start,6,20,none,0,7314,5,0,,,0,0,0.0,0.0,IT,ios,iPhone15Pro,834,26,5.2.0
M3M_50078,MS000277,2025-01-08T19:46:00Z,story_progress,4,4,none,0,5140,1,4,,,0,0,0.0,0.0,JP,android,Pixel8,1906,7,5.1.0
M3M_50053,MS000731,2025-01-08T20:14:00Z,level_start,8,20,none,0,8424,4,0,,,0,0,0.0,0.0,AU,ios,iPhone15,2361,3,5.1.0
M3M_50034,MS000026,2025-01-08T20:38:00Z,level_failed,1,0,none,0,1773,3,0,,,0,0,0.0,0.0,US,android,Pixel8,1182,22,5.1.1
M3M_50031,MS000136,2025-01-08T22:36:00Z,level_start,3,20,none,0,3471,5,0,,,0,0,0.0,0.0,IT,ios,iPhone15Pro,2199,4,5.1.1
M3M_50042,MS000671,2025-01-08T22:56:00Z,purchase,12,9,none,0,15564,4,0,,,0,0,2.99,0.0,UK,android,SamsungS24,526,7,5.1.1
M3M_50034,MS000562,2025-01-09T08:00:00Z,level_start,13,20,none,0,25350,5,0,,,0,0,0.0,0.0,US,android,Pixel8,1117,23,5.1.0
M3M_50061,MS000227,2025-01-09T08:27:00Z,level_complete,5,8,none,0,9880,2,0,,,499,0,0.0,0.0,US,android,XiaomiRedmi,2360,5,5.1.1
M3M_50052,MS000424,2025-01-09T08:42:00Z,booster_used,4,17,none,0,4740,4,0,,,0,0,0.0,0.0,US,android,XiaomiRedmi,357,6,5.2.0
M3M_50053,MS000461,2025-01-09T09:22:00Z,level_start,7,20,extra_moves,2,12863,1,0,,,0,0,0.0,0.0,AU,ios,iPhone15,1858,4,5.2.0
M3M_50031,MS000181,2025-01-09T09:48:00Z,level_complete,6,4,none,0,11772,5,0,,,226,0,0.0,0.0,IT,ios,iPhone15Pro,2168,5,5.2.0
M3M_50034,MS000491,2025-01-09T10:09:00Z,booster_used,12,6,none,0,22812,3,0,,,0,0,0.0,0.0,US,android,Pixel8,2058,23,5.1.1
M3M_50069,MS000291,2025-01-09T10:12:00Z,level_complete,11,2,none,0,13629,2,0,,,414,0,0.0,0.0,US,ios,iPhone14,572,23,5.2.0
M3M_50061,MS000621,2025-01-09T10:40:00Z,ad_watched,8,3,none,0,9312,2,0,,,0,0,0.0,0.0102,US,android,XiaomiRedmi,2362,5,5.1.0
M3M_50013,MS000099,2025-01-09T12:46:00Z,decoration_placed,5,17,hammer,2,6810,3,0,house,DECO_5928,0,987,0.0,0.0,FR,android,Pixel8,416,4,5.2.0
M3M_50052,MS000541,2025-01-09T13:17:00Z,level_failed,6,0,none,0,7200,4,0,,,0,0,0.0,0.0,US,android,XiaomiRedmi,1717,6,5.1.0
M3M_50031,MS000696,2025-01-09T15:06:00Z,level_start,17,20,none,0,23069,0,0,,,0,0,0.0,0.0,IT,ios,iPhone15Pro,1637,5,5.1.0
M3M_50061,MS000358,2025-01-09T16:37:00Z,booster_used,6,16,none,0,6294,2,0,,,0,0,0.0,0.0,US,android,XiaomiRedmi,1693,5,5.2.0
M3M_50042,MS000454,2025-01-09T17:06:00Z,level_start,7,20,none,0,10997,4,0,,,0,0,0.0,0.0,UK,android,SamsungS24,861,8,5.2.0
M3M_50052,MS000185,2025-01-09T19:48:00Z,booster_used,3,7,none,0,5742,5,0,,,0,0,0.0,0.0,US,android,XiaomiRedmi,417,6,5.1.1
M3M_50053,MS000137,2025-01-09T20:21:00Z,booster_used,3,8,none,0,4167,3,0,,,0,0,0.0,0.0,AU,ios,iPhone15,315,4,5.2.0
M3M_50023,MS000624,2025-01-09T21:52:00Z,level_complete,7,5,none,0,8841,1,0,,,419,0,0.0,0.0,BR,android,OnePlus12,2329,14,5.2.0
M3M_50053,MS000147,2025-01-09T22:19:00Z,level_failed,4,0,none,0,6504,5,0,,,0,0,0.0,0.0,AU,ios,iPhone15,1215,4,5.1.0
M3M_50042,MS000082,2025-01-10T08:10:00Z,level_complete,5,5,none,0,8590,1,0,,,458,0,0.0,0.0,UK,android,SamsungS24,420,9,5.1.0
M3M_50031,MS000299,2025-01-10T08:38:00Z,level_complete,9,10,extra_moves,1,15731,2,0,,,393,0,0.0,0.0,IT,ios,iPhone15Pro,298,6,5.2.0
M3M_50058,MS000037,2025-01-10T10:21:00Z,booster_used,1,9,none,0,1876,4,0,,,0,0,0.0,0.0,UK,android,SamsungS23,935,10,5.2.0
M3M_50053,MS000657,2025-01-10T11:29:00Z,level_complete,7,2,none,0,7679,3,0,,,282,0,0.0,0.0,AU,ios,iPhone15,1341,5,5.1.0
M3M_50070,MS000594,2025-01-10T14:06:00Z,level_start,3,20,none,0,3414,4,0,,,0,0,0.0,0.0,KR,android,SamsungS23,1542,17,5.2.0
M3M_50034,MS000221,2025-01-10T16:06:00Z,decoration_placed,6,5,none,0,9042,0,0,furniture,DECO_8664,0,729,0.0,0.0,US,android,Pixel8,584,24,5.1.0
M3M_50069,MS000249,2025-01-10T16:18:00Z,booster_used,10,8,none,0,12600,2,0,,,0,0,0.0,0.0,US,ios,iPhone14,1994,24,5.1.1
M3M_50061,MS000395,2025-01-10T16:24:00Z,level_failed,8,0,none,0,10904,4,0,,,0,0,0.0,0.0,US,android,XiaomiRedmi,270,6,5.1.0
M3M_50031,MS000644,2025-01-10T17:57:00Z,level_failed,15,0,none,0,17130,2,0,,,0,0,0.0,0.0,IT,ios,iPhone15Pro,265,6,5.1.0
M3M_50009,MS000694,2025-01-10T18:26:00Z,decoration_placed,10,7,extra_moves,1,11570,1,0,garden,DECO_9406,0,238,0.0,0.0,AU,android,SamsungS23,825,25,5.1.1
M3M_50043,MS000217,2025-01-10T18:31:00Z,level_start,2,20,none,0,2300,5,0,,,0,0,0.0,0.0,BR,ios,iPhone15,246,7,5.1.0
M3M_50043,MS000275,2025-01-10T18:53:00Z,booster_used,5,9,none,0,7250,0,0,,,0,0,0.0,0.0,BR,ios,iPhone15,547,7,5.1.1
M3M_50030,MS000638,2025-01-10T20:07:00Z,decoration_placed,10,5,none,0,10200,2,0,seasonal,DECO_5313,0,309,0.0,0.0,US,android,XiaomiRedmi,1856,21,5.1.0
