user_id,session_id,timestamp,event_name,level,moves,booster,boosters_used,lives,score,iap_revenue,ad_revenue,country,platform,device,session_duration,days_since_install,version
PZL_10041,S000235,2024-12-11T08:57:51Z,level_start,3,25,none,0,4,3498,0.0,0.0,JP,ios,iPhone15Pro,1690,0,2.1.1
PZL_10041,S000155,2024-12-11T13:20:26Z,level_complete,1,4,none,0,0,1067,0.0,0.0,JP,ios,iPhone15Pro,1253,0,2.2.1
PZL_10047,S000411,2024-12-11T13:22:38Z,booster_used,7,10,none,0,4,8764,0.0,0.0,DE,ios,iPhoneSE,1022,0,2.1.0
PZL_10041,S000407,2024-12-11T13:32:44Z,level_start,6,25,none,0,3,7536,0.0,0.0,JP,ios,iPhone15Pro,1661,0,2.1.0
PZL_10041,S000422,2024-12-11T16:34:46Z,level_start,6,25,none,0,1,4980,0.0,0.0,JP,ios,iPhone15Pro,1687,0,2.2.0
PZL_10041,S000720,2024-12-11T16:50:26Z,booster_used,9,12,none,0,2,10350,0.0,0.0,JP,ios,iPhone15Pro,1224,0,2.1.0
PZL_10047,S000396,2024-12-11T17:45:04Z,ad_watched,7,11,none,0,0,8953,0.0,0.0122,DE,ios,iPhoneSE,244,0,2.2.0
PZL_10041,S000485,2024-12-11T18:00:53Z,level_start,6,25,none,0,0,7536,0.0,0.0,JP,ios,iPhone15Pro,839,0,2.1.1
PZL_10047,S000010,2024-12-11T19:09:27Z,level_failed,2,0,none,0,2,2860,0.0,0.0,DE,ios,iPhoneSE,1775,0,2.2.1
PZL_10055,S000184,2024-12-11T19:13:13Z,booster_used,9,7,none,0,4,8919,0.0,0.0,FR,android,Pixel7,523,0,2.2.1
PZL_10041,S000275,2024-12-11T20:05:31Z,level_failed,5,0,none,0,5,4295,0.0,0.0,JP,ios,iPhone15Pro,129,0,2.2.1
PZL_10047,S000209,2024-12-11T20:30:49Z,level_start,4,25,rainbow,1,0,3944,0.0,0.0,DE,ios,iPhoneSE,1736,0,2.2.1
PZL_10047,S000297,2024-12-11T21:14:54Z,level_complete,7,13,none,0,3,10304,0.0,0.0,DE,ios,iPhoneSE,864,0,2.2.1
PZL_10041,S000750,2024-12-11T21:18:53Z,level_complete,9,8,none,0,2,8541,0.0,0.0,JP,ios,iPhone15Pro,1649,0,2.1.0
PZL_10041,S000534,2024-12-11T22:42:23Z,level_start,9,25,none,0,2,10755,0.0,0.0,JP,ios,iPhone15Pro,883,0,2.1.0
PZL_10023,S000683,2024-12-12T08:11:53Z,lives_purchased,12,5,none,0,1,14256,0,0.0,UK,ios,iPhone15Pro,1461,0,2.1.0
PZL_10047,S000416,2024-12-12T08:18:55Z,level_start,10,30,none,0,5,9010,0.0,0.0,DE,ios,iPhoneSE,766,1,2.2.1
PZL_10049,S000433,2024-12-12T08:49:10Z,level_complete,6,11,none,0,1,5688,0.0,0.0,MX,android,XiaomiRedmi,486,0,2.1.0
PZL_10049,S000638,2024-12-12T09:20:33Z,booster_used,6,16,none,0,1,7410,0.0,0.0,MX,android,XiaomiRedmi,287,0,2.1.0
PZL_10023,S000662,2024-12-12T09:29:23Z,level_complete,10,4,none,0,2,14960,0.0,0.0,UK,ios,iPhone15Pro,1572,0,2.2.0
PZL_10047,S000178,2024-12-12T09:49:15Z,level_start,4,25,none,0,4,5840,0.0,0.0,DE,ios,iPhoneSE,1507,1,2.2.1
PZL_10023,S000511,2024-12-12T10:29:46Z,level_failed,9,0,none,0,1,10287,0.0,0.0,UK,ios,iPhone15Pro,380,0,2.1.0
PZL_10023,S000366,2024-12-12T10:57:54Z,booster_used,3,14,none,0,4,2544,0.0,0.0,UK,ios,iPhone15Pro,1534,0,2.1.1
PZL_10055,S000440,2024-12-12T12:30:08Z,level_failed,9,0,none,0,4,11007,0.0,0.0,FR,android,Pixel7,1194,1,2.1.1
PZL_10049,S000005,2024-12-12T12:53:05Z,level_start,4,25,none,0,2,4116,0.0,0.0,MX,android,XiaomiRedmi,1451,0,2.1.0
PZL_10023,S000446,2024-12-12T13:53:21Z,lives_purchased,6,6,none,0,3,5754,0,0.0,UK,ios,iPhone15Pro,1404,0,2.2.1
PZL_10049,S000274,2024-12-12T14:03:55Z,level_start,6,25,none,0,3,8298,0.0,0.0,MX,android,XiaomiRedmi,1057,0,2.1.1
PZL_10049,S000698,2024-12-12T14:04:34Z,level_start,6,25,none,0,4,7572,0.0,0.0,MX,android,XiaomiRedmi,1428,0,2.2.0
PZL_10049,S000566,2024-12-12T14:22:22Z,level_complete,6,11,none,0,1,8778,0.0,0.0,MX,android,XiaomiRedmi,759,0,2.1.0
PZL_10023,S000495,2024-12-12T14:42:12Z,level_failed,8,0,none,0,5,9336,0.0,0.0,UK,ios,iPhone15Pro,1116,0,2.1.0
PZL_10049,S000234,2024-12-12T15:34:50Z,level_complete,6,10,none,0,3,6456,0.0,0.0,MX,android,XiaomiRedmi,488,0,2.1.0
PZL_10070,S000253,2024-12-12T16:03:53Z,booster_used,10,18,none,0,5,12860,0.0,0.0,KR,android,SamsungS24,602,0,2.2.1
PZL_10049,S000657,2024-12-12T17:53:32Z,level_start,6,25,none,0,4,5226,0.0,0.0,MX,android,XiaomiRedmi,735,0,2.1.0
PZL_10049,S000247,2024-12-12T19:04:35Z,level_complete,6,10,none,0,5,4986,0.0,0.0,MX,android,XiaomiRedmi,1003,0,2.1.1
PZL_10049,S000281,2024-12-12T20:34:39Z,level_complete,6,1,none,0,5,4920,0.0,0.0,MX,android,XiaomiRedmi,218,0,2.1.0
PZL_10070,S000145,2024-12-12T21:14:15Z,level_complete,7,5,none,0,5,6405,0.0,0.0,KR,android,SamsungS24,185,0,2.2.1
PZL_10070,S000133,2024-12-12T22:08:54Z,level_complete,4,13,none,0,1,5076,0.0,0.0,KR,android,SamsungS24,1447,0,2.2.0
PZL_10066,S000028,2024-12-13T18:55:34Z,level_complete,4,4,none,0,4,5240,0.0,0.0,MX,android,OnePlus12,1400,0,2.2.1
PZL_10058,S000621,2024-12-14T08:10:18Z,level_complete,13,8,none,0,1,18213,0.0,0.0,BR,android,Pixel8,1522,0,2.2.0
PZL_10058,S000014,2024-12-14T09:18:14Z,level_failed,4,0,none,0,4,4708,0.0,0.0,BR,android,Pixel8,1089,0,2.2.0
PZL_10034,S000256,2024-12-14T09:24:35Z,level_complete,6,14,none,0,3,4872,0.0,0.0,IN,android,SamsungS23,1730,1,2.2.1
PZL_10057,S000496,2024-12-14T10:02:12Z,level_failed,6,0,none,0,3,7188,0.0,0.0,IN,android,SamsungS23,249,0,2.2.0
PZL_10058,S000605,2024-12-14T11:55:03Z,level_complete,12,1,none,0,4,16992,0.0,0.0,BR,android,Pixel8,901,0,2.1.0
PZL_10058,S000244,2024-12-14T12:13:15Z,level_complete,9,13,hammer,1,3,11732,0.0,0.0,BR,android,Pixel8,1620,0,2.2.1
PZL_10058,S000033,2024-12-14T13:21:35Z,level_complete,7,6,none,0,5,7308,0.0,0.0,BR,android,Pixel8,1291,0,2.2.1
PZL_10057,S000192,2024-12-14T14:06:47Z,level_complete,6,1,none,0,2,5334,0.0,0.0,IN,android,SamsungS23,1019,0,2.1.0
PZL_10057,S000200,2024-12-14T14:12:44Z,lives_purchased,6,14,none,0,2,5370,0,0.0,IN,android,SamsungS23,1460,0,2.2.0
PZL_10034,S000614,2024-12-14T14:34:01Z,level_complete,6,1,none,0,3,7626,0.0,0.0,IN,android,SamsungS23,1536,1,2.2.1
PZL_10066,S000135,2024-12-14T14:42:06Z,ad_watched,9,20,none,0,1,7254,0.0,0.0047,MX,android,OnePlus12,602,1,2.2.1
PZL_10058,S000301,2024-12-14T15:00:33Z,level_complete,9,7,none,0,3,11880,0.0,0.0,BR,android,Pixel8,1719,0,2.1.1
PZL_10058,S000328,2024-12-14T15:35:06Z,level_failed,10,0,rainbow,1,4,10510,0.0,0.0,BR,android,Pixel8,659,0,2.1.0
PZL_10057,S000024,2024-12-14T15:44:19Z,ad_watched,4,20,none,0,4,3360,0.0,0.0135,IN,android,SamsungS23,1624,0,2.2.0
PZL_10058,S000101,2024-12-14T15:48:04Z,level_complete,8,7,none,0,2,8440,0.0,0.0,BR,android,Pixel8,352,0,2.1.0
PZL_10058,S000180,2024-12-14T15:49:43Z,level_complete,9,1,none,0,2,11025,0.0,0.0,BR,android,Pixel8,295,0,2.1.0
PZL_10057,S000709,2024-12-14T15:52:17Z,level_start,6,25,hammer,1,2,6062,0.0,0.0,IN,android,SamsungS23,1214,0,2.2.1
PZL_10055,S000023,2024-12-14T16:14:41Z,lives_purchased,4,9,none,0,1,4456,0,0.0,FR,android,Pixel7,1338,3,2.2.0
PZL_10074,S000477,2024-12-14T18:18:51Z,level_complete,9,2,hammer,2,2,9415,0.0,0.0,CA,android,SamsungS23,1381,1,2.2.0
PZL_10058,S000659,2024-12-14T18:20:21Z,level_complete,15,10,none,0,5,14040,0.0,0.0,BR,android,Pixel8,1443,0,2.1.0
PZL_10057,S000371,2024-12-14T19:37:33Z,level_complete,6,3,none,0,1,6240,0.0,0.0,IN,android,SamsungS23,1475,0,2.2.0
PZL_10057,S000631,2024-12-14T20:00:45Z,level_start,6,25,none,0,1,7464,0.0,0.0,IN,android,SamsungS23,245,0,2.2.1
PZL_10058,S000655,2024-12-14T21:40:32Z,booster_used,14,9,none,0,1,14714,0.0,0.0,BR,android,Pixel8,987,0,2.2.1
PZL_10057,S000711,2024-12-14T21:40:51Z,level_complete,6,5,none,0,4,4824,0.0,0.0,IN,android,SamsungS23,219,0,2.2.1
PZL_10057,S000584,2024-12-14T22:25:59Z,level_complete,6,15,none,0,1,6624,0.0,0.0,IN,android,SamsungS23,550,0,2.1.1
PZL_10057,S000585,2024-12-14T22:51:49Z,booster_used,6,13,none,0,3,7692,0.0,0.0,IN,android,SamsungS23,801,0,2.2.1
PZL_10034,S000228,2024-12-15T08:25:54Z,level_complete,6,9,none,0,3,5424,0.0,0.0,IN,android,SamsungS23,1766,2,2.1.1
PZL_10074,S000107,2024-12-15T10:20:41Z,level_complete,2,11,none,0,1,2728,0.0,0.0,CA,android,SamsungS23,1430,2,2.1.1
PZL_10057,S000553,2024-12-15T10:53:22Z,level_complete,6,9,none,0,0,6726,0.0,0.0,IN,android,SamsungS23,373,1,2.2.1
PZL_10057,S000083,2024-12-15T14:23:43Z,ad_watched,5,14,none,0,3,5195,0.0,0.0085,IN,android,SamsungS23,753,1,2.2.1
PZL_10034,S000409,2024-12-15T14:32:27Z,booster_used,6,20,none,0,3,7224,0.0,0.0,IN,android,SamsungS23,521,2,2.1.1
PZL_10034,S000379,2024-12-15T14:40:15Z,level_complete,6,12,none,0,2,7332,0.0,0.0,IN,android,SamsungS23,505,2,2.1.0
PZL_10034,S000334,2024-12-15T14:41:24Z,level_complete,6,15,none,0,4,6342,0.0,0.0,IN,android,SamsungS23,890,2,2.1.1
PZL_10028,S000635,2024-12-15T16:35:19Z,booster_used,7,10,extra_moves,3,2,8829,0.0,0.0,CA,ios,iPhone15,742,2,2.2.1
PZL_10066,S000340,2024-12-15T19:43:21Z,level_complete,12,2,none,0,3,11220,0.0,0.0,MX,android,OnePlus12,342,2,2.1.0
PZL_10034,S000491,2024-12-16T08:04:04Z,booster_used,6,5,none,0,1,8808,0.0,0.0,IN,android,SamsungS23,197,3,2.2.1
PZL_10034,S000598,2024-12-16T13:02:08Z,lives_purchased,6,13,none,0,3,6534,0,0.0,IN,android,SamsungS23,659,3,2.2.0
PZL_10055,S000015,2024-12-16T13:44:29Z,level_complete,3,4,none,0,1,3369,0.0,0.0,FR,android,Pixel7,364,5,2.1.1
PZL_10066,S000461,2024-12-16T14:52:45Z,level_complete,15,11,rainbow,3,3,19650,0.0,0.0,MX,android,OnePlus12,1329,3,2.2.1
PZL_10055,S000739,2024-12-16T18:56:21Z,booster_used,13,16,none,0,3,18525,0.0,0.0,FR,android,Pixel7,849,5,2.2.0
PZL_10066,S000091,2024-12-16T19:09:18Z,level_start,7,25,none,0,4,8582,0.0,0.0,MX,android,OnePlus12,503,3,2.1.0
PZL_10035,S000568,2024-12-16T19:30:37Z,ad_watched,14,17,none,0,2,19404,0.0,0.0024,JP,ios,iPhone14,1120,0,2.1.0
PZL_10055,S000749,2024-12-16T20:43:59Z,level_complete,13,10,none,0,0,15652,0.0,0.0,FR,android,Pixel7,138,5,2.2.1
PZL_10002,S000384,2024-12-16T20:45:15Z,booster_used,5,19,hammer,1,3,4980,0.0,0.0,BR,android,SamsungS24,546,3,2.2.1
PZL_10064,S000497,2024-12-17T08:02:21Z,level_complete,9,12,hammer,1,5,13847,0.0,0.0,JP,android,Pixel7,1191,0,2.2.1
PZL_10074,S000338,2024-12-17T08:10:16Z,level_complete,6,7,none,0,4,8712,0.0,0.0,CA,android,SamsungS23,158,4,2.2.0
PZL_10064,S000653,2024-12-17T09:17:03Z,level_complete,11,7,none,0,0,13387,0.0,0.0,JP,android,Pixel7,1417,0,2.1.1
PZL_10055,S000177,2024-12-17T09:28:38Z,level_complete,7,9,none,0,5,8596,0.0,0.0,FR,android,Pixel7,1233,6,2.1.0
PZL_10028,S000336,2024-12-17T10:10:23Z,level_failed,4,0,none,0,2,3664,0.0,0.0,CA,ios,iPhone15,1106,4,2.2.1
PZL_10045,S000214,2024-12-17T10:23:08Z,level_failed,4,0,none,0,0,4572,0.0,0.0,CA,android,SamsungS23,1772,0,2.2.1
PZL_10045,S000144,2024-12-17T10:34:25Z,level_failed,2,0,none,0,0,1646,0.0,0.0,CA,android,SamsungS23,731,0,2.2.1
PZL_10045,S000547,2024-12-17T10:52:28Z,level_start,13,30,none,0,5,11973,0.0,0.0,CA,android,SamsungS23,575,0,2.1.1
PZL_10013,S000202,2024-12-17T11:30:04Z,level_complete,5,9,none,0,0,4040,0.0,0.0,FR,android,Pixel7,1544,0,2.2.0
PZL_10064,S000351,2024-12-17T11:54:42Z,level_start,9,25,none,0,4,11952,0.0,0.0,JP,android,Pixel7,1550,0,2.1.1
PZL_10035,S000215,2024-12-17T12:45:36Z,level_complete,6,9,none,0,3,8280,0.0,0.0,JP,ios,iPhone14,461,1,2.2.0
PZL_10045,S000529,2024-12-17T13:28:34Z,level_complete,11,2,none,0,3,14421,0.0,0.0,CA,android,SamsungS23,1693,0,2.1.1
PZL_10013,S000059,2024-12-17T13:42:16Z,ad_watched,4,20,none,0,0,3580,0.0,0.007,FR,android,Pixel7,1644,0,2.2.0
PZL_10064,S000243,2024-12-17T13:47:04Z,level_complete,7,6,none,0,0,10402,0.0,0.0,JP,android,Pixel7,1428,0,2.2.0
PZL_10045,S000368,2024-12-17T14:07:22Z,level_complete,5,11,none,0,1,5455,0.0,0.0,CA,android,SamsungS23,847,0,2.2.0
PZL_10013,S000608,2024-12-17T15:28:56Z,level_complete,9,10,none,0,0,11088,0.0,0.0,FR,android,Pixel7,1780,0,2.2.0
PZL_10013,S000740,2024-12-17T15:55:44Z,level_failed,9,0,none,0,1,7434,0.0,0.0,FR,android,Pixel7,1352,0,2.1.0
PZL_10045,S000377,2024-12-17T16:00:44Z,ad_watched,10,20,none,0,3,10990,0.0,0.0094,CA,android,SamsungS23,1751,0,2.1.0
PZL_10028,S000546,2024-12-17T16:14:53Z,booster_used,5,8,none,0,0,4595,0.0,0.0,CA,ios,iPhone15,155,4,2.2.1
PZL_10045,S000505,2024-12-17T16:15:12Z,ad_watched,10,8,none,0,4,13190,0.0,0.0041,CA,android,SamsungS23,1697,0,2.1.1
PZL_10013,S000398,2024-12-17T16:24:12Z,level_complete,9,4,none,0,1,12339,0.0,0.0,FR,android,Pixel7,1654,0,2.2.1
PZL_10064,S000031,2024-12-17T16:45:17Z,booster_used,4,20,none,0,4,3792,0.0,0.0,JP,android,Pixel7,1347,0,2.1.1
PZL_10013,S000738,2024-12-17T16:50:00Z,level_failed,9,0,none,0,2,11673,0.0,0.0,FR,android,Pixel7,1089,0,2.2.0
PZL_10013,S000671,2024-12-17T17:07:05Z,lives_purchased,9,17,none,0,5,7794,0,0.0,FR,android,Pixel7,1722,0,2.1.1
PZL_10074,S000675,2024-12-17T18:32:16Z,level_complete,17,12,none,0,1,17816,0.0,0.0,CA,android,SamsungS23,401,4,2.1.0
PZL_10045,S000729,2024-12-17T18:44:23Z,level_failed,16,0,none,0,5,16832,0.0,0.0,CA,android,SamsungS23,616,0,2.2.1
PZL_10013,S000586,2024-12-17T19:16:32Z,level_complete,9,10,none,0,4,10206,0.0,0.0,FR,android,Pixel7,1048,0,2.1.0
PZL_10013,S000272,2024-12-17T19:16:46Z,ad_watched,6,15,none,0,1,6978,0.0,0.0041,FR,android,Pixel7,748,0,2.2.1
PZL_10045,S000093,2024-12-17T19:42:40Z,booster_used,1,15,none,0,2,1359,0.0,0.0,CA,android,SamsungS23,1436,0,2.1.1
PZL_10045,S000376,2024-12-17T20:05:28Z,level_complete,7,5,none,0,0,5600,0.0,0.0,CA,android,SamsungS23,1191,0,2.1.1
PZL_10045,S000634,2024-12-17T20:12:56Z,level_start,16,30,none,0,3,14864,0.0,0.0,CA,android,SamsungS23,1185,0,2.2.0
PZL_10045,S000113,2024-12-17T20:23:32Z,level_complete,1,8,none,0,3,1053,0.0,0.0,CA,android,SamsungS23,408,0,2.1.0
PZL_10044,S000355,2024-12-17T20:32:16Z,level_failed,3,0,none,0,4,3885,0.0,0.0,IN,ios,iPhone14Pro,1696,3,2.1.1
PZL_10013,S000316,2024-12-17T20:34:34Z,level_failed,8,0,none,0,5,8144,0.0,0.0,FR,android,Pixel7,1523,0,2.2.1
PZL_10013,S000287,2024-12-17T21:02:54Z,level_complete,8,11,none,0,5,7344,0.0,0.0,FR,android,Pixel7,314,0,2.1.0
PZL_10013,S000560,2024-12-17T21:04:31Z,ad_watched,9,17,none,0,2,8604,0.0,0.0052,FR,android,Pixel7,1396,0,2.1.0
PZL_10013,S000545,2024-12-17T21:09:00Z,level_complete,9,6,none,0,3,10332,0.0,0.0,FR,android,Pixel7,453,0,2.1.0
PZL_10045,S000633,2024-12-17T21:17:57Z,level_failed,14,0,none,0,1,18998,0.0,0.0,CA,android,SamsungS23,1398,0,2.2.1
PZL_10045,S000264,2024-12-17T21:57:16Z,level_complete,4,7,extra_moves,1,1,6348,0.0,0.0,CA,android,SamsungS23,581,0,2.1.1
PZL_10013,S000550,2024-12-17T22:38:13Z,level_start,9,25,none,0,0,8541,0.0,0.0,FR,android,Pixel7,1648,0,2.2.0
PZL_10035,S000172,2024-12-18T09:10:27Z,level_complete,6,8,none,0,2,6342,0.0,0.0,JP,ios,iPhone14,625,2,2.2.1
PZL_10064,S000035,2024-12-18T10:32:37Z,booster_used,6,19,none,0,3,4890,0.0,0.0,JP,android,Pixel7,959,1,2.1.1
PZL_10055,S000723,2024-12-18T12:10:46Z,level_start,13,30,none,0,1,14430,0.0,0.0,FR,android,Pixel7,704,7,2.2.1
PZL_10008,S000672,2024-12-18T12:39:40Z,level_start,5,25,none,0,4,4265,0.0,0.0,MX,ios,iPhone14,723,0,2.2.1
PZL_10055,S000691,2024-12-18T14:26:23Z,level_complete,12,7,shuffle,1,2,18020,0.0,0.0,FR,android,Pixel7,275,7,2.2.0
PZL_10039,S000637,2024-12-18T15:21:15Z,level_complete,15,5,none,0,5,20790,0.0,0.0,BR,ios,iPhone13,1497,0,2.1.1
PZL_10034,S000363,2024-12-18T16:16:15Z,level_complete,6,10,none,0,1,7860,0.0,0.0,IN,android,SamsungS23,988,5,2.1.1
PZL_10035,S000538,2024-12-18T16:29:45Z,level_start,14,30,none,0,2,19138,0.0,0.0,JP,ios,iPhone14,1124,2,2.1.0
PZL_10034,S000597,2024-12-18T16:31:59Z,lives_purchased,6,9,none,0,5,8058,0,0.0,IN,android,SamsungS23,1006,5,2.1.1
PZL_10034,S000589,2024-12-18T18:37:52Z,booster_used,6,11,none,0,2,5916,0.0,0.0,IN,android,SamsungS23,892,5,2.1.1
PZL_10067,S000353,2024-12-18T19:45:04Z,level_complete,12,12,none,0,4,13872,0.0,0.0,JP,ios,iPhone14,831,0,2.2.0
PZL_10013,S000058,2024-12-18T21:41:41Z,level_complete,2,15,none,0,2,2528,0.0,0.0,FR,android,Pixel7,936,1,2.2.1
PZL_10034,S000442,2024-12-18T22:08:39Z,level_complete,6,11,none,0,1,8544,0.0,0.0,IN,android,SamsungS23,596,5,2.2.0
PZL_10014,S000296,2024-12-19T08:35:35Z,booster_used,1,14,none,0,4,1011,0.0,0.0,US,android,OnePlus12,1054,0,2.2.0
PZL_10014,S000170,2024-12-19T09:22:35Z,level_complete,1,13,none,0,3,812,0.0,0.0,US,android,OnePlus12,717,0,2.2.1
PZL_10014,S000581,2024-12-19T11:17:28Z,level_complete,11,10,extra_moves,2,5,11065,0.0,0.0,US,android,OnePlus12,768,0,2.2.1
PZL_10066,S000361,2024-12-19T11:48:36Z,level_start,13,30,none,0,3,17589,0.0,0.0,MX,android,OnePlus12,186,6,2.2.0
PZL_10067,S000109,2024-12-19T12:12:40Z,level_start,6,25,none,0,4,5370,0.0,0.0,JP,ios,iPhone14,1149,1,2.1.1
PZL_10040,S000532,2024-12-19T14:39:53Z,level_complete,7,2,none,0,4,10192,0.0,0.0,UK,android,SamsungS23,519,0,2.1.1
PZL_10034,S000736,2024-12-19T15:40:58Z,booster_used,6,10,none,0,0,7116,0.0,0.0,IN,android,SamsungS23,251,6,2.2.0
PZL_10035,S000365,2024-12-19T16:27:54Z,level_start,9,25,none,0,5,8577,0.0,0.0,JP,ios,iPhone14,1088,3,2.1.0
PZL_10014,S000317,2024-12-19T16:53:44Z,level_failed,5,0,none,0,5,4785,0.0,0.0,US,android,OnePlus12,168,0,2.2.1
PZL_10039,S000186,2024-12-19T18:08:20Z,level_start,7,25,none,0,2,6608,0.0,0.0,BR,ios,iPhone13,1166,1,2.2.1
PZL_10014,S000399,2024-12-19T18:29:44Z,lives_purchased,8,10,none,0,4,9688,2.99,0.0,US,android,OnePlus12,811,0,2.1.1
PZL_10039,S000112,2024-12-19T19:03:10Z,level_complete,4,8,none,0,4,3788,0.0,0.0,BR,ios,iPhone13,760,1,2.2.0
PZL_10035,S000426,2024-12-19T19:42:12Z,level_start,10,30,none,0,3,14310,0.0,0.0,JP,ios,iPhone14,1123,3,2.2.0
PZL_10039,S000405,2024-12-19T19:51:36Z,level_start,11,30,none,0,2,12716,0.0,0.0,BR,ios,iPhone13,1793,1,2.2.1
PZL_10066,S000544,2024-12-19T20:40:11Z,level_complete,15,3,none,0,2,16620,0.0,0.0,MX,android,OnePlus12,675,6,2.2.0
PZL_10039,S000182,2024-12-19T20:45:07Z,booster_used,7,8,none,0,1,7343,0.0,0.0,BR,ios,iPhone13,1250,1,2.1.1
PZL_10066,S000105,2024-12-20T09:12:50Z,level_start,8,25,none,0,2,10936,0.0,0.0,MX,android,OnePlus12,1292,7,2.2.0
PZL_10034,S000125,2024-12-20T11:15:17Z,level_start,3,25,none,0,2,3285,0.0,0.0,IN,android,SamsungS23,1563,7,2.1.1
PZL_10038,S000156,2024-12-20T11:21:14Z,level_complete,4,4,none,0,5,4580,0.0,0.0,US,ios,iPhone15,647,4,2.2.1
PZL_10067,S000452,2024-12-20T11:46:02Z,level_complete,15,14,none,0,0,16770,0.0,0.0,JP,ios,iPhone14,210,2,2.1.0
PZL_10044,S000684,2024-12-20T12:29:15Z,booster_used,12,10,none,0,4,14928,0.0,0.0,IN,ios,iPhone14Pro,253,6,2.1.0
PZL_10008,S000578,2024-12-20T13:38:19Z,lives_purchased,2,18,none,0,5,2946,0.99,0.0,MX,ios,iPhone14,932,2,2.1.1
PZL_10067,S000688,2024-12-20T13:45:23Z,level_failed,22,0,none,0,2,30690,0.0,0.0,JP,ios,iPhone14,941,2,2.1.0
PZL_10039,S000254,2024-12-20T14:57:54Z,level_complete,7,15,none,0,4,10451,0.0,0.0,BR,ios,iPhone13,1390,2,2.1.1
PZL_10008,S000639,2024-12-20T15:13:28Z,level_complete,2,9,none,0,4,2662,0.0,0.0,MX,ios,iPhone14,1715,2,2.2.1
PZL_10039,S000404,2024-12-20T17:25:36Z,level_failed,8,0,none,0,3,7816,0.0,0.0,BR,ios,iPhone13,1119,2,2.1.0
PZL_10035,S000136,2024-12-20T17:46:36Z,level_complete,4,6,none,0,0,5932,0.0,0.0,JP,ios,iPhone14,362,4,2.2.1
PZL_10034,S000640,2024-12-20T18:27:28Z,level_failed,6,0,none,0,1,5682,0.0,0.0,IN,android,SamsungS23,1155,7,2.1.1
PZL_10035,S000492,2024-12-20T19:21:57Z,level_complete,13,9,none,0,3,16757,0.0,0.0,JP,ios,iPhone14,1013,4,2.2.1
PZL_10008,S000195,2024-12-20T19:55:08Z,level_start,2,25,none,0,1,2984,0.0,0.0,MX,ios,iPhone14,924,2,2.2.1
PZL_10034,S000252,2024-12-20T21:17:36Z,level_start,6,25,none,0,0,5322,0.0,0.0,IN,android,SamsungS23,1488,7,2.2.0
PZL_10014,S000627,2024-12-20T21:35:02Z,level_start,11,30,bomb,2,1,13089,0.0,0.0,US,android,OnePlus12,1570,1,2.2.1
PZL_10066,S000369,2024-12-20T22:05:24Z,level_complete,15,3,none,0,5,17175,0.0,0.0,MX,android,OnePlus12,983,7,2.2.1
PZL_10014,S000299,2024-12-20T22:10:31Z,booster_used,2,18,extra_moves,1,1,2346,0.0,0.0,US,android,OnePlus12,924,1,2.1.1
PZL_10035,S000063,2024-12-20T22:21:22Z,level_start,4,25,none,0,5,4840,0.0,0.0,JP,ios,iPhone14,262,4,2.1.1
PZL_10067,S000306,2024-12-21T08:24:09Z,level_failed,9,0,bomb,2,5,10504,0.0,0.0,JP,ios,iPhone14,419,3,2.1.0
PZL_10062,S000549,2024-12-21T11:06:02Z,level_complete,7,15,none,0,0,7756,0.0,0.0,JP,android,XiaomiRedmi,1487,0,2.1.0
PZL_10039,S000174,2024-12-21T15:20:11Z,ad_watched,7,14,none,0,5,9114,0.0,0.0145,BR,ios,iPhone13,1721,3,2.1.1
PZL_10067,S000428,2024-12-21T15:29:52Z,lives_purchased,12,12,none,0,3,10080,2.99,0.0,JP,ios,iPhone14,913,3,2.1.0
PZL_10056,S000248,2024-12-22T08:06:21Z,ad_watched,4,18,none,0,5,5412,0.0,0.0047,FR,android,OnePlus12,696,0,2.2.0
PZL_10009,S000493,2024-12-22T08:24:44Z,level_start,12,30,none,0,2,13692,0.0,0.0,UK,android,OnePlus12,1516,0,2.2.0
PZL_10009,S000292,2024-12-22T08:45:55Z,ad_watched,9,15,none,0,5,12897,0.0,0.0023,UK,android,OnePlus12,1475,0,2.1.1
PZL_10056,S000617,2024-12-22T09:19:49Z,level_start,5,25,none,0,0,4850,0.0,0.0,FR,android,OnePlus12,432,0,2.2.1
PZL_10044,S000571,2024-12-22T09:36:51Z,level_complete,6,6,none,0,5,6654,0.0,0.0,IN,ios,iPhone14Pro,1153,8,2.2.0
PZL_10056,S000667,2024-12-22T09:43:33Z,level_complete,5,9,none,0,5,5145,0.0,0.0,FR,android,OnePlus12,216,0,2.2.0
PZL_10009,S000700,2024-12-22T11:14:18Z,level_complete,20,6,none,0,1,22680,0.0,0.0,UK,android,OnePlus12,961,0,2.2.1
PZL_10056,S000572,2024-12-22T11:26:25Z,level_failed,5,0,none,0,4,4920,0.0,0.0,FR,android,OnePlus12,158,0,2.1.1
PZL_10040,S000222,2024-12-22T11:33:15Z,level_complete,7,1,none,0,1,7602,0.0,0.0,UK,android,SamsungS23,310,3,2.1.0
PZL_10008,S000676,2024-12-22T12:37:27Z,level_complete,7,15,none,0,1,6650,0.0,0.0,MX,ios,iPhone14,1081,4,2.2.0
PZL_10030,S000260,2024-12-22T12:47:28Z,level_complete,11,7,none,0,0,10912,0.0,0.0,AU,android,Pixel7,1024,4,2.1.1
PZL_10009,S000032,2024-12-22T13:59:50Z,booster_used,3,14,none,0,4,4179,0.0,0.0,UK,android,OnePlus12,1122,0,2.1.1
PZL_10056,S000319,2024-12-22T14:43:07Z,level_failed,4,0,none,0,5,5596,0.0,0.0,FR,android,OnePlus12,213,0,2.1.0
PZL_10039,S000539,2024-12-22T15:35:47Z,level_start,14,30,none,0,1,14952,0.0,0.0,BR,ios,iPhone13,734,4,2.2.1
PZL_10035,S000265,2024-12-22T16:01:55Z,level_complete,6,3,none,0,4,4848,0.0,0.0,JP,ios,iPhone14,578,6,2.2.0
PZL_10056,S000071,2024-12-22T16:05:25Z,level_failed,3,0,none,0,1,2634,0.0,0.0,FR,android,OnePlus12,1165,0,2.1.0
PZL_10009,S000703,2024-12-22T16:21:58Z,level_complete,23,10,hammer,2,5,30141,0.0,0.0,UK,android,OnePlus12,830,0,2.2.0
PZL_10056,S000702,2024-12-22T17:36:19Z,level_complete,5,11,none,0,1,4035,0.0,0.0,FR,android,OnePlus12,412,0,2.2.1
PZL_10009,S000268,2024-12-22T18:20:55Z,level_complete,8,12,none,0,5,8840,0.0,0.0,UK,android,OnePlus12,505,0,2.1.1
PZL_10009,S000665,2024-12-22T19:04:08Z,ad_watched,20,12,none,0,5,21600,0.0,0.0037,UK,android,OnePlus12,1508,0,2.1.0
PZL_10050,S000171,2024-12-22T19:57:35Z,level_complete,2,3,none,0,1,1884,0.0,0.0,DE,ios,iPhone14Pro,670,2,2.2.0
PZL_10038,S000307,2024-12-22T20:34:02Z,booster_used,9,8,none,0,5,12375,0.0,0.0,US,ios,iPhone15,1640,6,2.2.1
PZL_10009,S000575,2024-12-22T21:26:17Z,level_failed,18,0,none,0,4,18738,0.0,0.0,UK,android,OnePlus12,951,0,2.1.1
PZL_10009,S000525,2024-12-22T21:51:14Z,level_complete,14,6,none,0,2,18158,0.0,0.0,UK,android,OnePlus12,1335,0,2.2.1
PZL_10009,S000713,2024-12-22T22:06:51Z,level_failed,24,0,extra_moves,1,2,27620,0.0,0.0,UK,android,OnePlus12,1271,0,2.1.1
PZL_10009,S000104,2024-12-22T22:19:54Z,level_failed,6,0,none,0,5,5868,0.0,0.0,UK,android,OnePlus12,1745,0,2.2.0
PZL_10035,S000003,2024-12-23T08:24:21Z,level_failed,4,0,none,0,1,5748,0.0,0.0,JP,ios,iPhone14,1213,7,2.1.0
PZL_10035,S000225,2024-12-23T09:12:08Z,level_start,6,25,none,0,3,6726,0.0,0.0,JP,ios,iPhone14,952,7,2.1.0
PZL_10062,S000451,2024-12-23T11:21:59Z,level_failed,7,0,none,0,2,6622,0.0,0.0,JP,android,XiaomiRedmi,1695,2,2.1.0
PZL_10044,S000677,2024-12-23T13:00:33Z,level_start,10,30,none,0,4,8550,0.0,0.0,IN,ios,iPhone14Pro,984,9,2.2.0
PZL_10050,S000652,2024-12-23T13:09:26Z,level_complete,10,14,none,0,0,10070,0.0,0.0,DE,ios,iPhone14Pro,610,3,2.1.1
PZL_10009,S000567,2024-12-23T13:10:01Z,level_start,16,30,none,0,3,22096,0.0,0.0,UK,android,OnePlus12,1174,1,2.2.1
PZL_10075,S000311,2024-12-23T13:29:45Z,level_start,12,30,none,0,4,10224,0.0,0.0,CA,ios,iPhoneSE,1704,0,2.2.0
PZL_10068,S000620,2024-12-23T14:36:20Z,level_complete,8,11,none,0,3,7352,0.0,0.0,JP,android,SamsungS23,1133,0,2.2.0
PZL_10009,S000078,2024-12-23T16:43:24Z,level_complete,5,14,none,0,4,4765,0.0,0.0,UK,android,OnePlus12,802,1,2.1.0
PZL_10002,S000413,2024-12-23T19:51:07Z,level_complete,7,1,extra_moves,1,1,10013,0.0,0.0,BR,android,SamsungS24,1191,10,2.2.0
PZL_10067,S000335,2024-12-23T21:55:22Z,booster_used,12,5,none,0,1,15000,0.0,0.0,JP,ios,iPhone14,277,5,2.2.0
PZL_10068,S000483,2024-12-24T09:58:34Z,ad_watched,8,18,none,0,5,8632,0.0,0.0057,JP,android,SamsungS23,666,1,2.1.0
PZL_10072,S000520,2024-12-24T10:21:15Z,level_failed,9,0,none,0,4,9126,0.0,0.0,MX,android,SamsungS23,1662,0,2.1.1
PZL_10074,S000748,2024-12-24T10:54:20Z,level_complete,20,1,none,0,4,26960,0.0,0.0,CA,android,SamsungS23,508,11,2.2.1
PZL_10067,S000504,2024-12-24T11:11:39Z,level_complete,15,12,none,0,0,21630,0.0,0.0,JP,ios,iPhone14,1722,6,2.2.0
PZL_10052,S000606,2024-12-24T11:49:55Z,level_start,11,30,none,0,1,13167,0.0,0.0,US,ios,iPhoneSE,1716,0,2.2.1
PZL_10067,S000574,2024-12-24T13:29:09Z,level_start,16,30,none,0,2,19920,0.0,0.0,JP,ios,iPhone14,960,6,2.2.0
PZL_10052,S000697,2024-12-24T13:37:01Z,ad_watched,12,9,none,0,2,16572,0.0,0.0098,US,ios,iPhoneSE,1354,0,2.2.1
PZL_10072,S000149,2024-12-24T13:41:42Z,booster_used,5,15,none,0,3,4760,0.0,0.0,MX,android,SamsungS23,496,0,2.2.1
PZL_10068,S000240,2024-12-24T13:45:42Z,level_complete,8,6,none,0,1,7688,0.0,0.0,JP,android,SamsungS23,1619,1,2.2.1
PZL_10052,S000277,2024-12-24T14:00:02Z,level_failed,5,0,none,0,2,6715,0.0,0.0,US,ios,iPhoneSE,510,0,2.1.0
PZL_10052,S000117,2024-12-24T14:03:36Z,level_complete,2,5,none,0,4,2522,0.0,0.0,US,ios,iPhoneSE,1685,0,2.2.0
PZL_10040,S000137,2024-12-24T14:43:32Z,level_failed,3,0,none,0,2,3528,0.0,0.0,UK,android,SamsungS23,1378,5,2.1.1
PZL_10072,S000563,2024-12-24T15:27:08Z,level_failed,11,0,none,0,0,15202,0.0,0.0,MX,android,SamsungS23,1502,0,2.2.1
PZL_10072,S000013,2024-12-24T16:12:05Z,level_failed,2,0,none,0,1,2574,0.0,0.0,MX,android,SamsungS23,1442,0,2.2.1
PZL_10052,S000147,2024-12-24T16:13:48Z,level_start,2,25,none,0,1,2778,0.0,0.0,US,ios,iPhoneSE,773,0,2.2.0
PZL_10068,S000092,2024-12-24T16:34:32Z,level_complete,8,8,shuffle,2,2,7528,0.0,0.0,JP,android,SamsungS23,851,1,2.1.0
PZL_10052,S000673,2024-12-24T17:48:26Z,booster_used,12,5,none,0,3,14856,0.0,0.0,US,ios,iPhoneSE,1388,0,2.1.0
PZL_10030,S000412,2024-12-24T18:23:09Z,level_start,15,30,none,0,4,14265,0.0,0.0,AU,android,Pixel7,1799,6,2.2.0
PZL_10042,S000393,2024-12-24T18:34:52Z,level_start,8,25,none,0,4,7656,0.0,0.0,IN,ios,iPhone15,1375,2,2.2.0
PZL_10040,S000517,2024-12-24T19:29:54Z,ad_watched,7,19,none,0,5,8505,0.0,0.0036,UK,android,SamsungS23,878,5,2.2.1
PZL_10052,S000557,2024-12-24T19:59:57Z,level_start,8,25,none,0,2,8040,0.0,0.0,US,ios,iPhoneSE,1338,0,2.2.1
PZL_10072,S000397,2024-12-24T20:45:03Z,level_complete,7,12,none,0,2,6153,0.0,0.0,MX,android,SamsungS23,562,0,2.1.0
PZL_10030,S000359,2024-12-24T21:15:53Z,level_start,15,30,none,0,0,22380,0.0,0.0,AU,android,Pixel7,1478,6,2.2.1
PZL_10008,S000367,2024-12-24T21:16:30Z,level_complete,2,6,none,0,2,2746,0.0,0.0,MX,ios,iPhone14,1261,6,2.2.0
PZL_10072,S000626,2024-12-24T21:44:55Z,level_failed,13,0,none,0,3,16484,0.0,0.0,MX,android,SamsungS23,1667,0,2.1.0
PZL_10068,S000158,2024-12-24T21:54:04Z,booster_used,8,18,none,0,5,8288,0.0,0.0,JP,android,SamsungS23,429,1,2.1.0
PZL_10067,S000599,2024-12-24T22:10:20Z,booster_used,19,9,none,0,5,27569,0.0,0.0,JP,ios,iPhone14,228,6,2.1.1
PZL_10038,S000270,2024-12-24T22:26:25Z,level_failed,7,0,none,0,4,6958,0.0,0.0,US,ios,iPhone15,822,8,2.1.1
PZL_10067,S000732,2024-12-24T22:27:10Z,level_complete,25,5,none,0,4,36850,0.0,0.0,JP,ios,iPhone14,903,6,2.2.0
PZL_10052,S000219,2024-12-24T22:29:55Z,booster_used,4,14,none,0,4,5068,0.0,0.0,US,ios,iPhoneSE,530,0,2.2.0
PZL_10072,S000624,2024-12-25T08:22:56Z,level_complete,13,3,none,0,4,10816,0.0,0.0,MX,android,SamsungS23,1772,1,2.1.0
PZL_10033,S000025,2024-12-25T09:14:43Z,ad_watched,1,13,none,0,1,1281,0.0,0.0083,AU,ios,iPhone15Pro,1025,0,2.2.0
PZL_10068,S000373,2024-12-25T09:16:39Z,level_start,8,25,none,0,3,8928,0.0,0.0,JP,android,SamsungS23,589,2,2.1.1
PZL_10039,S000716,2024-12-25T09:45:34Z,level_complete,15,2,none,0,5,17955,0.0,0.0,BR,ios,iPhone13,1508,7,2.1.1
PZL_10062,S000623,2024-12-25T10:12:10Z,level_start,10,30,none,0,3,11100,0.0,0.0,JP,android,XiaomiRedmi,600,4,2.1.1
PZL_10015,S000481,2024-12-25T10:29:25Z,level_complete,7,12,none,0,4,7273,0.0,0.0,IN,android,Pixel8,897,1,2.2.1
PZL_10033,S000073,2024-12-25T10:38:09Z,level_start,5,25,none,0,3,6375,0.0,0.0,AU,ios,iPhone15Pro,1665,0,2.2.1
PZL_10033,S000690,2024-12-25T10:48:05Z,level_complete,5,6,none,0,0,6380,0.0,0.0,AU,ios,iPhone15Pro,1169,0,2.2.0
PZL_10033,S000041,2024-12-25T11:24:54Z,level_start,5,25,none,0,2,6940,0.0,0.0,AU,ios,iPhone15Pro,725,0,2.2.0
PZL_10002,S000715,2024-12-25T11:29:14Z,level_failed,7,0,extra_moves,2,0,7076,0.0,0.0,BR,android,SamsungS24,567,12,2.2.1
PZL_10072,S000455,2024-12-25T11:34:22Z,level_complete,9,12,none,0,4,9450,0.0,0.0,MX,android,SamsungS23,470,1,2.1.0
PZL_10033,S000693,2024-12-25T11:45:38Z,ad_watched,5,13,rainbow,2,2,7065,0.0,0.0142,AU,ios,iPhone15Pro,1307,0,2.1.0
PZL_10030,S000747,2024-12-25T12:07:18Z,level_start,15,30,none,0,4,14880,0.0,0.0,AU,android,Pixel7,1644,7,2.1.0
PZL_10033,S000151,2024-12-25T13:41:05Z,booster_used,5,7,none,0,1,4260,0.0,0.0,AU,ios,iPhone15Pro,1499,0,2.1.0
PZL_10033,S000201,2024-12-25T13:42:57Z,level_start,5,25,none,0,5,5195,0.0,0.0,AU,ios,iPhone15Pro,999,0,2.1.0
PZL_10033,S000419,2024-12-25T16:17:14Z,level_complete,5,7,none,0,0,5955,0.0,0.0,AU,ios,iPhone15Pro,1186,0,2.1.1
PZL_10033,S000731,2024-12-25T17:37:42Z,level_start,5,25,none,0,5,5965,0.0,0.0,AU,ios,iPhone15Pro,934,0,2.1.0
PZL_10033,S000309,2024-12-25T17:55:49Z,booster_used,5,16,none,0,4,7085,0.0,0.0,AU,ios,iPhone15Pro,1604,0,2.1.1
PZL_10033,S000040,2024-12-25T18:00:57Z,lives_purchased,4,10,none,0,2,5604,0,0.0,AU,ios,iPhone15Pro,732,0,2.2.1
PZL_10052,S000494,2024-12-25T18:41:05Z,level_complete,7,6,none,0,3,7672,0.0,0.0,US,ios,iPhoneSE,1446,1,2.1.1
PZL_10033,S000488,2024-12-25T18:59:04Z,ad_watched,5,13,none,0,5,7415,0.0,0.0118,AU,ios,iPhone15Pro,782,0,2.2.0
PZL_10040,S000323,2024-12-25T19:47:57Z,level_start,7,25,none,0,4,6615,0.0,0.0,UK,android,SamsungS23,449,6,2.1.1
PZL_10033,S000708,2024-12-25T19:58:08Z,level_failed,5,0,none,0,3,4345,0.0,0.0,AU,ios,iPhone15Pro,289,0,2.1.1
PZL_10033,S000484,2024-12-25T20:43:47Z,level_failed,5,0,none,0,1,6660,0.0,0.0,AU,ios,iPhone15Pro,811,0,2.1.1
PZL_10067,S000269,2024-12-25T22:03:51Z,level_failed,9,0,none,0,5,7434,0.0,0.0,JP,ios,iPhone14,1462,7,2.2.1
PZL_10067,S000020,2024-12-25T22:28:19Z,level_complete,4,10,hammer,1,5,4564,0.0,0.0,JP,ios,iPhone14,661,7,2.1.0
PZL_10046,S000543,2024-12-26T08:17:23Z,level_failed,6,0,none,0,0,6576,0.0,0.0,UK,ios,iPhone15Pro,717,0,2.1.0
PZL_10075,S000267,2024-12-26T08:32:42Z,level_complete,11,10,none,0,2,16500,0.0,0.0,CA,ios,iPhoneSE,341,3,2.2.1
PZL_10046,S000161,2024-12-26T09:23:25Z,level_complete,6,12,none,0,5,5292,0.0,0.0,UK,ios,iPhone15Pro,1458,0,2.1.0
PZL_10027,S000441,2024-12-26T09:36:46Z,level_complete,1,12,none,0,5,1094,0.0,0.0,US,android,SamsungS23,994,1,2.2.0
PZL_10046,S000237,2024-12-26T10:15:37Z,booster_used,6,16,none,0,0,6960,0.0,0.0,UK,ios,iPhone15Pro,1274,0,2.1.1
PZL_10015,S000257,2024-12-26T10:36:37Z,ad_watched,5,8,none,0,4,5760,0.0,0.0133,IN,android,Pixel8,660,2,2.2.1
PZL_10065,S000718,2024-12-26T11:01:39Z,level_complete,13,12,none,0,1,18642,0.0,0.0,AU,ios,iPhoneSE,282,0,2.1.0
PZL_10046,S000075,2024-12-26T12:29:28Z,level_start,4,25,none,0,0,5840,0.0,0.0,UK,ios,iPhone15Pro,304,0,2.2.1
PZL_10046,S000320,2024-12-26T12:50:43Z,level_failed,6,0,none,0,3,7140,0.0,0.0,UK,ios,iPhone15Pro,929,0,2.1.0
PZL_10068,S000741,2024-12-26T13:28:39Z,level_complete,8,11,none,0,5,9032,0.0,0.0,JP,android,SamsungS23,154,3,2.2.0
PZL_10046,S000601,2024-12-26T15:07:54Z,level_start,6,25,none,0,2,5904,0.0,0.0,UK,ios,iPhone15Pro,464,0,2.2.0
PZL_10046,S000559,2024-12-26T15:32:17Z,booster_used,6,8,none,0,3,7854,0.0,0.0,UK,ios,iPhone15Pro,395,0,2.1.0
PZL_10015,S000554,2024-12-26T15:48:23Z,level_complete,7,1,none,0,3,6426,0.0,0.0,IN,android,Pixel8,908,2,2.2.0
PZL_10074,S000111,2024-12-26T17:40:01Z,lives_purchased,5,14,none,0,2,6470,0.99,0.0,CA,android,SamsungS23,1768,13,2.2.1
PZL_10033,S000085,2024-12-26T18:30:55Z,level_complete,5,2,none,0,4,4635,0.0,0.0,AU,ios,iPhone15Pro,703,1,2.1.0
PZL_10075,S000122,2024-12-26T19:03:37Z,level_start,9,25,none,0,4,10701,0.0,0.0,CA,ios,iPhoneSE,422,3,2.1.1
PZL_10068,S000055,2024-12-26T19:04:30Z,booster_used,7,8,none,0,1,10003,0.0,0.0,JP,android,SamsungS23,1724,3,2.2.0
PZL_10075,S000421,2024-12-26T21:08:19Z,level_complete,13,15,none,0,1,19123,0.0,0.0,CA,ios,iPhoneSE,1276,3,2.1.1
PZL_10054,S000650,2024-12-26T21:33:20Z,level_complete,12,2,none,0,4,11664,0.0,0.0,UK,android,Pixel7,704,0,2.1.1
PZL_10046,S000002,2024-12-26T21:57:53Z,level_complete,4,12,none,0,4,4100,0.0,0.0,UK,ios,iPhone15Pro,1119,0,2.1.1
PZL_10046,S000358,2024-12-26T22:36:17Z,ad_watched,6,11,none,0,1,6240,0.0,0.0113,UK,ios,iPhone15Pro,663,0,2.1.1
PZL_10068,S000072,2024-12-26T22:49:22Z,level_failed,8,0,none,0,1,8328,0.0,0.0,JP,android,SamsungS23,330,3,2.1.1
PZL_10065,S000119,2024-12-27T08:02:08Z,booster_used,4,19,none,0,4,3772,0.0,0.0,AU,ios,iPhoneSE,1375,1,2.2.0
PZL_10054,S000515,2024-12-27T08:30:46Z,level_complete,12,7,none,0,5,10800,0.0,0.0,UK,android,Pixel7,1046,1,2.2.1
PZL_10020,S000725,2024-12-27T08:48:24Z,booster_used,14,14,none,0,1,19124,0.0,0.0,AU,ios,iPhone13,646,0,2.2.1
PZL_10025,S000443,2024-12-27T09:01:29Z,level_failed,11,0,none,0,4,13464,0.0,0.0,MX,android,SamsungS23,967,0,2.1.0
PZL_10044,S000625,2024-12-27T09:39:14Z,level_complete,6,8,none,0,2,6978,0.0,0.0,IN,ios,iPhone14Pro,1695,13,2.1.0
PZL_10015,S000500,2024-12-27T09:51:12Z,level_complete,7,14,none,0,5,8477,0.0,0.0,IN,android,Pixel8,784,3,2.1.0
PZL_10065,S000628,2024-12-27T10:41:23Z,booster_used,8,8,none,0,3,9800,0.0,0.0,AU,ios,iPhoneSE,133,1,2.1.1
PZL_10075,S000110,2024-12-27T10:42:39Z,booster_used,6,6,none,0,0,5298,1.99,0.0,CA,ios,iPhoneSE,1453,4,2.1.1
PZL_10062,S000293,2024-12-27T10:53:52Z,level_start,1,25,none,0,4,1280,0.0,0.0,JP,android,XiaomiRedmi,1135,6,2.1.1
PZL_10020,S000600,2024-12-27T11:11:02Z,level_complete,12,12,none,0,0,15672,0.0,0.0,AU,ios,iPhone13,203,0,2.2.1
PZL_10046,S000332,2024-12-27T11:48:31Z,level_start,6,25,none,0,0,8904,0.0,0.0,UK,ios,iPhone15Pro,543,1,2.2.0
PZL_10054,S000001,2024-12-27T11:53:26Z,lives_purchased,4,5,none,0,4,4756,0,0.0,UK,android,Pixel7,1096,1,2.1.0
PZL_10015,S000049,2024-12-27T11:56:34Z,level_complete,2,6,none,0,5,2706,0.0,0.0,IN,android,Pixel8,978,3,2.1.1
PZL_10025,S000454,2024-12-27T12:34:20Z,level_failed,11,0,none,0,1,11880,0.0,0.0,MX,android,SamsungS23,354,0,2.1.0
PZL_10054,S000070,2024-12-27T14:01:20Z,booster_used,10,19,none,0,2,8900,0.0,0.0,UK,android,Pixel7,336,1,2.1.1
PZL_10020,S000330,2024-12-27T14:14:57Z,level_start,4,25,none,0,0,4824,0.0,0.0,AU,ios,iPhone13,865,0,2.1.0
PZL_10065,S000707,2024-12-27T15:01:04Z,level_complete,13,12,none,0,1,15678,0.0,0.0,AU,ios,iPhoneSE,197,1,2.1.0
PZL_10015,S000284,2024-12-27T15:12:38Z,booster_used,6,11,none,0,3,6612,0.0,0.0,IN,android,Pixel8,1242,3,2.2.1
PZL_10020,S000382,2024-12-27T15:13:21Z,level_complete,9,13,none,0,2,11466,0.0,0.0,AU,ios,iPhone13,1547,0,2.1.0
PZL_10025,S000429,2024-12-27T15:25:56Z,booster_used,11,14,none,0,3,12111,0.0,0.0,MX,android,SamsungS23,231,0,2.1.1
PZL_10025,S000115,2024-12-27T15:32:29Z,lives_purchased,9,20,shuffle,3,3,10914,0,0.0,MX,android,SamsungS23,560,0,2.2.0
PZL_10002,S000435,2024-12-27T15:54:31Z,level_failed,7,0,none,0,1,9814,0.0,0.0,BR,android,SamsungS24,1470,14,2.2.1
PZL_10062,S000337,2024-12-27T17:10:41Z,level_start,4,25,extra_moves,3,1,5248,0.0,0.0,JP,android,XiaomiRedmi,1409,6,2.1.0
PZL_10065,S000263,2024-12-27T18:01:15Z,level_complete,6,8,none,0,3,8400,0.0,0.0,AU,ios,iPhoneSE,1249,1,2.2.0
PZL_10065,S000082,2024-12-27T18:21:56Z,level_complete,2,3,none,0,5,2878,0.0,0.0,AU,ios,iPhoneSE,1776,1,2.1.1
PZL_10050,S000480,2024-12-27T18:28:46Z,level_start,8,25,none,0,2,6840,0.0,0.0,DE,ios,iPhone14Pro,1435,7,2.2.0
PZL_10025,S000084,2024-12-27T18:36:28Z,booster_used,6,17,none,0,3,5790,0.0,0.0,MX,android,SamsungS23,1760,0,2.1.1
PZL_10020,S000346,2024-12-27T18:37:16Z,booster_used,6,18,none,0,4,6492,0.0,0.0,AU,ios,iPhone13,933,0,2.1.1
PZL_10030,S000022,2024-12-27T19:18:44Z,level_start,4,25,none,0,2,5760,0.0,0.0,AU,android,Pixel7,1327,9,2.1.1
PZL_10025,S000016,2024-12-27T19:30:17Z,ad_watched,3,11,none,0,2,2949,0.0,0.0052,MX,android,SamsungS23,1570,0,2.1.1
PZL_10025,S000686,2024-12-27T20:09:20Z,level_start,11,30,none,0,1,14520,0.0,0.0,MX,android,SamsungS23,1316,0,2.2.1
PZL_10020,S000630,2024-12-27T20:14:08Z,level_complete,14,7,none,0,4,20972,0.0,0.0,AU,ios,iPhone13,860,0,2.1.0
PZL_10015,S000062,2024-12-27T20:27:54Z,level_failed,2,0,none,0,5,2146,0.0,0.0,IN,android,Pixel8,179,3,2.1.1
PZL_10027,S000687,2024-12-27T20:30:50Z,level_start,5,25,none,0,5,6605,0.0,0.0,US,android,SamsungS23,886,2,2.2.1
PZL_10046,S000612,2024-12-27T20:32:01Z,level_failed,6,0,none,0,1,7212,0.0,0.0,UK,ios,iPhone15Pro,212,1,2.1.0
PZL_10059,S000392,2024-12-27T20:40:32Z,level_failed,9,0,none,0,4,10548,0.0,0.0,US,android,XiaomiRedmi,1709,0,2.1.1
PZL_10015,S000298,2024-12-27T20:42:14Z,level_complete,6,14,none,0,2,8160,0.0,0.0,IN,android,Pixel8,1189,3,2.2.0
PZL_10025,S000262,2024-12-27T21:03:15Z,level_complete,9,15,none,0,1,9720,0.0,0.0,MX,android,SamsungS23,874,0,2.2.1
PZL_10068,S000045,2024-12-27T21:10:16Z,ad_watched,4,14,none,0,2,3668,0.0,0.0076,JP,android,SamsungS23,274,4,2.1.1
PZL_10075,S000079,2024-12-27T22:22:19Z,level_start,4,25,none,0,0,4468,0.0,0.0,CA,ios,iPhoneSE,1264,4,2.2.1
PZL_10050,S000646,2024-12-27T22:25:21Z,ad_watched,8,19,none,0,5,7120,0.0,0.0131,DE,ios,iPhone14Pro,1568,7,2.1.0
PZL_10020,S000221,2024-12-27T22:26:01Z,level_complete,2,11,none,0,0,2286,0.0,0.0,AU,ios,iPhone13,122,0,2.2.1
PZL_10075,S000230,2024-12-27T22:52:04Z,ad_watched,9,11,none,0,3,8379,0.0,0.0023,CA,ios,iPhoneSE,1776,4,2.2.0
PZL_10025,S000395,2024-12-28T08:36:41Z,level_failed,11,0,none,0,5,15444,0.0,0.0,MX,android,SamsungS23,644,1,2.1.0
PZL_10071,S000403,2024-12-28T09:02:29Z,level_start,9,25,none,0,4,9495,0.0,0.0,BR,android,Pixel7,597,0,2.2.0
PZL_10018,S000746,2024-12-28T09:50:44Z,lives_purchased,8,7,none,0,3,9520,0,0.0,MX,ios,iPhoneSE,1459,0,2.2.1
PZL_10071,S000375,2024-12-28T10:44:34Z,level_complete,4,8,none,0,5,5508,0.0,0.0,BR,android,Pixel7,1010,0,2.2.0
PZL_10075,S000551,2024-12-28T10:54:32Z,level_complete,14,2,extra_moves,1,4,14808,0.0,0.0,CA,ios,iPhoneSE,1585,5,2.1.1
PZL_10015,S000576,2024-12-28T11:01:15Z,level_complete,7,9,none,0,3,10234,0.0,0.0,IN,android,Pixel8,195,4,2.1.1
PZL_10071,S000304,2024-12-28T11:13:39Z,level_failed,3,0,none,0,1,4395,0.0,0.0,BR,android,Pixel7,484,0,2.2.0
PZL_10071,S000378,2024-12-28T11:26:56Z,level_complete,7,3,none,0,5,8393,0.0,0.0,BR,android,Pixel7,894,0,2.1.1
PZL_10074,S000573,2024-12-28T11:42:52Z,level_complete,13,11,none,0,4,16172,0.0,0.0,CA,android,SamsungS23,1279,15,2.1.0
PZL_10020,S000591,2024-12-28T13:10:36Z,level_start,9,25,none,0,3,13401,0.0,0.0,AU,ios,iPhone13,1132,1,2.1.0
PZL_10018,S000719,2024-12-28T15:18:12Z,level_complete,6,11,extra_moves,2,5,7816,0.0,0.0,MX,ios,iPhoneSE,394,0,2.2.0
PZL_10071,S000564,2024-12-28T15:35:54Z,level_complete,10,7,none,0,4,11860,0.0,0.0,BR,android,Pixel7,1383,0,2.2.0
PZL_10018,S000344,2024-12-28T15:49:14Z,level_complete,4,15,none,0,2,3972,0.0,0.0,MX,ios,iPhoneSE,131,0,2.1.0
PZL_10018,S000124,2024-12-28T16:20:42Z,level_complete,4,6,none,0,3,5380,0.0,0.0,MX,ios,iPhoneSE,821,0,2.2.0
PZL_10040,S000445,2024-12-28T16:35:20Z,level_start,7,25,none,0,3,9674,0.0,0.0,UK,android,SamsungS23,1381,9,2.1.0
PZL_10075,S000679,2024-12-28T17:19:26Z,level_start,16,30,none,0,0,20912,0.0,0.0,CA,ios,iPhoneSE,569,5,2.1.0
PZL_10071,S000414,2024-12-28T17:46:09Z,level_complete,9,15,none,0,0,9549,0.0,0.0,BR,android,Pixel7,468,0,2.1.0
PZL_10075,S000302,2024-12-28T19:52:08Z,level_complete,11,10,none,0,2,14476,0.0,0.0,CA,ios,iPhoneSE,907,5,2.2.1
PZL_10025,S000663,2024-12-28T21:39:40Z,booster_used,11,12,none,0,3,12881,0.0,0.0,MX,android,SamsungS23,1129,1,2.1.1
PZL_10074,S000345,2024-12-29T09:33:00Z,level_failed,9,0,none,0,2,10962,0.0,0.0,CA,android,SamsungS23,861,16,2.1.0
PZL_10007,S000437,2024-12-29T10:03:41Z,level_start,7,25,none,0,5,9737,0.0,0.0,UK,ios,iPhone15Pro,1355,0,2.2.0
PZL_10007,S000065,2024-12-29T10:48:39Z,level_failed,3,0,none,0,5,3702,0.0,0.0,UK,ios,iPhone15Pro,1114,0,2.2.1
PZL_10007,S000722,2024-12-29T11:08:05Z,level_complete,7,14,none,0,1,7287,0.0,0.0,UK,ios,iPhone15Pro,1159,0,2.1.0
PZL_10015,S000588,2024-12-29T11:33:45Z,booster_used,7,18,none,0,2,8834,0.0,0.0,IN,android,Pixel8,1625,5,2.1.1
PZL_10007,S000116,2024-12-29T12:31:38Z,level_complete,7,1,none,0,3,6559,0.0,0.0,UK,ios,iPhone15Pro,661,0,2.2.0
PZL_10007,S000029,2024-12-29T12:35:08Z,level_complete,3,12,none,0,0,4335,0.0,0.0,UK,ios,iPhone15Pro,1366,0,2.1.1
PZL_10007,S000583,2024-12-29T12:35:24Z,level_failed,7,0,none,0,5,6468,0.0,0.0,UK,ios,iPhone15Pro,1215,0,2.1.1
PZL_10032,S000410,2024-12-29T12:49:27Z,level_failed,7,0,none,0,0,10409,0.0,0.0,JP,ios,iPhone14,967,1,2.2.1
PZL_10071,S000706,2024-12-29T13:04:48Z,level_complete,10,13,none,0,3,9680,0.0,0.0,BR,android,Pixel7,637,1,2.1.1
PZL_10007,S000114,2024-12-29T14:55:39Z,level_start,7,25,none,0,1,7945,0.0,0.0,UK,ios,iPhone15Pro,1303,0,2.2.0
PZL_10028,S000159,2024-12-29T15:23:03Z,level_failed,4,0,extra_moves,3,3,4748,0.0,0.0,CA,ios,iPhone15,154,16,2.2.0
PZL_10007,S000087,2024-12-29T16:23:15Z,ad_watched,6,16,none,0,2,5406,0.0,0.0127,UK,ios,iPhone15Pro,1451,0,2.2.0
PZL_10059,S000141,2024-12-29T16:26:29Z,level_complete,4,11,none,0,5,3288,0.0,0.0,US,android,XiaomiRedmi,930,2,2.2.0
PZL_10050,S000743,2024-12-29T17:12:45Z,booster_used,11,6,none,0,0,12188,0.0,0.0,DE,ios,iPhone14Pro,1243,9,2.2.1
PZL_10007,S000587,2024-12-29T18:28:50Z,level_start,7,25,none,0,2,7847,0.0,0.0,UK,ios,iPhone15Pro,1299,0,2.1.0
PZL_10054,S000283,2024-12-29T18:33:17Z,level_complete,12,15,none,0,5,17184,0.0,0.0,UK,android,Pixel7,361,3,2.2.0
PZL_10038,S000524,2024-12-29T18:34:59Z,level_complete,11,7,none,0,5,9031,0.0,0.0,US,ios,iPhone15,717,13,2.1.1
PZL_10065,S000636,2024-12-29T19:03:53Z,level_complete,10,9,none,0,0,14660,0.0,0.0,AU,ios,iPhoneSE,375,3,2.2.1
PZL_10018,S000348,2024-12-29T19:14:28Z,level_start,5,25,none,0,2,6815,0.0,0.0,MX,ios,iPhoneSE,1377,1,2.1.0
PZL_10054,S000066,2024-12-29T20:32:07Z,level_complete,9,5,none,0,4,11682,0.0,0.0,UK,android,Pixel7,1199,3,2.2.0
PZL_10054,S000050,2024-12-29T21:31:39Z,ad_watched,7,13,rainbow,1,3,9285,0.0,0.0143,UK,android,Pixel7,862,3,2.1.0
PZL_10054,S000406,2024-12-29T21:49:14Z,level_failed,12,0,none,0,0,13344,0.0,0.0,UK,android,Pixel7,1193,3,2.1.0
PZL_10051,S000387,2024-12-30T08:02:37Z,level_failed,10,0,none,0,0,10540,0.0,0.0,CA,ios,iPhone15,442,0,2.2.1
PZL_10063,S000258,2024-12-30T08:11:17Z,level_start,15,30,none,0,5,18165,0.0,0.0,BR,android,Pixel7,199,0,2.2.1
PZL_10032,S000499,2024-12-30T08:11:40Z,lives_purchased,7,8,none,0,1,9835,0,0.0,JP,ios,iPhone14,250,2,2.1.0
PZL_10017,S000468,2024-12-30T08:23:57Z,level_start,6,25,none,0,2,5472,0.0,0.0,US,android,Pixel7,697,0,2.1.0
PZL_10054,S000619,2024-12-30T08:31:25Z,level_complete,12,12,none,0,5,15588,0.0,0.0,UK,android,Pixel7,594,4,2.1.0
PZL_10048,S000556,2024-12-30T08:43:31Z,level_complete,11,9,none,0,0,10142,0.0,0.0,CA,android,XiaomiRedmi,413,2,2.2.1
PZL_10063,S000618,2024-12-30T08:55:28Z,level_start,23,35,shuffle,1,2,19084,0.0,0.0,BR,android,Pixel7,330,0,2.2.1
PZL_10063,S000734,2024-12-30T09:04:49Z,level_complete,26,11,shuffle,1,1,31258,0.0,0.0,BR,android,Pixel7,501,0,2.1.1
PZL_10051,S000008,2024-12-30T09:37:44Z,level_start,3,25,none,0,5,4242,0.0,0.0,CA,ios,iPhone15,1769,0,2.1.0
PZL_10051,S000004,2024-12-30T09:41:27Z,booster_used,2,10,none,0,3,2270,0.0,0.0,CA,ios,iPhone15,789,0,2.2.0
PZL_10063,S000312,2024-12-30T09:50:45Z,level_complete,17,3,extra_moves,1,3,23552,0.0,0.0,BR,android,Pixel7,1219,0,2.2.1
PZL_10063,S000188,2024-12-30T10:11:20Z,level_failed,10,0,none,0,0,12960,0.0,0.0,BR,android,Pixel7,399,0,2.1.1
PZL_10074,S000501,2024-12-30T10:20:53Z,booster_used,10,10,none,0,0,10800,0.0,0.0,CA,android,SamsungS23,970,17,2.1.1
PZL_10061,S000482,2024-12-30T10:33:55Z,level_start,10,30,none,0,3,11910,0.0,0.0,DE,ios,iPhoneSE,1509,0,2.2.0
PZL_10038,S000310,2024-12-30T10:43:04Z,ad_watched,10,8,none,0,3,10850,0.0,0.0088,US,ios,iPhone15,386,14,2.1.1
PZL_10063,S000641,2024-12-30T10:45:32Z,level_failed,23,0,hammer,3,1,33056,0.0,0.0,BR,android,Pixel7,876,0,2.1.0
PZL_10063,S000241,2024-12-30T10:45:35Z,level_start,12,30,bomb,2,2,14212,0.0,0.0,BR,android,Pixel7,380,0,2.1.1
PZL_10063,S000157,2024-12-30T10:46:50Z,level_start,7,25,none,0,3,6916,0.0,0.0,BR,android,Pixel7,1230,0,2.1.0
PZL_10017,S000389,2024-12-30T11:20:35Z,booster_used,6,19,none,0,0,7116,0.0,0.0,US,android,Pixel7,395,0,2.2.0
PZL_10061,S000470,2024-12-30T11:35:24Z,booster_used,7,9,none,0,5,6496,0.0,0.0,DE,ios,iPhoneSE,266,0,2.1.0
PZL_10054,S000476,2024-12-30T12:10:02Z,level_failed,12,0,none,0,0,17328,0.0,0.0,UK,android,Pixel7,1089,4,2.1.1
PZL_10061,S000629,2024-12-30T12:32:10Z,level_complete,11,12,none,0,2,15884,0.0,0.0,DE,ios,iPhoneSE,1481,0,2.1.1
PZL_10061,S000582,2024-12-30T12:56:50Z,level_complete,11,12,none,0,2,9031,0.0,0.0,DE,ios,iPhoneSE,1441,0,2.1.0
PZL_10061,S000121,2024-12-30T13:21:43Z,ad_watched,1,14,none,0,5,1444,0.0,0.0014,DE,ios,iPhoneSE,1091,0,2.2.0
PZL_10017,S000054,2024-12-30T13:50:50Z,level_complete,2,1,none,0,0,1858,0.0,0.0,US,android,Pixel7,1639,0,2.2.1
PZL_10038,S000610,2024-12-30T14:05:58Z,level_complete,14,3,none,0,2,14756,0.0,0.0,US,ios,iPhone15,1191,14,2.2.1
PZL_10051,S000704,2024-12-30T14:15:11Z,level_complete,10,15,none,0,5,13820,0.0,0.0,CA,ios,iPhone15,315,0,2.2.1
PZL_10061,S000217,2024-12-30T14:58:09Z,ad_watched,2,6,none,0,5,2942,0.0,0.0069,DE,ios,iPhoneSE,779,0,2.1.1
PZL_10051,S000362,2024-12-30T15:07:44Z,level_complete,7,1,bomb,2,4,7321,0.0,0.0,CA,ios,iPhone15,786,0,2.2.0
PZL_10061,S000018,2024-12-30T15:21:11Z,level_complete,1,14,none,0,0,1210,0.0,0.0,DE,ios,iPhoneSE,1127,0,2.1.0
PZL_10063,S000126,2024-12-30T15:22:35Z,level_complete,5,10,none,0,3,6020,0.0,0.0,BR,android,Pixel7,1796,0,2.2.0
PZL_10061,S000522,2024-12-30T15:39:23Z,level_start,10,30,none,0,0,8820,0.0,0.0,DE,ios,iPhoneSE,920,0,2.1.1
PZL_10061,S000321,2024-12-30T16:14:08Z,booster_used,5,14,none,0,1,5525,0.0,0.0,DE,ios,iPhoneSE,1748,0,2.2.0
PZL_10017,S000108,2024-12-30T16:58:55Z,booster_used,4,9,none,0,1,4520,0.0,0.0,US,android,Pixel7,581,0,2.2.0
PZL_10063,S000037,2024-12-30T17:04:15Z,ad_watched,3,7,hammer,3,5,4206,0.0,0.0072,BR,android,Pixel7,1541,0,2.2.0
PZL_10054,S000187,2024-12-30T17:24:27Z,level_complete,11,9,none,0,5,10747,0.0,0.0,UK,android,Pixel7,1256,4,2.1.1
PZL_10063,S000490,2024-12-30T17:25:11Z,level_start,20,35,shuffle,1,4,29660,0.0,0.0,BR,android,Pixel7,337,0,2.2.1
PZL_10017,S000060,2024-12-30T17:35:35Z,level_failed,4,0,none,0,5,4932,0.0,0.0,US,android,Pixel7,1596,0,2.1.0
PZL_10063,S000615,2024-12-30T17:52:39Z,level_failed,22,0,none,0,5,26488,0.0,0.0,BR,android,Pixel7,1767,0,2.2.0
PZL_10048,S000696,2024-12-30T17:55:08Z,ad_watched,13,5,none,0,5,15119,0.0,0.0058,CA,android,XiaomiRedmi,978,2,2.2.1
PZL_10068,S000129,2024-12-30T18:14:03Z,level_complete,8,12,none,0,5,7520,0.0,0.0,JP,android,SamsungS23,130,7,2.1.1
PZL_10051,S000457,2024-12-30T19:38:57Z,level_failed,10,0,none,0,1,14860,0.0,0.0,CA,ios,iPhone15,1777,0,2.1.0
PZL_10054,S000434,2024-12-30T19:49:28Z,level_failed,12,0,none,0,1,12084,0.0,0.0,UK,android,Pixel7,127,4,2.2.0
PZL_10061,S000645,2024-12-30T20:08:32Z,booster_used,14,19,none,0,5,15862,0.0,0.0,DE,ios,iPhoneSE,1399,0,2.2.1
PZL_10063,S000479,2024-12-30T20:33:55Z,level_complete,17,2,none,0,4,16269,0.0,0.0,BR,android,Pixel7,1135,0,2.2.1
PZL_10054,S000218,2024-12-30T21:04:36Z,level_start,12,30,none,0,0,11796,0.0,0.0,UK,android,Pixel7,577,4,2.1.0
PZL_10048,S000425,2024-12-30T21:24:31Z,level_start,11,30,none,0,0,13398,0.0,0.0,CA,android,XiaomiRedmi,1685,2,2.1.0
PZL_10061,S000694,2024-12-30T21:25:14Z,level_failed,16,0,none,0,1,21248,0.0,0.0,DE,ios,iPhoneSE,1322,0,2.2.1
PZL_10002,S000322,2024-12-30T21:35:09Z,level_start,2,25,none,0,3,2700,0.0,0.0,BR,android,SamsungS24,1241,17,2.1.0
PZL_10061,S000660,2024-12-30T22:00:43Z,level_complete,15,15,none,0,3,18030,0.0,0.0,DE,ios,iPhoneSE,1222,0,2.1.0
PZL_10030,S000034,2024-12-31T08:20:47Z,level_failed,7,0,none,0,3,10353,0.0,0.0,AU,android,Pixel7,1742,13,2.1.1
PZL_10054,S000668,2024-12-31T08:25:12Z,level_start,12,30,none,0,0,12372,0.0,0.0,UK,android,Pixel7,1532,5,2.2.1
PZL_10022,S000290,2024-12-31T10:44:46Z,ad_watched,8,10,none,0,4,10352,0.0,0.0122,DE,android,SamsungS24,1509,1,2.2.1
PZL_10010,S000669,2024-12-31T11:10:21Z,level_start,22,35,none,0,0,28402,0.0,0.0,US,android,SamsungS23,1004,0,2.1.0
PZL_10015,S000314,2024-12-31T11:57:41Z,ad_watched,7,15,none,0,0,8365,0.0,0.0046,IN,android,Pixel8,1602,7,2.2.0
PZL_10051,S000165,2024-12-31T12:10:36Z,level_complete,4,14,none,0,4,4556,0.0,0.0,CA,ios,iPhone15,906,1,2.1.1
PZL_10010,S000294,2024-12-31T13:15:21Z,level_start,11,30,none,0,5,13057,0.0,0.0,US,android,SamsungS23,945,0,2.1.1
PZL_10021,S000418,2024-12-31T13:43:22Z,level_failed,5,0,none,0,4,5410,0.0,0.0,KR,android,SamsungS23,1782,0,2.1.0
PZL_10050,S000206,2024-12-31T14:20:50Z,level_start,6,25,none,0,1,8196,0.0,0.0,DE,ios,iPhone14Pro,1350,11,2.2.0
PZL_10010,S000224,2024-12-31T14:42:08Z,level_complete,9,14,none,0,3,10206,0.0,0.0,US,android,SamsungS23,771,0,2.2.1
PZL_10015,S000185,2024-12-31T16:40:20Z,level_failed,5,0,none,0,2,5800,0.0,0.0,IN,android,Pixel8,1057,7,2.1.1
PZL_10010,S000475,2024-12-31T17:03:57Z,level_complete,15,1,none,0,4,19200,0.0,0.0,US,android,SamsungS23,1295,0,2.2.0
PZL_10059,S000526,2024-12-31T17:08:57Z,level_start,11,30,none,0,3,12980,0.0,0.0,US,android,XiaomiRedmi,710,4,2.1.0
PZL_10015,S000305,2024-12-31T17:36:42Z,level_failed,7,0,none,0,4,7644,0.0,0.0,IN,android,Pixel8,985,7,2.1.0
PZL_10054,S000613,2024-12-31T17:46:29Z,level_failed,12,0,none,0,1,12192,0.0,0.0,UK,android,Pixel7,499,5,2.1.0
PZL_10032,S000721,2024-12-31T17:55:24Z,level_start,7,25,none,0,0,9121,0.0,0.0,JP,ios,iPhone14,263,3,2.1.1
PZL_10022,S000710,2024-12-31T18:48:00Z,level_start,10,30,none,0,1,8350,0.0,0.0,DE,android,SamsungS24,1502,1,2.1.1
PZL_10032,S000327,2024-12-31T19:47:41Z,level_complete,7,6,none,0,5,7973,0.0,0.0,JP,ios,iPhone14,1102,3,2.2.1
PZL_10010,S000036,2024-12-31T20:16:21Z,level_failed,4,0,none,0,5,5384,0.0,0.0,US,android,SamsungS23,898,0,2.2.0
PZL_10010,S000561,2024-12-31T20:29:12Z,level_failed,17,0,none,0,2,23035,0.0,0.0,US,android,SamsungS23,823,0,2.1.0
PZL_10010,S000152,2024-12-31T20:48:37Z,level_complete,8,14,none,0,2,6520,0.0,0.0,US,android,SamsungS23,553,0,2.1.1
PZL_10051,S000658,2024-12-31T21:08:46Z,lives_purchased,10,11,none,0,2,14980,0,0.0,CA,ios,iPhone15,821,1,2.2.0
PZL_10054,S000364,2024-12-31T21:25:17Z,level_start,12,30,none,0,4,12408,0.0,0.0,UK,android,Pixel7,1787,5,2.1.0
PZL_10010,S000329,2024-12-31T21:32:40Z,booster_used,11,17,none,0,1,9207,0.0,0.0,US,android,SamsungS23,1233,0,2.2.1
PZL_10001,S000727,2024-12-31T21:32:46Z,level_complete,12,15,none,0,3,14184,0.0,0.0,US,ios,iPhoneSE,906,0,2.2.1
PZL_10010,S000069,2024-12-31T21:47:02Z,level_start,7,25,none,0,2,9723,0.0,0.0,US,android,SamsungS23,999,0,2.2.1
PZL_10010,S000661,2024-12-31T22:53:52Z,level_failed,20,0,none,0,3,28300,0.0,0.0,US,android,SamsungS23,853,0,2.2.1
PZL_10021,S000432,2025-01-01T09:07:45Z,level_failed,5,0,none,0,5,5965,0.0,0.0,KR,android,SamsungS23,1608,1,2.1.1
PZL_10054,S000282,2025-01-01T09:35:16Z,level_failed,12,0,none,0,5,17340,0.0,0.0,UK,android,Pixel7,139,6,2.2.0
PZL_10022,S000039,2025-01-01T09:39:55Z,level_failed,4,0,none,0,4,3784,0.0,0.0,DE,android,SamsungS24,595,2,2.2.1
PZL_10060,S000430,2025-01-01T09:46:32Z,level_start,8,25,none,0,5,10872,0.0,0.0,CA,android,Pixel8,397,0,2.2.1
PZL_10060,S000458,2025-01-01T09:52:51Z,level_start,11,30,none,0,5,14036,0.0,0.0,CA,android,Pixel8,1083,0,2.1.1
PZL_10010,S000370,2025-01-01T10:21:14Z,level_complete,13,5,none,0,4,18980,0.0,0.0,US,android,SamsungS23,929,1,2.2.0
PZL_10048,S000204,2025-01-01T10:24:49Z,level_failed,5,0,none,0,0,6715,0.0,0.0,CA,android,XiaomiRedmi,1273,4,2.1.0
PZL_10021,S000701,2025-01-01T10:34:26Z,level_failed,5,0,none,0,1,4665,0.0,0.0,KR,android,SamsungS23,541,1,2.2.0
PZL_10021,S000236,2025-01-01T11:42:15Z,level_complete,5,13,none,0,0,5120,0.0,0.0,KR,android,SamsungS23,1299,1,2.2.1
PZL_10021,S000489,2025-01-01T12:49:03Z,level_complete,5,1,none,0,2,4910,0.0,0.0,KR,android,SamsungS23,1022,1,2.1.0
PZL_10060,S000012,2025-01-01T13:01:31Z,level_start,5,25,none,0,2,5740,0.0,0.0,CA,android,Pixel8,692,0,2.2.0
PZL_10074,S000449,2025-01-01T14:11:38Z,booster_used,9,14,none,0,2,7488,0.0,0.0,CA,android,SamsungS23,297,19,2.2.1
PZL_10032,S000303,2025-01-01T14:21:18Z,booster_used,4,9,none,0,5,5296,0.0,0.0,JP,ios,iPhone14,1556,4,2.2.0
PZL_10065,S000210,2025-01-01T14:44:25Z,level_failed,4,0,none,0,1,4336,0.0,0.0,AU,ios,iPhoneSE,291,6,2.2.0
PZL_10060,S000726,2025-01-01T15:18:24Z,level_start,15,30,none,0,3,15000,0.0,0.0,CA,android,Pixel8,436,0,2.1.1
PZL_10060,S000176,2025-01-01T15:51:18Z,booster_used,7,18,none,0,1,10136,0.0,0.0,CA,android,Pixel8,637,0,2.1.1
PZL_10060,S000076,2025-01-01T15:58:51Z,level_complete,6,8,none,0,0,7566,0.0,0.0,CA,android,Pixel8,331,0,2.2.0
PZL_10060,S000464,2025-01-01T16:06:52Z,level_start,14,30,none,0,0,19768,0.0,0.0,CA,android,Pixel8,342,0,2.2.1
PZL_10001,S000644,2025-01-01T16:22:04Z,level_complete,10,10,none,0,3,11450,0.0,0.0,US,ios,iPhoneSE,1720,1,2.2.1
PZL_10060,S000106,2025-01-01T17:56:05Z,level_complete,7,12,none,0,4,8540,0.0,0.0,CA,android,Pixel8,1695,0,2.2.1
PZL_10060,S000094,2025-01-01T18:11:51Z,level_start,7,25,none,0,3,5859,0.0,0.0,CA,android,Pixel8,720,0,2.1.1
PZL_10054,S000509,2025-01-01T19:43:57Z,level_start,12,30,none,0,1,10800,0.0,0.0,UK,android,Pixel7,605,6,2.2.1
PZL_10060,S000695,2025-01-01T20:05:20Z,level_complete,15,12,none,0,3,18900,0.0,0.0,CA,android,Pixel8,1263,0,2.1.0
PZL_10060,S000007,2025-01-01T20:23:10Z,booster_used,1,10,none,0,0,1392,0.0,0.0,CA,android,Pixel8,758,0,2.2.1
PZL_10060,S000011,2025-01-01T21:46:37Z,level_complete,3,4,none,0,0,3255,0.0,0.0,CA,android,Pixel8,1043,0,2.1.1
PZL_10060,S000391,2025-01-01T21:53:38Z,level_start,8,25,none,0,2,8552,0.0,0.0,CA,android,Pixel8,1229,0,2.2.0
PZL_10027,S000689,2025-01-01T22:12:28Z,level_complete,5,5,none,0,3,6925,0.0,0.0,US,android,SamsungS23,441,7,2.2.0
PZL_10060,S000622,2025-01-01T22:18:46Z,ad_watched,15,16,none,0,1,21540,0.0,0.0039,CA,android,Pixel8,1534,0,2.1.0
PZL_10003,S000239,2025-01-02T08:21:58Z,booster_used,3,15,none,0,2,2580,0.99,0.0,FR,android,SamsungS23,1705,0,2.1.0
PZL_10003,S000381,2025-01-02T08:34:01Z,ad_watched,4,14,none,0,5,4992,0.0,0.0112,FR,android,SamsungS23,596,0,2.1.0
PZL_10036,S000017,2025-01-02T08:35:18Z,level_failed,2,0,none,0,0,1624,0.0,0.0,CA,android,SamsungS23,1295,0,2.2.0
PZL_10003,S000503,2025-01-02T09:00:00Z,ad_watched,5,14,none,0,3,4645,0.0,0.0039,FR,android,SamsungS23,1430,0,2.2.0
PZL_10026,S000173,2025-01-02T09:08:19Z,ad_watched,4,15,none,0,3,4548,0.0,0.0072,UK,android,OnePlus12,1001,0,2.1.1
PZL_10026,S000735,2025-01-02T10:32:07Z,level_complete,15,4,none,0,0,14805,0.0,0.0,UK,android,OnePlus12,1777,0,2.1.1
PZL_10003,S000146,2025-01-02T11:04:06Z,level_complete,2,11,none,0,0,2100,0.0,0.0,FR,android,SamsungS23,1636,0,2.1.0
PZL_10036,S000506,2025-01-02T11:07:50Z,level_failed,5,0,none,0,3,6545,0.0,0.0,CA,android,SamsungS23,481,0,2.1.1
PZL_10003,S000042,2025-01-02T12:00:36Z,lives_purchased,1,20,none,0,2,1035,2.99,0.0,FR,android,SamsungS23,1762,0,2.2.0
PZL_10011,S000089,2025-01-02T12:13:53Z,level_complete,5,12,none,0,3,4565,0.0,0.0,KR,android,OnePlus12,1709,0,2.2.0
PZL_10026,S000325,2025-01-02T13:22:08Z,level_start,7,25,none,0,1,7875,0.0,0.0,UK,android,OnePlus12,1115,0,2.2.1
PZL_10026,S000712,2025-01-02T13:58:15Z,level_start,12,30,none,0,0,13740,0.0,0.0,UK,android,OnePlus12,1800,0,2.1.1
PZL_10059,S000436,2025-01-02T15:05:38Z,level_start,9,25,none,0,4,12987,0.0,0.0,US,android,XiaomiRedmi,1261,6,2.1.1
PZL_10003,S000654,2025-01-02T16:37:43Z,level_start,6,25,none,0,1,6666,0.0,0.0,FR,android,SamsungS23,1283,0,2.2.1
PZL_10054,S000420,2025-01-02T17:09:27Z,lives_purchased,12,15,none,0,1,12132,0,0.0,UK,android,Pixel7,1456,7,2.1.1
PZL_10074,S000019,2025-01-02T18:03:09Z,booster_used,2,14,bomb,1,4,2952,0.0,0.0,CA,android,SamsungS23,1739,20,2.1.1
PZL_10029,S000048,2025-01-02T18:52:29Z,level_failed,6,0,none,0,0,5028,0.0,0.0,JP,android,XiaomiRedmi,743,1,2.2.1
PZL_10026,S000678,2025-01-02T18:58:12Z,level_complete,11,11,none,0,5,14058,0.0,0.0,UK,android,OnePlus12,1348,0,2.2.0
PZL_10011,S000350,2025-01-02T19:24:59Z,level_failed,20,0,none,0,5,28220,0.0,0.0,KR,android,OnePlus12,237,0,2.1.1
PZL_10036,S000514,2025-01-02T19:27:47Z,level_start,6,25,none,0,1,8430,0.0,0.0,CA,android,SamsungS23,425,0,2.1.0
PZL_10050,S000595,2025-01-02T19:38:16Z,level_start,8,25,none,0,2,8320,0.0,0.0,DE,ios,iPhone14Pro,1084,13,2.2.0
PZL_10003,S000052,2025-01-02T20:21:15Z,booster_used,2,11,extra_moves,1,4,2542,0.0,0.0,FR,android,SamsungS23,597,0,2.2.0
PZL_10030,S000343,2025-01-02T20:49:24Z,level_complete,13,12,none,0,5,18057,0.0,0.0,AU,android,Pixel7,320,15,2.2.1
PZL_10074,S000647,2025-01-02T20:49:45Z,level_complete,15,2,none,0,0,14955,0.0,0.0,CA,android,SamsungS23,1387,20,2.1.0
PZL_10026,S000341,2025-01-02T21:09:38Z,level_start,7,25,none,0,4,5873,0.0,0.0,UK,android,OnePlus12,1725,0,2.1.0
PZL_10026,S000724,2025-01-02T21:50:30Z,ad_watched,12,16,none,0,1,15384,0.0,0.0072,UK,android,OnePlus12,1154,0,2.2.1
PZL_10026,S000386,2025-01-02T22:03:55Z,ad_watched,8,12,none,0,2,6520,0.0,0.0033,UK,android,OnePlus12,685,0,2.1.0
PZL_10026,S000510,2025-01-02T22:14:04Z,level_complete,11,1,none,0,1,11231,0.0,0.0,UK,android,OnePlus12,1368,0,2.2.1
PZL_10042,S000521,2025-01-02T22:17:32Z,level_complete,11,2,none,0,3,14267,0.0,0.0,IN,ios,iPhone15,1146,11,2.1.0
PZL_10003,S000590,2025-01-02T22:35:41Z,lives_purchased,6,19,bomb,1,3,9092,1.99,0.0,FR,android,SamsungS23,1349,0,2.2.0
PZL_10037,S000565,2025-01-03T08:01:37Z,level_start,17,30,none,0,5,23749,0.0,0.0,DE,ios,iPhone15Pro,175,0,2.2.0
PZL_10059,S000460,2025-01-03T08:04:30Z,level_complete,9,8,none,0,2,10404,0.0,0.0,US,android,XiaomiRedmi,1357,7,2.1.1
PZL_10026,S000250,2025-01-03T08:13:10Z,ad_watched,6,20,none,0,2,7242,0.0,0.0076,UK,android,OnePlus12,1473,1,2.2.0
PZL_10038,S000611,2025-01-03T08:35:04Z,level_complete,14,9,none,0,0,17850,0.0,0.0,US,ios,iPhone15,1473,18,2.2.0
PZL_10021,S000528,2025-01-03T09:02:20Z,level_complete,5,6,none,0,4,4175,0.0,0.0,KR,android,SamsungS23,1483,3,2.2.0
PZL_10037,S000607,2025-01-03T09:19:31Z,level_failed,21,0,none,0,5,29757,0.0,0.0,DE,ios,iPhone15Pro,388,0,2.2.0
PZL_10021,S000021,2025-01-03T10:35:04Z,level_start,2,25,none,0,4,2562,0.0,0.0,KR,android,SamsungS23,716,3,2.1.0
PZL_10037,S000143,2025-01-03T10:49:08Z,level_complete,7,15,none,0,3,8288,0.0,0.0,DE,ios,iPhone15Pro,284,0,2.1.1
PZL_10026,S000103,2025-01-03T10:54:04Z,level_start,4,25,none,0,0,5992,0.0,0.0,UK,android,OnePlus12,774,1,2.2.0
PZL_10037,S000486,2025-01-03T11:02:01Z,level_start,14,30,none,0,1,19782,0.0,0.0,DE,ios,iPhone15Pro,1426,0,2.1.0
PZL_10006,S000682,2025-01-03T11:12:18Z,level_start,14,30,none,0,1,16058,0.0,0.0,JP,ios,iPhone14,1255,0,2.1.1
PZL_10006,S000006,2025-01-03T11:12:53Z,level_failed,1,0,none,0,3,1485,0.0,0.0,JP,ios,iPhone14,354,0,2.1.1
PZL_10006,S000596,2025-01-03T12:32:39Z,level_complete,11,7,none,0,1,15092,0.0,0.0,JP,ios,iPhone14,204,0,2.1.1
PZL_10042,S000175,2025-01-03T12:52:50Z,level_complete,5,15,none,0,4,6790,0.0,0.0,IN,ios,iPhone15,488,12,2.1.0
PZL_10037,S000061,2025-01-03T13:06:36Z,level_start,2,25,none,0,0,2316,0.0,0.0,DE,ios,iPhone15Pro,1259,0,2.2.0
PZL_10037,S000535,2025-01-03T13:19:28Z,level_start,14,30,none,0,5,17150,0.0,0.0,DE,ios,iPhone15Pro,1765,0,2.2.1
PZL_10037,S000593,2025-01-03T14:11:26Z,level_start,18,30,none,0,1,25776,0.0,0.0,DE,ios,iPhone15Pro,1043,0,2.1.1
PZL_10030,S000223,2025-01-03T14:44:57Z,level_complete,9,12,none,0,0,11853,0.0,0.0,AU,android,Pixel7,393,16,2.2.1
PZL_10029,S000138,2025-01-03T15:09:29Z,level_complete,8,9,none,0,4,11840,0.0,0.0,JP,android,XiaomiRedmi,567,2,2.1.1
PZL_10037,S000154,2025-01-03T15:34:41Z,level_complete,9,6,none,0,3,11493,0.0,0.0,DE,ios,iPhone15Pro,321,0,2.2.1
PZL_10027,S000537,2025-01-03T15:55:33Z,level_start,5,25,none,0,3,4450,0.0,0.0,US,android,SamsungS23,133,9,2.2.1
PZL_10037,S000402,2025-01-03T16:08:56Z,level_start,12,30,none,0,1,13464,0.0,0.0,DE,ios,iPhone15Pro,164,0,2.2.0
PZL_10001,S000142,2025-01-03T17:04:02Z,level_complete,4,2,none,0,0,3480,0.0,0.0,US,ios,iPhoneSE,1086,3,2.1.0
PZL_10037,S000374,2025-01-03T18:08:08Z,level_start,10,30,none,0,2,12870,0.0,0.0,DE,ios,iPhone15Pro,1076,0,2.2.0
PZL_10006,S000507,2025-01-03T18:23:18Z,level_complete,8,6,none,0,3,6752,0.0,0.0,JP,ios,iPhone14,333,0,2.1.0
PZL_10044,S000674,2025-01-03T18:50:01Z,level_complete,9,10,hammer,1,4,8321,0.0,0.0,IN,ios,iPhone14Pro,1334,20,2.1.1
PZL_10037,S000415,2025-01-03T20:44:39Z,level_start,14,30,none,0,0,12152,0.0,0.0,DE,ios,iPhone15Pro,915,0,2.2.0
PZL_10037,S000536,2025-01-03T20:46:57Z,level_failed,17,0,none,0,4,24004,0.0,0.0,DE,ios,iPhone15Pro,296,0,2.1.1
PZL_10006,S000656,2025-01-03T21:29:53Z,level_failed,13,0,none,0,0,16809,0.0,0.0,JP,ios,iPhone14,679,0,2.2.0
PZL_10001,S000664,2025-01-03T21:40:25Z,booster_used,10,20,none,0,1,14750,0.0,0.0,US,ios,iPhoneSE,1496,3,2.1.1
PZL_10037,S000096,2025-01-03T21:49:03Z,level_complete,4,13,none,0,3,5000,0.0,0.0,DE,ios,iPhone15Pro,911,0,2.2.0
PZL_10029,S000459,2025-01-03T21:57:39Z,lives_purchased,11,17,none,0,5,12518,0,0.0,JP,android,XiaomiRedmi,1735,2,2.2.0
PZL_10037,S000552,2025-01-03T22:48:34Z,ad_watched,17,8,none,0,4,21862,0.0,0.0061,DE,ios,iPhone15Pro,1327,0,2.1.1
PZL_10011,S000077,2025-01-04T08:15:45Z,ad_watched,4,10,rainbow,2,3,5584,0.0,0.0105,KR,android,OnePlus12,227,2,2.2.0
PZL_10073,S000009,2025-01-04T08:22:34Z,level_failed,4,0,rainbow,1,3,5704,0.0,0.0,UK,android,XiaomiRedmi,336,0,2.2.1
PZL_10024,S000681,2025-01-04T08:23:00Z,level_complete,13,9,none,0,2,16250,0.0,0.0,US,ios,iPhoneSE,518,0,2.2.0
PZL_10031,S000249,2025-01-04T08:25:36Z,level_start,14,30,none,0,3,12446,0.0,0.0,US,ios,iPhone15Pro,723,1,2.2.1
PZL_10069,S000160,2025-01-04T08:32:52Z,booster_used,6,10,none,0,0,8016,0.0,0.0,JP,android,SamsungS23,513,0,2.2.0
PZL_10016,S000229,2025-01-04T08:53:49Z,level_start,9,25,none,0,2,13005,0.0,0.0,US,ios,iPhone15,1440,0,2.1.0
PZL_10037,S000523,2025-01-04T09:10:17Z,level_failed,14,0,none,0,1,18662,0.0,0.0,DE,ios,iPhone15Pro,1404,1,2.1.0
PZL_10032,S000649,2025-01-04T09:51:34Z,level_complete,7,1,none,0,0,8036,0.0,0.0,JP,ios,iPhone14,1015,7,2.1.1
PZL_10073,S000163,2025-01-04T09:57:33Z,level_start,6,25,none,0,5,8280,0.0,0.0,UK,android,XiaomiRedmi,1093,0,2.2.0
PZL_10021,S000577,2025-01-04T10:01:16Z,level_failed,5,0,none,0,0,6485,0.0,0.0,KR,android,SamsungS23,1722,4,2.1.0
PZL_10004,S000643,2025-01-04T10:09:50Z,level_start,21,35,none,0,2,21420,0.0,0.0,AU,ios,iPhoneSE,494,0,2.2.1
PZL_10069,S000417,2025-01-04T10:12:32Z,level_complete,18,12,bomb,3,2,22038,0.0,0.0,JP,android,SamsungS23,1123,0,2.2.1
PZL_10019,S000057,2025-01-04T10:17:39Z,level_complete,5,10,none,0,3,6585,0.0,0.0,UK,android,SamsungS24,1359,0,2.2.1
PZL_10069,S000198,2025-01-04T11:27:52Z,level_complete,9,6,none,0,2,12240,0.0,0.0,JP,android,SamsungS23,1303,0,2.1.1
PZL_10004,S000737,2025-01-04T11:30:31Z,level_start,21,35,none,0,0,31101,0.0,0.0,AU,ios,iPhoneSE,1312,0,2.1.0
PZL_10073,S000424,2025-01-04T11:38:14Z,level_failed,13,0,none,0,5,16744,0.0,0.0,UK,android,XiaomiRedmi,394,0,2.2.1
PZL_10073,S000648,2025-01-04T11:48:30Z,level_start,22,35,none,0,1,18018,0.0,0.0,UK,android,XiaomiRedmi,683,0,2.1.1
PZL_10029,S000592,2025-01-04T11:55:52Z,level_complete,13,8,none,0,3,13143,0.0,0.0,JP,android,XiaomiRedmi,1348,3,2.1.1
PZL_10073,S000512,2025-01-04T12:08:07Z,level_complete,20,3,none,0,1,22040,0.0,0.0,UK,android,XiaomiRedmi,1356,0,2.1.1
PZL_10024,S000232,2025-01-04T12:28:56Z,level_start,10,30,none,0,1,14620,0.0,0.0,US,ios,iPhoneSE,724,0,2.2.1
PZL_10069,S000666,2025-01-04T12:43:35Z,level_start,19,30,none,0,5,27835,0.0,0.0,JP,android,SamsungS23,226,0,2.2.0
PZL_10073,S000220,2025-01-04T12:47:39Z,level_complete,9,10,none,0,1,12231,0.0,0.0,UK,android,XiaomiRedmi,1677,0,2.1.1
PZL_10004,S000167,2025-01-04T12:50:28Z,level_start,12,30,none,0,3,14904,0.0,0.0,AU,ios,iPhoneSE,500,0,2.2.1
PZL_10073,S000463,2025-01-04T13:34:44Z,level_start,14,30,none,0,5,19418,0.0,0.0,UK,android,XiaomiRedmi,1116,0,2.1.0
PZL_10004,S000038,2025-01-04T13:50:03Z,level_complete,3,7,extra_moves,2,4,5494,0.0,0.0,AU,ios,iPhoneSE,1743,0,2.1.1
PZL_10024,S000026,2025-01-04T14:40:52Z,ad_watched,4,20,none,0,2,4512,0.0,0.0104,US,ios,iPhoneSE,449,0,2.2.0
PZL_10016,S000203,2025-01-04T14:44:08Z,level_start,8,25,none,0,5,7232,0.0,0.0,US,ios,iPhone15,331,0,2.2.0
PZL_10024,S000291,2025-01-04T14:49:22Z,booster_used,10,9,none,0,3,9150,0.0,0.0,US,ios,iPhoneSE,1022,0,2.1.0
PZL_10016,S000231,2025-01-04T15:03:10Z,booster_used,12,17,none,0,3,17988,0.0,0.0,US,ios,iPhone15,844,0,2.1.1
PZL_10016,S000255,2025-01-04T15:11:10Z,booster_used,13,9,hammer,3,3,14578,0.0,0.0,US,ios,iPhone15,1404,0,2.1.1
PZL_10048,S000197,2025-01-04T15:20:37Z,booster_used,4,7,none,0,3,5800,0.0,0.0,CA,android,XiaomiRedmi,853,7,2.1.0
PZL_10027,S000569,2025-01-04T15:32:51Z,level_start,5,25,none,0,3,5030,0.0,0.0,US,android,SamsungS23,1137,10,2.1.0
PZL_10029,S000680,2025-01-04T15:39:13Z,level_complete,14,13,none,0,2,16576,0.0,0.0,JP,android,XiaomiRedmi,540,3,2.2.1
PZL_10016,S000068,2025-01-04T15:47:27Z,level_start,2,25,none,0,1,2624,0.0,0.0,US,ios,iPhone15,1264,0,2.2.0
PZL_10073,S000199,2025-01-04T15:50:21Z,level_start,8,25,none,0,3,6528,0.0,0.0,UK,android,XiaomiRedmi,374,0,2.1.1
PZL_10069,S000447,2025-01-04T15:50:52Z,ad_watched,19,6,none,0,2,26182,0.0,0.0111,JP,android,SamsungS23,766,0,2.1.0
PZL_10021,S000086,2025-01-04T15:57:32Z,booster_used,5,7,none,0,1,6305,0.0,0.0,KR,android,SamsungS23,174,4,2.2.1
PZL_10069,S000400,2025-01-04T15:59:22Z,level_complete,15,6,none,0,3,21720,0.0,0.0,JP,android,SamsungS23,1001,0,2.2.0
PZL_10029,S000354,2025-01-04T15:59:25Z,level_complete,8,7,none,0,4,6992,0.0,0.0,JP,android,XiaomiRedmi,1150,3,2.2.0
PZL_10021,S000030,2025-01-04T16:00:35Z,level_start,5,25,none,0,0,6360,0.0,0.0,KR,android,SamsungS23,360,4,2.1.1
PZL_10024,S000102,2025-01-04T16:24:58Z,level_complete,7,5,none,0,1,9982,0.0,0.0,US,ios,iPhoneSE,704,0,2.2.1
PZL_10024,S000472,2025-01-04T16:27:35Z,level_complete,13,4,none,0,4,10491,0.0,0.0,US,ios,iPhoneSE,1303,0,2.2.1
PZL_10016,S000542,2025-01-04T16:46:36Z,booster_used,18,10,none,0,1,20286,0.0,0.0,US,ios,iPhone15,1539,0,2.1.1
PZL_10031,S000516,2025-01-04T16:48:00Z,ad_watched,21,9,none,0,1,30723,0.0,0.015,US,ios,iPhone15Pro,152,1,2.2.1
PZL_10073,S000602,2025-01-04T17:13:37Z,level_complete,22,10,hammer,1,3,33346,0.0,0.0,UK,android,XiaomiRedmi,313,0,2.2.0
PZL_10029,S000043,2025-01-04T17:16:43Z,level_failed,2,0,none,0,5,1680,0.0,0.0,JP,android,XiaomiRedmi,752,3,2.2.1
PZL_10031,S000579,2025-01-04T17:47:32Z,level_complete,21,14,none,0,4,22197,0.0,0.0,US,ios,iPhone15Pro,1136,1,2.1.0
PZL_10042,S000394,2025-01-04T18:20:07Z,level_complete,8,2,bomb,1,0,8548,0.0,0.0,IN,ios,iPhone15,339,13,2.2.1
PZL_10024,S000609,2025-01-04T18:27:05Z,level_complete,13,8,none,0,5,12454,0.0,0.0,US,ios,iPhoneSE,1134,0,2.1.0
PZL_10073,S000074,2025-01-04T18:39:20Z,level_start,6,25,shuffle,3,2,7986,0.0,0.0,UK,android,XiaomiRedmi,1331,0,2.1.0
PZL_10004,S000603,2025-01-04T18:43:07Z,level_complete,20,15,none,0,2,19140,0.0,0.0,AU,ios,iPhoneSE,179,0,2.1.0
PZL_10016,S000540,2025-01-04T18:57:18Z,level_start,18,30,none,0,5,18900,0.0,0.0,US,ios,iPhone15,178,0,2.1.0
PZL_10006,S000164,2025-01-04T18:59:17Z,level_start,3,25,none,0,0,3036,0.0,0.0,JP,ios,iPhone14,1322,1,2.1.1
PZL_10024,S000134,2025-01-04T19:21:50Z,level_complete,9,13,none,0,4,13086,0.0,0.0,US,ios,iPhoneSE,950,0,2.2.1
PZL_10024,S000097,2025-01-04T19:31:23Z,booster_used,7,18,none,0,4,6888,0.0,0.0,US,ios,iPhoneSE,777,0,2.1.0
PZL_10004,S000064,2025-01-04T19:33:13Z,level_complete,6,6,rainbow,3,2,9786,0.0,0.0,AU,ios,iPhoneSE,1341,0,2.1.0
PZL_10011,S000474,2025-01-04T19:46:33Z,level_complete,22,2,none,0,4,19580,0.0,0.0,KR,android,OnePlus12,622,2,2.2.1
PZL_10024,S000651,2025-01-04T20:05:09Z,ad_watched,13,10,none,0,2,12805,0.0,0.0014,US,ios,iPhoneSE,239,0,2.2.0
PZL_10021,S000216,2025-01-04T20:06:57Z,level_start,5,25,none,0,0,4060,0.0,0.0,KR,android,SamsungS23,620,4,2.1.0
PZL_10069,S000226,2025-01-04T20:13:28Z,level_complete,11,14,none,0,1,12221,0.0,0.0,JP,android,SamsungS23,1563,0,2.1.0
PZL_10016,S000153,2025-01-04T20:30:58Z,level_failed,5,0,none,0,3,5225,0.0,0.0,US,ios,iPhone15,1250,0,2.2.0
PZL_10069,S000271,2025-01-04T20:30:58Z,level_complete,13,14,none,0,5,17823,0.0,0.0,JP,android,SamsungS23,490,0,2.2.0
PZL_10073,S000190,2025-01-04T20:48:14Z,level_start,8,25,none,0,2,7776,0.0,0.0,UK,android,XiaomiRedmi,1718,0,2.2.1
PZL_10073,S000191,2025-01-04T20:49:31Z,level_complete,8,5,none,0,2,10840,0.0,0.0,UK,android,XiaomiRedmi,1669,0,2.1.0
PZL_10031,S000580,2025-01-04T20:51:20Z,booster_used,21,17,none,0,5,21861,0.0,0.0,US,ios,iPhone15Pro,566,1,2.1.1
PZL_10027,S000448,2025-01-04T20:58:56Z,level_start,3,25,none,0,0,3441,0.0,0.0,US,android,SamsungS23,888,10,2.1.1
PZL_10016,S000487,2025-01-04T21:38:08Z,level_failed,16,0,none,0,4,15824,0.0,0.0,US,ios,iPhone15,347,0,2.1.1
PZL_10004,S000207,2025-01-04T21:42:56Z,level_start,14,30,none,0,1,16814,0.0,0.0,AU,ios,iPhoneSE,725,0,2.1.0
PZL_10004,S000315,2025-01-04T21:49:23Z,level_complete,17,5,none,0,1,19176,0.0,0.0,AU,ios,iPhoneSE,1172,0,2.1.0
PZL_10024,S000132,2025-01-04T21:59:18Z,level_start,7,25,none,0,0,8001,0.0,0.0,US,ios,iPhoneSE,702,0,2.2.1
PZL_10050,S000333,2025-01-04T22:29:56Z,level_start,6,25,none,0,0,7998,0.0,0.0,DE,ios,iPhone14Pro,1417,15,2.2.0
PZL_10069,S000128,2025-01-04T22:35:44Z,level_start,3,25,none,0,4,3135,0.0,0.0,JP,android,SamsungS23,616,0,2.1.0
PZL_10073,S000467,2025-01-04T22:43:19Z,level_failed,17,0,none,0,0,23732,0.0,0.0,UK,android,XiaomiRedmi,136,0,2.2.1
PZL_10073,S000531,2025-01-04T22:59:28Z,level_failed,22,0,none,0,0,20724,0.0,0.0,UK,android,XiaomiRedmi,1508,0,2.1.0
PZL_10036,S000533,2025-01-05T08:05:34Z,level_failed,6,0,none,0,4,7218,0.0,0.0,CA,android,SamsungS23,518,3,2.2.1
PZL_10043,S000438,2025-01-05T08:06:26Z,level_start,15,30,none,0,5,21135,0.0,0.0,FR,ios,iPhoneSE,1292,0,2.1.1
PZL_10022,S000280,2025-01-05T08:14:14Z,level_start,8,25,extra_moves,1,0,9900,0.0,0.0,DE,android,SamsungS24,1576,6,2.1.0
PZL_10019,S000088,2025-01-05T08:18:58Z,level_failed,8,0,none,0,5,10240,0.0,0.0,UK,android,SamsungS24,1038,1,2.1.0
PZL_10043,S000179,2025-01-05T09:00:06Z,level_start,3,25,none,0,4,4182,0.0,0.0,FR,ios,iPhoneSE,1528,0,2.1.1
PZL_10043,S000318,2025-01-05T09:04:03Z,booster_used,13,7,none,0,1,13832,0.0,0.0,FR,ios,iPhoneSE,1043,0,2.2.1
PZL_10053,S000642,2025-01-05T09:23:36Z,level_start,16,30,rainbow,2,2,18760,0.0,0.0,FR,android,Pixel8,722,0,2.2.1
PZL_10016,S000118,2025-01-05T09:25:23Z,level_complete,4,6,none,0,1,5664,0.0,0.0,US,ios,iPhone15,1162,1,2.2.1
PZL_10011,S000372,2025-01-05T10:25:06Z,level_start,20,35,none,0,4,17100,0.0,0.0,KR,android,OnePlus12,173,3,2.2.1
PZL_10048,S000502,2025-01-05T10:28:15Z,level_start,11,30,none,0,5,15697,0.0,0.0,CA,android,XiaomiRedmi,890,8,2.1.1
PZL_10069,S000508,2025-01-05T10:50:01Z,level_complete,19,2,none,0,5,23845,0.0,0.0,JP,android,SamsungS23,1333,1,2.2.0
PZL_10043,S000259,2025-01-05T11:03:47Z,ad_watched,9,16,rainbow,2,2,12727,0.0,0.013,FR,ios,iPhoneSE,1522,0,2.1.0
PZL_10043,S000670,2025-01-05T11:06:30Z,ad_watched,19,6,none,0,4,19798,0.0,0.0142,FR,ios,iPhoneSE,1708,0,2.2.1
PZL_10029,S000324,2025-01-05T11:07:11Z,booster_used,8,19,none,0,0,8776,0.0,0.0,JP,android,XiaomiRedmi,633,4,2.1.0
PZL_10024,S000380,2025-01-05T12:07:40Z,level_failed,13,0,none,0,4,16939,0.0,0.0,US,ios,iPhoneSE,504,1,2.2.0
PZL_10069,S000570,2025-01-05T12:16:03Z,ad_watched,19,17,none,0,4,16986,0.0,0.011,JP,android,SamsungS23,1304,1,2.1.0
PZL_10012,S000169,2025-01-05T12:28:23Z,level_start,6,25,none,0,3,7554,0.0,0.0,DE,android,Pixel8,1260,0,2.2.1
PZL_10043,S000273,2025-01-05T12:37:18Z,booster_used,12,20,extra_moves,3,4,11964,0.0,0.0,FR,ios,iPhoneSE,518,0,2.1.0
PZL_10069,S000194,2025-01-05T13:45:18Z,level_complete,8,14,none,0,5,7176,0.0,0.0,JP,android,SamsungS23,397,1,2.2.1
PZL_10024,S000081,2025-01-05T13:49:31Z,level_start,5,25,none,0,0,5510,0.0,0.0,US,ios,iPhoneSE,1734,1,2.1.0
PZL_10043,S000183,2025-01-05T14:29:14Z,level_failed,6,0,shuffle,2,0,9568,0.0,0.0,FR,ios,iPhoneSE,524,0,2.2.1
PZL_10011,S000339,2025-01-05T15:38:30Z,level_start,17,30,none,0,4,16082,0.0,0.0,KR,android,OnePlus12,1747,3,2.1.1
PZL_10022,S000245,2025-01-05T15:56:24Z,level_complete,7,2,none,0,4,10262,0.0,0.0,DE,android,SamsungS24,1672,6,2.1.1
PZL_10043,S000444,2025-01-05T16:51:40Z,level_start,16,30,none,0,2,16960,0.0,0.0,FR,ios,iPhoneSE,1738,0,2.1.0
PZL_10043,S000326,2025-01-05T18:19:44Z,level_complete,14,6,none,0,3,13608,0.0,0.0,FR,ios,iPhoneSE,129,0,2.2.0
PZL_10059,S000555,2025-01-05T19:19:43Z,level_start,16,30,none,0,3,15888,0.0,0.0,US,android,XiaomiRedmi,262,9,2.2.1
PZL_10069,S000498,2025-01-05T19:37:14Z,level_start,19,30,none,0,5,15561,0.0,0.0,JP,android,SamsungS23,1085,1,2.1.0
PZL_10011,S000211,2025-01-05T20:09:34Z,level_complete,11,11,none,0,5,16467,0.0,0.0,KR,android,OnePlus12,1437,3,2.1.0
PZL_10019,S000685,2025-01-05T20:12:12Z,level_failed,13,0,none,0,3,18863,0.0,0.0,UK,android,SamsungS24,620,1,2.1.0
PZL_10031,S000331,2025-01-05T20:32:08Z,level_start,20,35,none,0,4,29500,0.0,0.0,US,ios,iPhone15Pro,419,2,2.2.1
PZL_10036,S000276,2025-01-05T20:49:10Z,level_complete,3,13,none,0,1,4287,0.0,0.0,CA,android,SamsungS23,1008,3,2.2.1
PZL_10016,S000558,2025-01-05T21:27:46Z,level_complete,18,12,none,0,4,19422,0.0,0.0,US,ios,iPhone15,1668,1,2.2.1
PZL_10004,S000100,2025-01-05T21:38:43Z,level_start,9,25,rainbow,2,3,13420,0.0,0.0,AU,ios,iPhoneSE,186,1,2.1.1
PZL_10043,S000383,2025-01-05T21:48:09Z,level_complete,14,7,shuffle,1,1,15284,0.0,0.0,FR,ios,iPhoneSE,1793,0,2.2.1
PZL_10073,S000238,2025-01-05T21:51:56Z,level_complete,12,3,none,0,0,10284,0.0,0.0,UK,android,XiaomiRedmi,596,1,2.1.1
PZL_10043,S000453,2025-01-05T22:02:06Z,level_start,18,30,none,0,5,18252,0.0,0.0,FR,ios,iPhoneSE,777,0,2.1.1
PZL_10048,S000051,2025-01-05T22:41:22Z,level_complete,4,4,none,0,3,3572,0.0,0.0,CA,android,XiaomiRedmi,1477,8,2.1.1
PZL_10004,S000745,2025-01-05T22:59:20Z,booster_used,21,12,none,0,5,27027,0.0,0.0,AU,ios,iPhoneSE,1493,1,2.1.0
PZL_10059,S000056,2025-01-06T08:03:30Z,level_complete,4,2,none,0,3,3500,0.0,0.0,US,android,XiaomiRedmi,285,10,2.2.0
PZL_10019,S000127,2025-01-06T08:18:45Z,level_complete,8,8,none,0,5,10320,0.0,0.0,UK,android,SamsungS24,558,2,2.1.1
PZL_10036,S000478,2025-01-06T08:47:07Z,lives_purchased,4,9,none,0,2,3916,0,0.0,CA,android,SamsungS23,655,4,2.1.1
PZL_10022,S000744,2025-01-06T09:30:42Z,level_start,11,30,none,0,5,9801,0.0,0.0,DE,android,SamsungS24,336,7,2.2.1
PZL_10012,S000699,2025-01-06T09:43:35Z,level_start,11,30,none,0,3,9097,0.0,0.0,DE,android,Pixel8,502,1,2.1.1
PZL_10012,S000616,2025-01-06T10:00:12Z,booster_used,10,11,none,0,1,12920,0.0,0.0,DE,android,Pixel8,1450,1,2.1.1
PZL_10019,S000181,2025-01-06T12:21:29Z,level_complete,9,6,none,0,3,11367,0.0,0.0,UK,android,SamsungS24,773,2,2.1.0
PZL_10019,S000527,2025-01-06T12:29:10Z,level_failed,13,0,none,0,1,19266,0.0,0.0,UK,android,SamsungS24,1747,2,2.1.1
PZL_10031,S000150,2025-01-06T12:54:45Z,booster_used,6,6,none,0,3,8220,0.0,0.0,US,ios,iPhone15Pro,915,3,2.1.1
PZL_10022,S000205,2025-01-06T13:46:13Z,lives_purchased,5,19,none,0,0,4510,0,0.0,DE,android,SamsungS24,406,7,2.1.0
PZL_10027,S000714,2025-01-06T14:07:14Z,level_start,5,25,none,0,0,6055,0.0,0.0,US,android,SamsungS23,1459,12,2.2.0
PZL_10006,S000067,2025-01-06T14:38:03Z,level_start,1,25,none,0,1,1061,0.0,0.0,JP,ios,iPhone14,712,3,2.2.0
PZL_10031,S000401,2025-01-06T14:49:35Z,level_complete,21,8,none,0,3,16800,0.0,0.0,US,ios,iPhone15Pro,1607,3,2.1.0
PZL_10031,S000462,2025-01-06T16:10:30Z,level_start,21,35,none,0,5,29505,0.0,0.0,US,ios,iPhone15Pro,1002,3,2.2.1
PZL_10050,S000189,2025-01-06T16:41:31Z,level_failed,5,0,none,0,3,6500,0.0,0.0,DE,ios,iPhone14Pro,462,17,2.1.0
PZL_10021,S000120,2025-01-06T17:47:53Z,level_complete,5,9,none,0,4,6505,0.0,0.0,KR,android,SamsungS23,1571,6,2.2.0
PZL_10021,S000349,2025-01-06T18:00:51Z,booster_used,5,20,none,0,3,4450,0.0,0.0,KR,android,SamsungS23,574,6,2.2.0
PZL_10048,S000594,2025-01-06T18:41:29Z,level_start,11,30,none,0,2,13277,0.0,0.0,CA,android,XiaomiRedmi,1526,9,2.1.1
PZL_10042,S000465,2025-01-06T18:42:03Z,level_start,8,25,none,0,4,11608,0.0,0.0,IN,ios,iPhone15,1778,15,2.1.0
PZL_10043,S000080,2025-01-06T18:44:53Z,level_failed,1,0,none,0,2,818,0.0,0.0,FR,ios,iPhoneSE,862,1,2.2.0
PZL_10043,S000717,2025-01-06T18:48:56Z,ad_watched,21,20,hammer,3,4,27939,0.0,0.0064,FR,ios,iPhoneSE,1431,1,2.1.1
PZL_10011,S000168,2025-01-06T20:15:45Z,level_start,9,25,bomb,3,3,11616,0.0,0.0,KR,android,OnePlus12,858,4,2.1.0
PZL_10031,S000193,2025-01-06T20:47:37Z,booster_used,8,18,bomb,1,1,7380,0.0,0.0,US,ios,iPhone15Pro,1210,3,2.2.0
PZL_10011,S000692,2025-01-06T21:32:32Z,booster_used,24,12,hammer,2,0,33616,0.0,0.0,KR,android,OnePlus12,522,4,2.2.0
PZL_10006,S000095,2025-01-06T22:02:20Z,level_complete,3,14,none,0,2,2511,0.0,0.0,JP,ios,iPhone14,1662,3,2.1.1
PZL_10006,S000705,2025-01-06T22:55:10Z,lives_purchased,16,14,none,0,0,16352,0,0.0,JP,ios,iPhone14,1130,3,2.2.1
PZL_10011,S000166,2025-01-07T08:06:27Z,booster_used,9,15,none,0,4,12681,0.0,0.0,KR,android,OnePlus12,1704,5,2.2.0
PZL_10031,S000090,2025-01-07T09:03:15Z,level_failed,4,0,none,0,0,3652,0.0,0.0,US,ios,iPhone15Pro,1143,4,2.1.0
PZL_10021,S000246,2025-01-07T09:51:54Z,level_complete,5,6,none,0,0,4375,0.0,0.0,KR,android,SamsungS23,820,7,2.1.1
PZL_10012,S000313,2025-01-07T11:56:13Z,level_complete,10,5,none,0,4,13430,0.0,0.0,DE,android,Pixel8,1092,2,2.1.0
PZL_10006,S000279,2025-01-07T12:29:46Z,level_complete,5,11,none,0,2,6505,0.0,0.0,JP,ios,iPhone14,855,4,2.1.1
PZL_10029,S000408,2025-01-07T12:50:25Z,level_start,9,25,none,0,4,7650,0.0,0.0,JP,android,XiaomiRedmi,1242,6,2.2.1
PZL_10031,S000473,2025-01-07T14:59:34Z,level_start,21,35,shuffle,3,2,20715,0.0,0.0,US,ios,iPhone15Pro,1308,4,2.2.1
PZL_10053,S000431,2025-01-07T15:01:11Z,level_complete,16,12,none,0,3,14272,0.0,0.0,FR,android,Pixel8,632,2,2.2.0
PZL_10042,S000140,2025-01-07T15:07:43Z,level_failed,2,0,none,0,4,2512,0.0,0.0,IN,ios,iPhone15,1776,16,2.1.0
PZL_10044,S000356,2025-01-07T15:43:29Z,level_complete,3,5,bomb,3,5,4605,0.0,0.0,IN,ios,iPhone14Pro,1758,24,2.2.0
PZL_10053,S000357,2025-01-07T16:34:00Z,level_start,14,30,rainbow,1,4,14248,0.0,0.0,FR,android,Pixel8,1095,2,2.2.0
PZL_10059,S000439,2025-01-07T17:23:59Z,level_start,9,25,none,0,2,10692,0.0,0.0,US,android,XiaomiRedmi,1799,11,2.1.0
PZL_10011,S000098,2025-01-07T18:18:19Z,level_failed,8,0,none,0,5,10032,0.0,0.0,KR,android,OnePlus12,839,5,2.2.1
PZL_10031,S000308,2025-01-07T19:42:03Z,level_complete,17,13,none,0,2,23205,0.0,0.0,US,ios,iPhone15Pro,230,4,2.1.0
PZL_10048,S000047,2025-01-07T19:43:16Z,booster_used,4,16,none,0,1,5128,0.0,0.0,CA,android,XiaomiRedmi,1269,10,2.2.0
PZL_10011,S000519,2025-01-07T19:59:03Z,lives_purchased,24,8,shuffle,3,0,29676,1.99,0.0,KR,android,OnePlus12,478,5,2.1.0
PZL_10029,S000046,2025-01-07T21:51:35Z,level_start,4,25,none,0,2,5396,0.0,0.0,JP,android,XiaomiRedmi,373,6,2.2.1
PZL_10031,S000148,2025-01-07T22:09:42Z,level_complete,5,5,extra_moves,3,1,8705,0.0,0.0,US,ios,iPhone15Pro,1510,4,2.2.1
PZL_10040,S000456,2025-01-07T22:21:34Z,level_start,7,25,hammer,1,3,6485,0.0,0.0,UK,android,SamsungS23,296,19,2.2.1
PZL_10005,S000562,2025-01-07T22:58:07Z,level_complete,4,14,none,0,3,3344,0.0,0.0,DE,ios,iPhone15Pro,187,3,2.1.1
PZL_10001,S000360,2025-01-08T08:54:30Z,level_failed,8,0,none,0,4,8648,0.0,0.0,US,ios,iPhoneSE,1125,8,2.1.1
PZL_10053,S000423,2025-01-08T12:28:47Z,level_start,16,30,bomb,1,0,23316,0.0,0.0,FR,android,Pixel8,1383,3,2.2.0
PZL_10005,S000044,2025-01-08T13:46:08Z,lives_purchased,1,15,none,0,1,1005,0.99,0.0,DE,ios,iPhone15Pro,1730,4,2.2.0
PZL_10012,S000162,2025-01-08T14:24:35Z,level_start,4,25,bomb,1,3,5476,0.0,0.0,DE,android,Pixel8,1440,3,2.2.0
PZL_10031,S000450,2025-01-08T15:53:19Z,level_complete,21,3,hammer,1,0,26834,0.0,0.0,US,ios,iPhone15Pro,1156,5,2.1.0
PZL_10022,S000513,2025-01-08T16:54:14Z,level_complete,8,9,none,0,1,11240,0.0,0.0,DE,android,SamsungS24,1089,9,2.2.1
PZL_10040,S000728,2025-01-08T17:04:26Z,ad_watched,7,8,none,0,4,6762,0.0,0.0037,UK,android,SamsungS23,1013,20,2.2.0
PZL_10006,S000099,2025-01-08T17:27:17Z,level_start,3,25,none,0,2,3975,0.0,0.0,JP,ios,iPhone14,1760,5,2.1.1
PZL_10012,S000342,2025-01-08T18:08:57Z,lives_purchased,10,18,none,0,2,8440,0,0.0,DE,android,Pixel8,1548,3,2.2.1
PZL_10019,S000196,2025-01-08T18:17:40Z,level_complete,12,2,none,0,0,14544,0.0,0.0,UK,android,SamsungS24,1175,4,2.2.0
PZL_10006,S000742,2025-01-08T18:28:14Z,level_complete,16,10,none,0,2,19808,0.0,0.0,JP,ios,iPhone14,1095,5,2.1.0
PZL_10005,S000123,2025-01-08T19:07:12Z,level_complete,1,7,bomb,2,4,2426,0.0,0.0,DE,ios,iPhone15Pro,1085,4,2.1.0
PZL_10028,S000227,2025-01-08T21:20:09Z,level_failed,4,0,none,0,3,5300,0.0,0.0,CA,ios,iPhone15,220,26,2.2.0
PZL_10022,S000352,2025-01-09T08:23:15Z,ad_watched,8,7,none,0,3,9288,0.0,0.0104,DE,android,SamsungS24,950,10,2.1.1
PZL_10036,S000541,2025-01-09T09:38:47Z,level_complete,6,10,none,0,2,8658,0.0,0.0,CA,android,SamsungS23,1524,7,2.2.1
PZL_10012,S000286,2025-01-09T09:46:46Z,lives_purchased,8,12,none,0,2,8560,0,0.0,DE,android,Pixel8,1070,4,2.1.0
PZL_10019,S000466,2025-01-09T10:28:34Z,level_complete,13,10,none,0,1,19461,0.0,0.0,UK,android,SamsungS24,768,5,2.2.0
PZL_10002,S000288,2025-01-09T10:42:41Z,level_complete,2,15,none,0,4,2148,0.0,0.0,BR,android,SamsungS24,1621,27,2.1.0
PZL_10019,S000548,2025-01-09T11:19:08Z,level_start,13,30,none,0,5,11882,0.0,0.0,UK,android,SamsungS24,279,5,2.1.0
PZL_10027,S000285,2025-01-09T13:15:00Z,level_failed,1,0,none,0,4,1485,0.0,0.0,US,android,SamsungS23,1131,15,2.1.1
PZL_10001,S000242,2025-01-09T14:54:49Z,level_start,4,25,none,0,4,4104,0.0,0.0,US,ios,iPhoneSE,1429,9,2.1.0
PZL_10053,S000233,2025-01-09T15:03:05Z,level_complete,9,7,extra_moves,1,5,12704,0.0,0.0,FR,android,Pixel8,1747,4,2.1.0
PZL_10011,S000295,2025-01-09T15:51:36Z,level_start,14,30,none,0,2,12894,0.0,0.0,KR,android,OnePlus12,1138,7,2.1.0
PZL_10011,S000139,2025-01-09T16:45:23Z,lives_purchased,8,8,extra_moves,3,1,12588,2.99,0.0,KR,android,OnePlus12,426,7,2.1.1
PZL_10031,S000469,2025-01-09T19:37:25Z,level_failed,21,0,none,0,3,28518,0.0,0.0,US,ios,iPhone15Pro,552,6,2.1.1
PZL_10059,S000604,2025-01-09T19:42:30Z,level_failed,19,0,none,0,5,15295,0.0,0.0,US,android,XiaomiRedmi,794,13,2.1.0
PZL_10040,S000213,2025-01-09T19:42:47Z,level_start,5,25,none,0,5,4055,0.0,0.0,UK,android,SamsungS23,455,21,2.2.1
PZL_10059,S000300,2025-01-09T20:12:45Z,level_start,6,25,none,0,5,8928,0.0,0.0,US,android,XiaomiRedmi,1325,13,2.1.0
PZL_10053,S000347,2025-01-09T20:35:30Z,level_complete,12,9,none,0,2,16692,0.0,0.0,FR,android,Pixel8,825,4,2.2.1
PZL_10019,S000471,2025-01-09T22:31:42Z,ad_watched,13,9,none,0,5,15925,0.0,0.013,UK,android,SamsungS24,1735,5,2.2.1
PZL_10005,S000632,2025-01-09T22:41:09Z,ad_watched,4,14,none,0,5,5464,0.0,0.0132,DE,ios,iPhone15Pro,1597,5,2.2.0
PZL_10001,S000518,2025-01-10T09:24:57Z,level_complete,10,5,none,0,2,14270,0.0,0.0,US,ios,iPhoneSE,1230,10,2.1.1
PZL_10059,S000427,2025-01-10T11:27:25Z,level_failed,9,0,none,0,5,10080,0.0,0.0,US,android,XiaomiRedmi,927,14,2.1.0
PZL_10050,S000385,2025-01-10T12:59:20Z,level_failed,7,0,extra_moves,3,0,8913,0.0,0.0,DE,ios,iPhone14Pro,1105,21,2.2.0
PZL_10059,S000530,2025-01-10T13:09:00Z,level_failed,13,0,none,0,2,18031,0.0,0.0,US,android,XiaomiRedmi,1485,14,2.1.1
PZL_10048,S000289,2025-01-10T13:11:07Z,level_complete,8,8,none,0,3,10312,0.0,0.0,CA,android,XiaomiRedmi,1758,13,2.2.1
PZL_10005,S000730,2025-01-10T13:40:45Z,level_failed,4,0,none,0,2,5676,0.0,0.0,DE,ios,iPhone15Pro,1052,6,2.1.1
PZL_10031,S000208,2025-01-10T14:07:15Z,level_failed,11,0,hammer,2,2,11285,0.0,0.0,US,ios,iPhone15Pro,912,7,2.2.1
PZL_10040,S000212,2025-01-10T14:46:54Z,level_start,4,25,none,0,3,3672,0.0,0.0,UK,android,SamsungS23,1048,22,2.1.0
PZL_10053,S000027,2025-01-10T15:18:42Z,booster_used,4,6,none,0,2,4232,0.0,0.0,FR,android,Pixel8,1702,5,2.2.1
PZL_10053,S000261,2025-01-10T15:48:33Z,booster_used,11,10,extra_moves,2,1,15696,0.0,0.0,FR,android,Pixel8,179,5,2.1.1
PZL_10012,S000251,2025-01-10T16:24:11Z,lives_purchased,8,16,none,0,0,8552,0,0.0,DE,android,Pixel8,1020,5,2.2.1
PZL_10012,S000131,2025-01-10T17:14:34Z,lives_purchased,1,10,none,0,1,837,0,0.0,DE,android,Pixel8,933,5,2.2.1
PZL_10012,S000388,2025-01-10T17:21:59Z,level_start,10,30,none,0,5,13490,0.0,0.0,DE,android,Pixel8,1740,5,2.1.0
PZL_10001,S000278,2025-01-10T19:15:14Z,level_complete,6,2,none,0,4,6678,0.0,0.0,US,ios,iPhoneSE,462,10,2.1.0
PZL_10006,S000390,2025-01-10T19:28:35Z,level_complete,7,8,none,0,1,9492,0.0,0.0,JP,ios,iPhone14,832,7,2.2.0
PZL_10040,S000266,2025-01-10T19:41:17Z,lives_purchased,7,16,none,0,1,8939,0,0.0,UK,android,SamsungS23,738,22,2.2.1
PZL_10053,S000733,2025-01-10T21:05:06Z,booster_used,16,13,none,0,5,19312,0.0,0.0,FR,android,Pixel8,133,5,2.1.1
PZL_10019,S000053,2025-01-10T22:38:00Z,booster_used,3,9,none,0,4,3168,0.0,0.0,UK,android,SamsungS24,345,6,2.1.0
PZL_10053,S000130,2025-01-10T22:56:56Z,level_complete,7,4,none,0,2,7896,0.0,0.0,FR,android,Pixel8,704,5,2.1.0
